id,name,host_id,host_name,host_is_superhost,host_listings_count,host_identity_verified,neighbourhood_cleansed,neighbourhood_group_cleansed,latitude,longitude,property_type,room_type,accommodates,bathrooms,bedrooms,beds,price,minimum_nights,maximum_nights,availability_30,availability_60,availability_90,availability_365,number_of_reviews,number_of_reviews_ltm,first_review,last_review,review_scores_rating,review_scores_accuracy,review_scores_cleanliness,review_scores_checkin,review_scores_communication,review_scores_location,review_scores_value,reviews_per_month,estimated_occupancy_l365d,estimated_revenue_l365d,calculated_host_listings_count,has_reviews,price_per_person,amenity_count,price_outlier
294281,5 mins walk from Newton subway,1521514,Elizbeth,FALSE,7,TRUE,Newton,Central Region,1.31142,103.83924,Private room in rental unit,Private room,2,1,2,2,31.71,92,1125,29,59,89,364,131,0,28-01-2012,21-01-2020,4.43,4.33,4.16,4.5,4.66,4.52,4.39,0.75,0,0,7,TRUE,15.855,23,FALSE
344803,Budget short stay room near  EXPO,367042,Belinda,FALSE,6,TRUE,Tampines,East Region,1.34917,103.9609,Private room in home,Private room,1,1,1,1,14.66,92,1125,29,59,89,364,60,0,13-03-2012,01-08-2023,4.6,4.59,4.46,4.76,4.58,4.66,4.44,0.34,0,0,5,TRUE,14.66,45,FALSE
369145,5 mins walk from Newton MRT,1521514,Elizbeth,FALSE,7,TRUE,Newton,Central Region,1.31129,103.83788,Private room in townhouse,Private room,2,1,2,2,26.24,92,1125,29,59,89,364,163,0,12-04-2012,10-01-2020,4.39,4.31,4.12,4.65,4.67,4.6,4.32,0.94,0,0,7,TRUE,13.12,19,FALSE
468782,Lovely Ensuite Room in Serangoon,2327208,Jerome,FALSE,2,TRUE,Serangoon,North-East Region,1.36288,103.86575,Private room in home,Private room,2,1,1,2,17.67,92,180,29,59,89,364,83,0,22-05-2012,27-04-2025,4.7,4.63,4.49,4.83,4.88,4.57,4.6,0.48,0,0,1,TRUE,8.835,8,FALSE
747813,Fantastic Serviced Apartment in the Singapore CBD,3926646,Paul,FALSE,4,TRUE,Downtown Core,Central Region,1.27663,103.84498,Private room in condo,Private room,4,1,1,4,46.23,92,1123,22,52,82,357,68,0,10-11-2012,27-02-2019,4.63,4.67,4.57,4.7,4.82,4.91,4.5,0.41,0,0,4,TRUE,11.5575,29,FALSE
747816,Fantastic Serviced Apartment in the Singapore CBD,3926646,Paul,FALSE,4,TRUE,Downtown Core,Central Region,1.27585,103.84597,Private room in condo,Private room,4,1,1,4,45.89,92,1124,29,59,89,364,25,0,11-11-2012,14-09-2018,4.56,4.44,4.32,4.76,4.88,4.96,4.28,0.15,0,0,4,TRUE,11.4725,30,FALSE
863139,EnsuiteK w Balcony view/access/chill,2413412,Kaurus,FALSE,91,TRUE,Kallang,Central Region,1.30775,103.86162,Private room in rental unit,Private room,1,1,1,1,18.96,92,365,29,59,89,364,2,0,17-12-2016,27-12-2016,5,5,4.5,5,5,5,5,0.02,0,0,91,TRUE,18.96,30,FALSE
904378,Spring ‘27 for 3 Months with Chef/Maid,4837194,Landy,FALSE,1,TRUE,River Valley,Central Region,1.30046,103.82786,Entire condo,Entire home/apt,2,1,1,2,83.37,92,92,22,52,82,357,34,0,01-12-2014,10-01-2016,4.71,4.63,4.79,4.7,4.94,4.76,4.55,0.24,0,0,1,TRUE,41.685,69,FALSE
962594,EnsuiteC w Balcony view/access/chill,2413412,Kaurus,FALSE,91,TRUE,Kallang,Central Region,1.30663,103.86243,Private room in rental unit,Private room,1,1,1,1,23.4,92,365,0,30,60,335,2,0,12-08-2018,15-12-2018,5,4.5,4,5,5,5,4,0.02,0,0,91,TRUE,23.4,30,FALSE
982909,Amazing Sunset Home @Central Area,4723385,Yuan,FALSE,1,TRUE,Novena,Central Region,1.33389,103.83454,Private room in condo,Private room,1,1,1,1,31.71,92,180,0,0,0,180,247,0,05-04-2013,01-07-2024,4.87,4.92,4.91,4.94,4.92,4.78,4.81,1.53,0,0,1,TRUE,31.71,57,FALSE
1024986,Super Host Apartment,5643415,Taffy,FALSE,1,TRUE,River Valley,Central Region,1.29245,103.83742,Entire condo,Entire home/apt,2,1,1,2,61.89,92,1125,29,59,89,364,258,0,31-10-2013,14-01-2022,4.84,4.89,4.78,4.93,4.95,4.84,4.73,1.67,0,0,1,TRUE,30.945,43,FALSE
1160252,★★★LOVELY SINGLE ROOM 30 MINS TO ORCHARD ROAD★★★,2803932,Mariel,FALSE,2,TRUE,Serangoon,North-East Region,1.36207,103.8643,Private room in home,Private room,1,1,1,1,23.97,92,1125,29,59,89,364,43,0,13-06-2013,10-05-2018,4.63,4.63,4.39,4.68,4.76,4.52,4.54,0.27,0,0,1,TRUE,23.97,7,FALSE
1242205,Large 3brm Heritage Shophouse,3589987,Sheryl,FALSE,1,TRUE,Marine Parade,Central Region,1.30907,103.9018,Entire townhouse,Entire home/apt,6,1,3,6,176.1,92,1125,0,0,0,181,8,0,02-08-2013,22-06-2019,4.75,4.88,4.63,4.5,4.88,4.63,4.63,0.05,0,0,1,TRUE,29.349999999999998,27,FALSE
1363204,Chinatown at your door: Master Rm* attach bathroom,2413412,Kaurus,FALSE,91,TRUE,Outram,Central Region,1.28386,103.84238,Private room in rental unit,Private room,1,1,1,1,21.75,92,1125,0,30,60,335,3,0,15-09-2013,14-10-2016,4,4.33,3,4.67,4.67,5,4.33,0.02,0,0,91,TRUE,21.75,28,FALSE
1495386,Private room with balcony nr beach,7993224,Violet,FALSE,1,TRUE,Pasir Ris,East Region,1.37975,103.94375,Private room in earthen home,Private room,2,1,1,2,24.63,92,1125,29,59,89,364,10,0,29-11-2013,24-11-2021,4.7,4.7,4.9,4.8,5,4.3,4.6,0.07,0,0,1,TRUE,12.315,34,FALSE
1581224,Life Impact Coaching,8408341,Gerard,FALSE,1,TRUE,Kallang,Central Region,1.31108,103.87374,Entire townhouse,Entire home/apt,8,1,4,8,40.97,96,1125,29,59,89,364,0,0,,,,,,,,,,,0,0,1,FALSE,5.12125,16,FALSE
1719704,kEnsuiteM1 Brickwall2 @ Chinatown/CBD,2413412,Kaurus,FALSE,91,TRUE,Outram,Central Region,1.2841,103.84253,Private room in rental unit,Private room,1,1,1,1,21.68,92,1125,0,0,29,304,3,0,11-09-2016,31-05-2019,4,3.67,3,4.67,4.67,4.67,4,0.03,0,0,91,TRUE,21.68,27,FALSE
1928296,"5 Star Room - Singapore, Thomson Rd",5092893,Sam,FALSE,3,TRUE,Ang Mo Kio,North-East Region,1.37291,103.82978,Private room in home,Private room,1,1,1,1,64.88,100,1125,29,59,89,364,79,0,03-12-2013,01-01-2018,4.57,4.77,4.87,4.67,4.66,4.35,4.57,0.52,0,0,3,TRUE,64.88,20,FALSE
1941719,Fantastic Serviced Apartment in the Singapore CBD,3926646,Paul,FALSE,4,TRUE,Downtown Core,Central Region,1.27525,103.84524,Private room in condo,Private room,4,1,1,4,47.35,92,1123,22,52,82,357,73,0,03-03-2014,25-04-2019,4.51,4.62,4.63,4.67,4.67,4.85,4.46,0.49,0,0,4,TRUE,11.8375,43,FALSE
2129215,Luxuriously Spacious Studio Apt.,7642747,Shirley,FALSE,1,TRUE,Bedok,East Region,1.31936,103.91663,Entire townhouse,Entire home/apt,5,1,1,5,80.16,92,700,26,56,86,361,368,0,14-01-2014,31-03-2020,4.93,4.88,4.94,4.95,4.95,4.8,4.85,2.42,0,0,1,TRUE,16.032,33,FALSE
2142826,Singapore Room for Rent!,9900768,David,FALSE,1,TRUE,Novena,Central Region,1.32485,103.85143,Private room in rental unit,Private room,2,1,1,2,195.46,160,160,29,59,89,180,21,0,24-11-2014,30-09-2016,4.67,4.65,4.6,4.7,4.7,4.4,4.4,0.15,0,0,1,TRUE,97.73,8,FALSE
2547778,1950s cozy window singlebed room @ lavender,8948251,Joey,FALSE,73,TRUE,Kallang,Central Region,1.31117,103.86214,Private room in rental unit,Private room,1,1,1,1,15.6,92,1125,0,30,60,335,1,0,30-06-2018,30-06-2018,4,4,3,5,5,5,3,0.01,0,0,73,TRUE,15.6,27,FALSE
3034137,Cozy 1 BD linked to MRT (Heartland),4422603,Rosanna,FALSE,1,TRUE,Hougang,North-East Region,1.35956,103.88423,Private room in rental unit,Private room,1,1,1,1,28.98,92,1125,26,56,86,361,9,0,05-11-2014,27-07-2019,4.89,5,4.89,5,5,5,4.78,0.06,0,0,1,TRUE,28.98,18,FALSE
3304326,"Furnishied Room Near Airport, Changi BizPark, SUTD",16689958,S,FALSE,1,TRUE,Tampines,East Region,1.34972,103.96201,Private room in condo,Private room,1,1,1,1,24.66,92,1125,26,56,86,361,8,0,25-08-2014,02-06-2018,4.75,4.86,4.63,4.88,4.88,4.88,4.63,0.06,0,0,1,TRUE,24.66,19,FALSE
3382337,Central Loft-Style Shophouse,9827707,Augustus,FALSE,1,TRUE,Serangoon,North-East Region,1.3441706894051144,103.87200225981638,Entire rental unit,Entire home/apt,6,1,1,6,56.18,92,365,22,52,82,173,0,0,,,,,,,,,,,0,0,1,FALSE,9.363333333333333,9,FALSE
3667894,Chinatown at your door: Master Rm attach bathroom,2413412,Kaurus,FALSE,91,TRUE,Outram,Central Region,1.28424,103.84275,Private room in rental unit,Private room,1,1,1,1,21.71,92,1125,0,30,60,335,2,0,28-05-2019,29-10-2019,4,4,3.5,4.5,4.5,5,4,0.02,0,0,91,TRUE,21.71,28,FALSE
4054698,DORMS - In the heart of Chinatown!,17526618,Royal,FALSE,4,TRUE,Outram,Central Region,1.28268,103.84463,Room in hostel,Hotel room,12,1,1,12,11.61,92,1125,29,59,89,364,49,0,17-12-2014,01-01-2020,4.4,4.54,4.4,4.53,4.4,4.79,4.49,0.35,0,0,4,TRUE,0.9674999999999999,15,FALSE
4069756,DORMS - In the heart of Chinatown!,17526618,Royal,FALSE,4,TRUE,Outram,Central Region,1.283,103.84344,Room in hostel,Hotel room,12,1,1,12,10.63,92,1125,29,59,89,364,20,0,24-11-2014,19-11-2019,4.35,4.45,4.4,4.85,4.7,4.75,4.45,0.14,0,0,4,TRUE,0.8858333333333334,15,TRUE
4211375,Near NTU Amazing Balcony room just above MRT,12318187,Mia,FALSE,2,TRUE,Jurong West,West Region,1.34113,103.70552,Private room in rental unit,Private room,2,1,1,2,27.73,92,730,27,57,87,362,0,0,,,,,,,,,,,0,0,2,FALSE,13.865,8,FALSE
4271250,City Ctr_RiverValley/GreatWorldCity,22176293,Yong Xing,FALSE,5,TRUE,Tanglin,Central Region,1.29565,103.82867,Entire rental unit,Entire home/apt,3,1,1,3,48.4,92,730,0,0,0,119,170,0,31-01-2015,22-12-2024,4.94,4.92,4.93,4.97,4.98,4.82,4.86,1.22,0,0,1,TRUE,16.133333333333333,50,FALSE
4380000,Prime Orchard Master Near Somerset,11390076,Tryston,FALSE,8,TRUE,Newton,Central Region,1.30689,103.83834,Private room in rental unit,Private room,2,1,1,2,21.94,93,365,28,58,88,363,8,0,08-01-2015,27-01-2020,4.38,4.25,3.88,4.5,4.75,4.88,4,0.06,0,0,8,TRUE,10.97,7,FALSE
4499317,Heritage Collection on Seah Premium Loft,23336011,Heritage,TRUE,82,TRUE,Downtown Core,Central Region,1.2959359884262085,103.85489654541016,Room in aparthotel,Entire home/apt,2,1,1,1,114,2,365,26,54,84,359,298,19,15-11-2014,23-05-2026,4.83,4.83,4.81,4.78,4.89,4.92,4.73,2.11,114,12996,71,TRUE,57,27,FALSE
4541183,Boat Quay Studio Premium River View (South bridge),23336011,Heritage,TRUE,82,TRUE,Singapore River,Central Region,1.2884149551391602,103.84928131103516,Room in aparthotel,Entire home/apt,2,1,1,1,159,6,365,28,58,88,361,376,40,29-11-2014,26-06-2026,4.78,4.8,4.83,4.76,4.89,4.86,4.69,2.67,255,40545,71,TRUE,79.5,28,FALSE
4619928,"1970s Bunkbed Private RoomA, no-sharing",8948251,Joey,FALSE,73,TRUE,Geylang,Central Region,1.31563,103.88285,Private room in rental unit,Private room,1,1,1,1,21.94,92,365,0,30,60,335,3,0,24-11-2014,12-09-2016,4.33,4,4,4.67,4.33,4,4,0.02,0,0,73,TRUE,21.94,27,FALSE
4712676,B&B Homestay- Deluxe Room with SEALY-King Bed,24353373,Jeff Pereira,FALSE,1,TRUE,Ang Mo Kio,North-East Region,1.36747,103.83865,Private room in condo,Private room,1,1,1,1,23.37,92,1125,29,59,89,364,4,0,14-08-2015,03-12-2024,5,5,5,5,5,4.75,5,0.03,0,0,1,TRUE,23.37,65,FALSE
4741630,Balcony View Ensuite @ lowrise heritage apartment,8948251,Joey,FALSE,73,TRUE,Kallang,Central Region,1.30793,103.86276,Private room in rental unit,Private room,1,1,1,1,23.21,92,365,0,30,60,335,1,0,18-12-2016,18-12-2016,5,5,5,5,5,5,5,0.01,0,0,73,TRUE,23.21,29,FALSE
4926170,Room 4B in Terrace House @ Thomson Village,25375339,シン,FALSE,13,TRUE,Bishan,Central Region,1.3529867361281518,103.83157735089836,Private room in home,Private room,3,1,1,3,22.3,92,1125,29,59,89,364,3,0,27-07-2018,14-02-2020,3.67,4,3.67,4.67,4.67,5,4,0.03,0,0,12,TRUE,7.433333333333334,23,FALSE
4973227,Boat Quay Studio Apartment (South bridge Wing),23336011,Heritage,TRUE,82,TRUE,Singapore River,Central Region,1.2884149551391602,103.84928131103516,Room in aparthotel,Entire home/apt,2,1,1,1,174.33,6,365,25,55,85,358,184,4,06-03-2015,07-02-2026,4.71,4.73,4.77,4.64,4.86,4.88,4.62,1.34,48,8368,71,TRUE,87.165,29,FALSE
4989903,HVIr2-Holland Village Condo,25185912,Rebekah,TRUE,18,TRUE,Bukit Timah,Central Region,1.31262,103.79717,Private room in condo,Private room,1,1,1,1,24.61,92,365,29,59,89,364,6,0,18-05-2015,18-05-2025,4.5,4.5,4.67,4.33,4.5,4.83,4.33,0.04,0,0,18,TRUE,24.61,13,FALSE
5040689,Exquisite & cosy room for rental,11463785,Dianne,FALSE,9,TRUE,Ang Mo Kio,North-East Region,1.37165,103.82881,Private room in townhouse,Private room,1,1,1,1,14.75,92,1000,28,58,88,363,5,0,28-08-2017,10-08-2023,4.8,5,5,5,5,4.8,5,0.05,0,0,9,TRUE,14.75,15,FALSE
5052014,Modern Serviced Studio in CBD w MRT,13468566,Andy,FALSE,12,TRUE,Outram,Central Region,1.27428,103.84133,Entire serviced apartment,Entire home/apt,2,1,1,1,154.17,6,1125,27,44,72,347,16,2,21-03-2015,18-02-2026,4.69,4.63,4.88,4.69,4.75,4.81,4.63,0.12,24,3700,12,TRUE,77.085,23,FALSE
5116961,ROOM in magazine-featured apt,4430782,Ethan,FALSE,1,TRUE,Bukit Merah,Central Region,1.28366,103.83188,Private room in rental unit,Private room,2,1,1,2,43.76,92,1125,22,52,82,263,1,0,08-06-2015,08-06-2015,5,5,5,5,5,5,5,0.01,0,0,1,TRUE,21.88,13,FALSE
5233415,Furnished CBD Studio near MRT with Housekeeping,13468566,Andy,FALSE,12,TRUE,Bukit Merah,Central Region,1.27619,103.84074,Entire serviced apartment,Entire home/apt,2,1,1,1,154.17,6,1125,27,57,70,304,37,11,25-11-2015,09-06-2026,4.78,4.73,4.81,4.89,4.86,4.84,4.59,0.29,132,20350,12,TRUE,77.085,21,FALSE
5253599,Exquisite Balinese studio for rent,11463785,Dianne,FALSE,9,TRUE,Kallang,Central Region,1.3171,103.85742,Entire rental unit,Entire home/apt,2,1,1,2,36.8,92,1000,29,59,89,364,11,0,30-05-2015,06-09-2024,4.73,5,5,4.91,5,4.55,4.73,0.08,0,0,9,TRUE,18.4,25,FALSE
5446857,Large & Luxury Serviced Studio in CBD/MRT,13468566,Andy,FALSE,12,TRUE,Bukit Merah,Central Region,1.27626,103.84073,Entire serviced apartment,Entire home/apt,2,1.5,1,1,188.33,6,1125,0,0,27,302,10,5,31-12-2017,12-02-2026,4.8,4.9,4.9,4.9,4.9,5,4.4,0.1,60,11300,12,TRUE,94.165,30,FALSE
5448209,"CBD Serviced Studio: spacious, housekeeping, MRT",13468566,Andy,FALSE,12,TRUE,Bukit Merah,Central Region,1.2744,103.84063,Entire serviced apartment,Entire home/apt,2,1,1,1,179.33,6,1125,25,55,85,360,22,7,30-01-2016,26-04-2026,4.77,4.64,4.86,4.91,5,4.82,4.55,0.17,84,15064,12,TRUE,89.665,28,FALSE
5494971,Grand En Suite 2 Near Orchard,28489587,Anita & David,FALSE,1,TRUE,Novena,Central Region,1.31778,103.84769,Private room in home,Private room,4,1,1,4,41.07,92,1125,29,59,89,364,208,0,01-04-2015,23-02-2020,4.8,4.79,4.84,4.87,4.89,4.76,4.66,1.52,0,0,1,TRUE,10.2675,42,FALSE
5529062,600sqft New York Bachelor Suite. SG,28378691,Leon,FALSE,1,TRUE,Bukit Merah,Central Region,1.27513,103.83581,Entire rental unit,Entire home/apt,2,1,1,2,168.95,92,1125,29,59,89,364,0,0,,,,,,,,,,,0,0,1,FALSE,84.475,15,FALSE
5551665,"HVIr1-Holland Village Condo, 1 min away from MRT",25185912,Rebekah,TRUE,18,TRUE,Bukit Timah,Central Region,1.31269,103.79714,Private room in condo,Private room,1,1,1,1,24.86,92,365,28,58,88,363,15,0,09-04-2015,12-09-2021,4.67,4.5,4.5,5,5,4.93,4.43,0.11,0,0,18,TRUE,24.86,19,FALSE
5573458,"Amazing MasterBed Room, mins to MRT",28809566,Property,FALSE,5,TRUE,Sembawang,North Region,1.44061,103.82386,Private room in bungalow,Private room,2,1,1,2,75.54,92,92,28,58,88,363,3,0,03-01-2016,06-07-2017,5,4.67,5,5,5,5,5,0.02,0,0,5,TRUE,37.77,5,FALSE
5634851,Beautiful Balinese studio,11463785,Dianne,FALSE,9,TRUE,Kallang,Central Region,1.31486,103.85689,Entire rental unit,Entire home/apt,2,1,1,2,32.2,92,1000,28,58,88,363,2,0,07-04-2015,01-08-2023,5,5,5,5,5,5,4.5,0.01,0,0,9,TRUE,16.1,20,FALSE
5798211,The Studio Suite,30080617,Eddie,FALSE,8,TRUE,Tampines,East Region,1.34571,103.96073,Private room in home,Private room,7,1,1,7,22.13,92,1125,29,59,89,364,151,0,26-06-2015,10-07-2019,4.86,4.91,4.84,4.9,4.91,4.74,4.87,1.13,0,0,6,TRUE,3.1614285714285715,18,FALSE
5827713,The Private Sanctuary,30080617,Eddie,FALSE,8,TRUE,Tampines,East Region,1.3464,103.96256,Private room in home,Private room,5,1,1,5,20.89,92,1125,29,59,89,364,286,1,30-04-2015,04-05-2026,4.82,4.91,4.84,4.87,4.94,4.6,4.85,2.1,184,3844,6,TRUE,4.178,16,FALSE
5827998,The Lily Room,30080617,Eddie,FALSE,8,TRUE,Tampines,East Region,1.3446,103.96223,Private room in home,Private room,1,1,1,1,21.49,92,1125,0,0,0,244,296,0,14-04-2015,28-06-2019,4.84,4.93,4.82,4.92,4.88,4.62,4.81,2.17,0,0,6,TRUE,21.49,11,FALSE
5889741,Entire Home in the Heart of City,274002237,Eugene,FALSE,1,TRUE,Rochor,Central Region,1.30153,103.85344,Entire condo,Entire home/apt,3,1,1,3,48.57,92,1125,13,13,13,195,212,0,20-04-2015,01-01-2025,4.81,4.83,4.79,4.93,4.95,4.93,4.75,1.55,0,0,1,TRUE,16.19,40,FALSE
5919270,The Antiquity Room,30080617,Eddie,FALSE,8,TRUE,Tampines,East Region,1.346,103.9626,Private room in home,Private room,2,1,1,2,23.19,92,1124,0,1,31,306,248,0,29-04-2015,20-01-2022,4.83,4.87,4.84,4.86,4.85,4.56,4.77,1.82,0,0,6,TRUE,11.595,16,FALSE
6020248,"Room with attached bathroom, 1min to Holland V MRT",25185912,Rebekah,TRUE,18,TRUE,Bukit Timah,Central Region,1.31132,103.79736,Private room in rental unit,Private room,1,1,1,1,31.91,92,365,29,59,89,364,7,0,26-06-2015,02-10-2018,4.29,4.71,4.43,4.71,4.57,5,4.14,0.05,0,0,18,TRUE,31.91,19,FALSE
6261313,"HVIr5 -Holland Village Condo, 1 min from HV MRT",25185912,Rebekah,TRUE,18,TRUE,Bukit Timah,Central Region,1.31107,103.79687,Private room in condo,Private room,1,1,1,1,26.14,92,365,29,59,89,364,10,0,06-07-2015,15-09-2019,4.9,4.8,4.7,5,5,5,4.6,0.07,0,0,18,TRUE,26.14,17,FALSE
6300577,"1Min walk to MRT, Ensuite Studio Room for 1 person",26899710,Sebastian,FALSE,2,TRUE,Geylang,Central Region,1.32874,103.88439,Private room in home,Private room,1,1,1,1,35.98,92,1125,29,59,89,364,25,0,24-07-2015,09-12-2021,4.76,4.92,4.88,5,5,4.76,4.56,0.19,0,0,2,TRUE,35.98,12,FALSE
6317686,highrise EnsuiteM1A + attach bathrm (Non-Tourist),8948251,Joey,FALSE,73,TRUE,Outram,Central Region,1.2841,103.84253,Private room in rental unit,Private room,1,1,1,1,20.82,92,1125,0,30,60,335,1,0,03-11-2016,03-11-2016,5,4,4,5,5,5,5,0.01,0,0,73,TRUE,20.82,28,FALSE
6453321,Balinese room for rent,11463785,Dianne,FALSE,9,TRUE,Ang Mo Kio,North-East Region,1.36973,103.82847,Private room in townhouse,Private room,1,1,1,1,15.26,92,356,28,38,38,241,2,0,15-07-2017,21-01-2024,5,5,4.5,5,4.5,5,5,0.02,0,0,9,TRUE,15.26,15,FALSE
6547248,Stay at Bukit Timah natural reserve,5556667,David,FALSE,1,TRUE,Bukit Timah,Central Region,1.34507,103.76804,Private room in rental unit,Private room,1,1,1,1,26.41,92,180,29,59,89,364,1,0,22-01-2018,22-01-2018,5,4,3,3,4,5,5,0.01,0,0,1,TRUE,26.41,13,FALSE
6603464,"Amazing Suite-room, mins to MRT (3)",28809566,Property,FALSE,5,TRUE,Sembawang,North Region,1.44167,103.82376,Private room in bungalow,Private room,2,1,1,2,48.89,92,92,28,58,88,363,9,0,06-12-2015,31-08-2019,4.44,4.33,4.78,4.78,4.78,4.67,4.67,0.07,0,0,5,TRUE,24.445,5,FALSE
6620261,Cozy Hotel Style Studio(with Pool),34649530,Prim,FALSE,5,TRUE,Novena,Central Region,1.32419,103.85252,Entire condo,Entire home/apt,2,1,1,2,55.74,120,365,29,59,89,180,3,0,14-02-2017,10-07-2019,5,5,4.33,5,5,4.67,4.67,0.03,0,0,5,TRUE,27.87,26,FALSE
6959265,Beautiful and cosy balinese room,11463785,Dianne,FALSE,9,TRUE,Ang Mo Kio,North-East Region,1.37155,103.83018,Private room in home,Private room,1,1,1,1,19.53,92,500,28,58,88,363,0,0,,,,,,,,,,,0,0,9,FALSE,19.53,8,FALSE
7162659,"Nice 2+1BR condo next to MRT, Insead, NUH, Sentosa",37512810,Sean,FALSE,2,TRUE,Queenstown,Central Region,1.30423,103.784,Entire condo,Entire home/apt,6,1,2,6,56.66,93,1125,29,58,88,363,8,0,18-07-2016,20-08-2018,4.5,4.63,4.25,5,5,4.63,4.63,0.07,0,0,1,TRUE,9.443333333333333,14,FALSE
7250803,Lakeside En-suit/Master room.,37964493,Kingsley,FALSE,6,TRUE,Jurong East,West Region,1.33303,103.72607,Private room in condo,Private room,3,1,1,3,22.64,92,999,29,59,89,364,27,0,13-05-2016,06-05-2023,4.78,4.7,4.67,4.85,4.85,4.56,4.7,0.22,0,0,6,TRUE,7.546666666666667,31,FALSE
7296138,Master bedroom with pool view,31583707,Catherine,FALSE,2,TRUE,Geylang,Central Region,1.31461,103.88467,Private room in rental unit,Private room,2,1,1,2,23.02,92,1125,0,0,0,274,27,1,25-10-2015,04-05-2026,4.96,5,4.93,5,5,4.81,4.93,0.21,184,4236,2,TRUE,11.51,16,FALSE
7321238,"A Room with  bathroom near NTU, Boon Lay",12083856,Wendy,FALSE,4,TRUE,Jurong West,West Region,1.34265,103.71339,Private room in home,Private room,2,1,1,2,22.11,93,900,29,59,89,364,35,1,11-12-2015,13-02-2026,4.94,4.89,4.89,4.94,4.94,4.77,4.86,0.27,186,4112,2,TRUE,11.055,20,FALSE
7399281,Simple room at Dover Clementi !,13093432,Matthew,FALSE,1,TRUE,Queenstown,Central Region,1.30637,103.78169,Private room in rental unit,Private room,2,1,1,2,24.37,92,1125,29,59,89,180,0,0,,,,,,,,,,,0,0,1,FALSE,12.185,6,FALSE
7466596,Beautiful balinese loft for rent,11463785,Dianne,FALSE,9,TRUE,Kallang,Central Region,1.31519,103.85735,Entire loft,Entire home/apt,2,1,1,2,42.92,92,356,28,58,88,363,0,0,,,,,,,,,,,0,0,9,FALSE,21.46,19,FALSE
7653937,Lavender DoubleBed rmA*2: 5m walk MRT,2413412,Kaurus,FALSE,91,TRUE,Kallang,Central Region,1.3073,103.86344,Private room in rental unit,Private room,1,1,1,1,18.91,92,1125,0,30,60,335,1,0,05-08-2016,05-08-2016,5,5,5,5,5,5,5,0.01,0,0,91,TRUE,18.91,28,FALSE
7667016,1960s Queenbed RmA2 @ lavender bugis,8948251,Joey,FALSE,73,TRUE,Kallang,Central Region,1.30751,103.86163,Private room in rental unit,Private room,1,1,1,1,18.56,92,365,0,30,60,335,2,0,09-09-2015,06-01-2018,4.5,5,5,5,5,5,5,0.02,0,0,73,TRUE,18.56,28,FALSE
7720994,Beautiful Balinese studio for rent,11463785,Dianne,FALSE,9,TRUE,Kallang,Central Region,1.31555,103.85649,Entire rental unit,Entire home/apt,2,1,1,2,34.68,92,356,28,58,88,363,2,0,13-04-2017,20-06-2017,5,5,5,5,5,5,5,0.02,0,0,9,TRUE,17.34,9,FALSE
7905972,Private room in Katong (near town),12422759,Christine,FALSE,1,TRUE,Marine Parade,Central Region,1.30634,103.90207,Private room in townhouse,Private room,3,1,1,3,32.93,92,1125,29,59,89,364,4,0,08-09-2015,23-09-2019,4.25,4.75,4.75,4.5,5,4.75,4,0.03,0,0,1,TRUE,10.976666666666667,15,FALSE
7927886,Cosy Lakeside Common room,37964493,Kingsley,FALSE,6,TRUE,Jurong East,West Region,1.33433,103.727,Private room in condo,Private room,2,1,2,2,20.5,92,1125,29,59,89,364,31,0,07-11-2015,20-01-2023,4.77,4.84,4.55,4.87,4.87,4.74,4.77,0.24,0,0,6,TRUE,10.25,17,FALSE
7946472,1960s singlebed *RmA @ lavender bugis.,8948251,Joey,FALSE,73,TRUE,Kallang,Central Region,1.30743,103.86305,Private room in rental unit,Private room,1,1,1,1,15.61,92,1125,0,30,60,335,1,0,07-12-2016,07-12-2016,5,5,5,5,5,5,5,0.01,0,0,73,TRUE,15.61,28,FALSE
7994039,1960s queenbed Rm*1 @ lavender bugis,8948251,Joey,FALSE,73,TRUE,Kallang,Central Region,1.30928,103.86342,Private room in rental unit,Private room,1,1,1,1,16.2,92,365,0,30,60,335,2,0,21-09-2015,09-05-2016,4.5,4.5,4.5,4.5,5,5,4.5,0.02,0,0,73,TRUE,16.2,29,FALSE
8004063,Lavender Doublebed rmA* (3min:MRT>CBD:3min),2413412,Kaurus,FALSE,91,TRUE,Kallang,Central Region,1.3075,103.86268,Private room in rental unit,Private room,1,1,1,1,15.59,92,1125,0,30,60,335,8,0,30-12-2015,15-02-2018,4.25,4.5,3.75,4.75,4.88,5,4.5,0.06,0,0,91,TRUE,15.59,28,FALSE
8007663,Lavender DoubleBed rmA2: 5m walk MRT,2413412,Kaurus,FALSE,91,TRUE,Kallang,Central Region,1.30627,103.86415,Private room in rental unit,Private room,1,1,1,1,15.48,92,1125,0,30,60,335,3,0,08-09-2015,17-11-2016,4.33,4.67,4.33,4.67,4.67,4.67,4.33,0.02,0,0,91,TRUE,15.48,28,FALSE
8017511,3 bedroom apt beside Kembangan MRT.,22595027,Tiffany,FALSE,1,TRUE,Bedok,East Region,1.32162,103.91466,Entire home,Entire home/apt,7,1,3,7,75.3,92,1125,29,59,89,364,33,0,16-04-2016,19-01-2020,4.39,4.48,4.48,4.64,4.64,4.82,4.33,0.27,0,0,1,TRUE,10.757142857142856,11,FALSE
8038199,Heritage Collection on Seah Loft,23336011,Heritage,TRUE,82,TRUE,Downtown Core,Central Region,1.2958070039749146,103.85450744628906,Room in aparthotel,Entire home/apt,2,1,1,1,114,1,365,20,47,77,349,258,20,07-12-2015,16-06-2026,4.67,4.67,4.73,4.71,4.82,4.89,4.57,2.01,120,13680,71,TRUE,57,29,FALSE
8111607,Superior studio room in house(7) with services,24496358,Katherine,TRUE,53,TRUE,Bedok,East Region,1.31756,103.91254,Private room in home,Private room,3,1,1,3,35.06,92,1125,0,0,0,184,1,0,31-08-2021,31-08-2021,5,5,4,5,5,5,5,0.02,0,0,53,TRUE,11.686666666666667,20,FALSE
8113569,Premium Single Room with services (1),24496358,Katherine,TRUE,53,TRUE,Bedok,East Region,1.31716,103.91232,Private room in home,Private room,1,1,1,1,22.69,92,1125,29,59,89,364,6,0,22-04-2017,02-09-2024,4.5,4.67,4.67,4.83,4.83,4.67,4.67,0.05,0,0,53,TRUE,22.69,23,FALSE
8113712,Premium Double Room with services (2),24496358,Katherine,TRUE,53,TRUE,Bedok,East Region,1.31893,103.91257,Private room in home,Private room,3,1,1,3,26.04,92,1125,0,0,0,151,7,0,28-04-2018,17-01-2023,5,5,4.71,5,5,4.86,4.71,0.07,0,0,53,TRUE,8.68,21,FALSE
8113821,Premium Double Room with services (3),24496358,Katherine,TRUE,53,TRUE,Bedok,East Region,1.31716,103.91259,Private room in home,Private room,3,1,1,3,26.38,92,1125,0,19,49,324,6,0,16-04-2016,16-01-2022,4.83,4.83,4.67,4.83,4.83,4.67,4.5,0.05,0,0,53,TRUE,8.793333333333333,21,FALSE
8113893,Premium Double Room with services (4),24496358,Katherine,TRUE,53,TRUE,Bedok,East Region,1.31696,103.91394,Private room in home,Private room,3,1,1,3,26.72,92,1125,0,0,0,212,9,0,16-04-2016,07-03-2022,4.89,4.78,4.78,5,4.89,4.78,4.89,0.07,0,0,53,TRUE,8.906666666666666,21,FALSE
8113936,Premium Double Room with services (5),24496358,Katherine,TRUE,53,TRUE,Bedok,East Region,1.31851,103.9123,Private room in home,Private room,3,1,1,3,25.5,92,1125,0,0,0,183,8,0,16-04-2016,06-05-2022,4.5,4.75,4.63,4.75,4.88,4.88,4.63,0.06,0,0,53,TRUE,8.5,25,FALSE
8114003,Double En-suite Room & private bathroom (6),24496358,Katherine,TRUE,53,TRUE,Bedok,East Region,1.31855,103.91259,Private room in home,Private room,3,1,1,3,25.04,92,1125,1,10,10,161,16,1,22-09-2015,31-10-2025,4.56,4.88,4.81,4.94,4.94,4.56,4.56,0.12,184,4607,53,TRUE,8.346666666666666,13,FALSE
8160733,"1Bunkbed RmA for you only, no sharing w anyone",2413412,Kaurus,FALSE,91,TRUE,Geylang,Central Region,1.31581,103.88071,Private room in rental unit,Private room,1,1,1,1,15.42,92,365,0,30,60,335,3,0,01-10-2015,15-03-2016,4,4,4,4,3.67,3.67,4,0.02,0,0,91,TRUE,15.42,27,FALSE
8180346,The Zen Room,30080617,Eddie,FALSE,8,TRUE,Tampines,East Region,1.3455,103.96045,Private room in home,Private room,2,1,2,2,20.75,92,1124,29,59,89,180,203,0,01-10-2015,29-06-2019,4.83,4.89,4.83,4.93,4.9,4.69,4.82,1.55,0,0,6,TRUE,10.375,18,FALSE
8256942,"AmazinMasterBed Room, mins to MRT (2)",28809566,Property,FALSE,5,TRUE,Sembawang,North Region,1.44162,103.82343,Private room in bungalow,Private room,2,1,1,2,45.03,92,92,28,58,88,363,6,0,21-09-2015,29-06-2018,4,3.5,4,4.67,4.67,3.67,3.33,0.05,0,0,5,TRUE,22.515,3,FALSE
8508225,Marina Bay Iconic Luxury 1-Bed Apt,4604183,Sam,FALSE,1,TRUE,Downtown Core,Central Region,1.28172,103.85193,Entire condo,Entire home/apt,3,1,1,3,83.36,92,1125,22,52,82,173,33,0,26-10-2015,01-09-2023,4.85,4.91,4.69,4.88,4.94,4.97,4.76,0.25,0,0,1,TRUE,27.786666666666665,28,FALSE
9032240,highrise *EnsuiteM1 + attached toilet & shower,8948251,Joey,FALSE,73,TRUE,Outram,Central Region,1.28417,103.84249,Private room in rental unit,Private room,1,1,1,1,25,92,1125,0,0,29,304,1,0,05-12-2015,05-12-2015,3,3,3,5,5,3,4,0.01,0,0,73,TRUE,25,29,FALSE
9216943,Single Master Room Near MRT,47682311,Apple,FALSE,4,TRUE,Bukit Batok,West Region,1.34842,103.74679,Private room in home,Private room,1,1,1,1,96.53,92,1125,29,59,89,270,25,0,18-01-2016,17-10-2018,4.76,4.72,4.76,4.79,4.76,4.79,4.71,0.2,0,0,4,TRUE,96.53,13,FALSE
9268500,Private room- 6 bed (Shared toilet),46515276,Ark,FALSE,12,TRUE,Kallang,Central Region,1.30975,103.87248,Private room in townhouse,Private room,6,1,1,6,42.03,92,1125,29,59,89,364,8,0,08-08-2016,09-02-2020,4,4.5,4.5,4.75,4.75,4.63,4.25,0.07,0,0,12,TRUE,7.005,10,FALSE
9268680,Private room- 7 bed (Shared toilet),46515276,Ark,FALSE,12,TRUE,Kallang,Central Region,1.31106,103.87212,Private room in townhouse,Private room,7,1,1,7,41.98,92,1125,29,59,89,364,15,0,08-02-2016,20-07-2019,4.6,4.73,4.53,4.86,4.86,4.71,4.71,0.12,0,0,12,TRUE,5.997142857142856,9,FALSE
9269260,Private room- 8 bed (Shared toilet),46515276,Ark,FALSE,12,TRUE,Kallang,Central Region,1.31103,103.87422,Private room in townhouse,Private room,8,1,1,8,45.47,92,1125,29,59,89,364,9,0,28-03-2016,11-02-2020,4.67,4.78,4,4.56,4.78,5,4.78,0.07,0,0,12,TRUE,5.68375,8,FALSE
9269637,Private room- 8 bed (Privatetoilet),46515276,Ark,FALSE,12,TRUE,Kallang,Central Region,1.31161,103.8741,Private room in townhouse,Private room,8,1,1,8,56.52,92,1125,29,59,89,364,1,0,31-05-2016,31-05-2016,4,4,3,5,5,5,4,0.01,0,0,12,TRUE,7.065,9,FALSE
9269848,Private room- 7 bed (Privatetoilet),46515276,Ark,FALSE,12,TRUE,Kallang,Central Region,1.30976,103.87371,Private room in townhouse,Private room,7,1,1,7,45.43,92,1125,29,59,89,364,4,0,27-07-2017,18-02-2020,4.5,4.5,4.5,4.75,4.75,4.75,4.5,0.04,0,0,12,TRUE,6.49,9,FALSE
9269981,4 Private rooms - 16 bed (extra pax pro-rated),46515276,Ark,FALSE,12,TRUE,Kallang,Central Region,1.31017,103.87419,Private room in townhouse,Private room,16,1,1,16,82.31,92,1125,29,59,89,364,7,0,23-02-2016,12-11-2019,4.71,4.57,4.57,4.57,4.86,4.71,4.71,0.06,0,0,12,TRUE,5.144375,9,FALSE
9320962,Sea view room with private bath,25151260,Antonio,FALSE,1,TRUE,Bedok,East Region,1.31036,103.93592,Private room in condo,Private room,1,1,2,1,19.78,92,1125,0,0,21,296,95,0,05-01-2016,17-12-2021,4.75,4.82,4.81,4.91,4.85,4.67,4.72,0.74,0,0,1,TRUE,19.78,22,FALSE
9351647,Simple common room near MRT,47682311,Apple,FALSE,4,TRUE,Bukit Batok,West Region,1.35165,103.75409,Private room in guesthouse,Private room,1,1,1,1,32.46,92,1125,29,59,89,364,8,0,07-09-2016,11-06-2018,4.38,4.5,4.38,4.5,4.63,4.88,4.13,0.07,0,0,4,TRUE,32.46,11,FALSE
9398808,Tiong Bahru Experience,45955773,Jye,FALSE,1,TRUE,Bukit Merah,Central Region,1.28549,103.83457,Entire rental unit,Entire home/apt,2,1,1,2,77.43,92,1125,29,59,89,364,0,0,,,,,,,,,,,0,0,1,FALSE,38.715,9,FALSE
9532788,Chinatown: In the Heart of the City,49380207,Ong,FALSE,11,TRUE,Outram,Central Region,1.28276,103.8433,Private room in condo,Private room,1,1,1,1,29.2,92,365,28,58,88,363,206,0,25-12-2015,12-03-2020,4.7,4.77,4.71,4.8,4.86,4.9,4.74,1.61,0,0,7,TRUE,29.2,18,FALSE
9635192,Nice and cozzy room without window.,49380207,Ong,FALSE,11,TRUE,Outram,Central Region,1.2832,103.84217,Private room in rental unit,Private room,1,1,1,1,21.78,92,1125,29,59,89,364,187,0,06-12-2015,28-01-2020,4.64,4.82,4.79,4.82,4.88,4.88,4.77,1.45,0,0,7,TRUE,21.78,16,FALSE
9746208,CityLiving Chinatown,49380207,Ong,FALSE,11,TRUE,Outram,Central Region,1.28488,103.84215,Private room in rental unit,Private room,1,1,1,1,32.46,92,365,29,59,89,270,157,0,23-01-2016,19-12-2021,4.77,4.82,4.7,4.86,4.92,4.92,4.77,1.23,0,0,7,TRUE,32.46,21,FALSE
9828451,"Lovely, cosy room in heart of city!",2594443,May,FALSE,1,TRUE,Novena,Central Region,1.31656,103.83964,Private room in condo,Private room,1,1,1,1,24.55,92,1125,22,52,82,357,10,0,14-12-2015,07-10-2022,4.9,5,4.9,5,4.9,4.9,4.8,0.08,0,0,1,TRUE,24.55,13,FALSE
9872354,Suite Room 301 Between Airport & City,7948331,Stephanie & KT,FALSE,1,TRUE,Marine Parade,Central Region,1.30658,103.90134,Private room in home,Private room,2,1,1,2,21.2,100,365,29,51,51,245,33,0,31-12-2016,23-01-2020,4.45,4.52,4.7,4.94,4.7,4.73,4.55,0.29,0,0,1,TRUE,10.6,28,FALSE
9887900,"2 bedroom condo, high floor",28895367,Esther Ying,FALSE,1,TRUE,Sengkang,North-East Region,1.39156,103.87852,Entire condo,Entire home/apt,4,1,2,4,46.49,92,1125,0,0,7,158,13,0,17-01-2016,19-02-2017,4.77,4.92,4.69,4.92,4.92,4.42,4.69,0.1,0,0,1,TRUE,11.6225,16,FALSE
9942594,Cozy Room in Queensway with a view (Room 3),34649530,Prim,FALSE,5,TRUE,Queenstown,Central Region,1.28686,103.80238,Private room in rental unit,Private room,1,1,1,1,13.76,180,365,29,59,89,364,0,0,,,,,,,,,,,0,0,5,FALSE,13.76,15,FALSE
9986864,Cosy room in the heart of Singapore,51312096,Christian,FALSE,1,TRUE,Marine Parade,Central Region,1.2983,103.89036,Private room in rental unit,Private room,2,1,1,2,55.96,92,1125,28,58,88,363,2,0,06-01-2016,11-01-2016,4,5,3,3.5,5,5,4,0.02,0,0,1,TRUE,27.98,10,FALSE
10210475,"Amazing Masterbed Room, mins to MRT",28809566,Property,FALSE,5,TRUE,Sembawang,North Region,1.44165,103.82416,Private room in bungalow,Private room,2,1,1,2,75.42,92,1125,29,59,89,364,0,0,,,,,,,,,,,0,0,5,FALSE,37.71,7,FALSE
10427701,highrise Ensuite attached bathroom @chinatown *9m1,8948251,Joey,FALSE,73,TRUE,Outram,Central Region,1.284,103.84346,Private room in rental unit,Private room,1,1,1,1,21.99,92,1125,0,30,60,335,2,0,08-10-2017,08-06-2019,4.5,4.5,3.5,5,4.5,5,4,0.02,0,0,73,TRUE,21.99,26,FALSE
10440235,"1970s Bunkbed Private RoomAR, no-sharing",8948251,Joey,FALSE,73,TRUE,Geylang,Central Region,1.31497,103.8837,Private room in rental unit,Private room,1,1,1,1,15.71,92,1125,0,30,60,335,0,0,,,,,,,,,,,0,0,73,FALSE,15.71,27,FALSE
10626378,Junior room next to bencoolen station,11390076,Tryston,FALSE,8,TRUE,Museum,Central Region,1.29784,103.85038,Private room in rental unit,Private room,2,1,1,2,17.35,93,365,28,58,88,363,15,0,14-04-2016,03-06-2024,4,4.07,3.8,4.13,4.47,4.87,4.27,0.12,0,0,8,TRUE,8.675,10,FALSE
10668368,Serviced Terrace in Tanah Merah,34707342,Chloe,FALSE,3,TRUE,Bedok,East Region,1.3319511085851934,103.94630090725458,Entire guesthouse,Entire home/apt,4,1,2,4,50.02,92,730,29,59,89,364,0,0,,,,,,,,,,,0,0,3,FALSE,12.505,5,FALSE
10669564,"Birthday, Parties, Corporate event @ Meat n chill",48396836,Shawn,FALSE,1,TRUE,Bukit Timah,Central Region,1.33051,103.7949,Entire home,Entire home/apt,16,1,1,16,143.39,92,1125,29,59,89,180,0,0,,,,,,,,,,,0,0,1,FALSE,8.961875,5,FALSE
10708117,Cheap partition room near the city,44703717,Ivan,FALSE,1,TRUE,Novena,Central Region,1.32334,103.85306,Private room in condo,Private room,1,1,1,1,18.45,92,1125,29,59,89,364,0,0,,,,,,,,,,,0,0,1,FALSE,18.45,16,FALSE
11581560,Sky Suite & Apartment @ Marina Bay,61230299,Sky,FALSE,1,TRUE,Downtown Core,Central Region,1.28028,103.85184,Entire rental unit,Entire home/apt,2,1,1,2,84.49,92,1124,28,58,88,363,9,0,16-06-2018,30-11-2021,4.89,5,4.89,5,5,5,4.67,0.09,0,0,1,TRUE,42.245,46,FALSE
11660178,Modern & big private studio room at top floor,24496358,Katherine,TRUE,53,TRUE,Bedok,East Region,1.32332,103.91659,Private room in bungalow,Private room,4,1,1,4,45.18,92,1125,0,0,0,227,6,0,28-01-2019,05-07-2020,4.83,4.83,4.83,5,5,4.83,4.5,0.07,0,0,53,TRUE,11.295,22,FALSE
11679272,Deluxe serviced apartment-Modern studio room EZS-2,24496358,Katherine,TRUE,53,TRUE,Bedok,East Region,1.32337,103.91468,Private room in bungalow,Private room,3,1,1,3,39.94,92,1125,0,0,0,255,0,0,,,,,,,,,,,0,0,53,FALSE,13.313333333333333,23,FALSE
11679463,Deluxe serviced apartment-one bedroom studio EZS3,24496358,Katherine,TRUE,53,TRUE,Bedok,East Region,1.32381,103.91678,Private room in home,Private room,3,1,1,3,41.34,92,1125,0,17,47,322,8,0,29-10-2018,19-08-2020,4.5,4.38,4.63,4.88,4.88,4.5,4.25,0.09,0,0,53,TRUE,13.780000000000001,23,FALSE
11860123,Ensuite with Balcony (min 3 months),63217724,Kristin,FALSE,1,TRUE,Pasir Ris,East Region,1.35918,103.96966,Private room in home,Private room,1,1,1,1,19.51,92,1125,28,58,88,181,68,0,25-03-2016,07-04-2017,4.91,4.94,4.87,4.9,4.9,4.76,4.82,0.54,0,0,1,TRUE,19.51,8,FALSE
11980197,Cozy room,63152849,Joey,FALSE,1,TRUE,Punggol,North-East Region,1.40088,103.91,Private room in rental unit,Private room,1,1,1,1,23.23,92,1125,27,57,87,362,71,0,09-09-2016,16-01-2020,4.87,4.93,4.89,4.88,5,4.55,4.82,0.59,0,0,1,TRUE,23.23,14,FALSE
12162272,"Great location. A spacious, well equipped home.",65322694,Angelina,FALSE,1,TRUE,Kallang,Central Region,1.29896,103.86146,Entire rental unit,Entire home/apt,4,1,1,4,52.54,92,365,0,0,0,275,256,0,06-07-2016,05-06-2023,4.85,4.87,4.66,4.95,4.93,4.91,4.74,2.1,0,0,1,TRUE,13.135,58,FALSE
12261620,Fresh & modern 2 bedroom suite opposite NTU,4673970,Pamela,FALSE,2,TRUE,Jurong West,West Region,1.34185,103.68736,Entire guest suite,Entire home/apt,4,1,2,4,43.55,92,1125,22,52,82,296,0,0,,,,,,,,,,,0,0,2,FALSE,10.8875,20,FALSE
12317780,Private Room in my spare room,66443986,Andrew,FALSE,1,TRUE,Bukit Panjang,West Region,1.37772,103.77431,Private room in rental unit,Private room,2,1,1,2,93.87,92,1125,22,52,82,357,1,0,13-07-2016,13-07-2016,5,5,5,5,5,5,5,0.01,0,0,1,TRUE,46.935,8,FALSE
12556334,Superior Double Room in House with services (2),68059127,Wei,TRUE,50,TRUE,Bedok,East Region,1.31693,103.91408,Private room in townhouse,Private room,3,1,1,3,24.82,92,1125,29,59,89,364,2,0,29-06-2020,26-10-2021,5,5,5,5,5,5,5,0.03,0,0,50,TRUE,8.273333333333333,9,FALSE
12738797,Capella The Club Residences Singapore - 1 BR Suite,84411185,Darren,FALSE,4,FALSE,Southern Islands,Central Region,1.25035,103.82373,Entire serviced apartment,Entire home/apt,2,1,1,2,287.23,92,1125,22,52,82,357,5,0,11-09-2016,09-07-2017,4.8,5,4.8,4.25,4.4,5,4.5,0.04,0,0,1,TRUE,143.615,39,FALSE
12904788,1960s queenbed RmA*2 @ lavender bugis,8948251,Joey,FALSE,73,TRUE,Kallang,Central Region,1.30902,103.86162,Private room in rental unit,Private room,1,1,1,1,15.7,92,365,0,30,60,335,2,0,24-03-2017,26-08-2017,5,5,5,5,5,5,5,0.02,0,0,73,TRUE,15.7,28,FALSE
13274269,DORMS - Excellent location in Chinatown,17526618,Royal,FALSE,4,TRUE,Outram,Central Region,1.28499,103.843,Room in hostel,Hotel room,13,1,1,13,10.63,92,1125,29,59,89,364,16,0,06-06-2016,28-01-2020,4.44,4.56,4.44,4.8,4.88,4.88,4.63,0.13,0,0,4,TRUE,0.8176923076923077,16,TRUE
13274598,DORMS - Excellent location in Chinatown,17526618,Royal,FALSE,4,TRUE,Outram,Central Region,1.28379,103.84399,Room in hostel,Hotel room,13,1,1,13,10.44,92,1125,29,59,89,364,17,0,02-06-2016,02-03-2020,4.41,4.65,4.47,4.65,4.59,4.82,4.53,0.14,0,0,4,TRUE,0.803076923,15,TRUE
13317120,Budget Rm @NUS & Haw Par Villa MRT-NoWindow (302),1439258,K2Guesthouse,FALSE,44,TRUE,Queenstown,Central Region,1.28104,103.78736,Room in boutique hotel,Private room,1,1,1,1,179,1,999,8,27,57,319,9,1,10-06-2016,27-07-2025,4.67,4.44,4.22,4.44,4.56,4.78,4.56,0.07,6,1074,44,TRUE,179,29,FALSE
13396802,Large Family Room near Sentosa & NUS!,1439258,K2Guesthouse,FALSE,44,TRUE,Queenstown,Central Region,1.28049,103.78534,Room in boutique hotel,Private room,8,1,1,8,243,1,999,6,21,48,305,18,2,24-08-2016,06-10-2025,4.72,4.56,4.61,4.72,4.78,4.5,4.44,0.15,12,2916,44,TRUE,30.375,20,FALSE
13556435,Not available,78080643,Ivy,FALSE,2,TRUE,Woodlands,North Region,1.42711,103.77369,Private room in condo,Private room,2,1,1,2,25.66,92,1125,29,59,89,364,33,0,20-12-2016,21-10-2018,4.73,4.82,4.63,4.79,4.85,4.45,4.63,0.28,0,0,2,TRUE,12.83,14,FALSE
13559548,This listing is no longer available,78080643,Ivy,FALSE,2,TRUE,Woodlands,North Region,1.42764,103.77402,Private room in rental unit,Private room,2,1,1,2,18.33,92,1125,27,57,87,362,7,0,07-07-2016,07-09-2019,4.71,4.86,5,4.86,4.86,4.71,4.71,0.06,0,0,2,TRUE,9.165,15,FALSE
13659860,Beautiful Modern 1 Bedroom Loft Apartment @CBD,10802615,Fendi,FALSE,3,TRUE,Downtown Core,Central Region,1.27872,103.84696,Entire loft,Entire home/apt,2,1,1,2,65.39,92,1125,0,0,0,202,0,0,,,,,,,,,,,0,0,3,FALSE,32.695,18,FALSE
13703898,Singapore homestay @ Pasir Ris street 51,9453430,Melissa,FALSE,1,TRUE,Pasir Ris,East Region,1.37173,103.94855,Private room in rental unit,Private room,4,1,2,4,29.43,92,1125,29,59,89,270,58,0,26-05-2017,01-06-2021,4.67,4.64,4.72,4.66,4.79,4.55,4.61,0.52,0,0,1,TRUE,7.3575,20,FALSE
13809823,Luxurious Penthouse In City Centre 1,1170341,Jenny,TRUE,3,TRUE,Tanglin,Central Region,1.2943,103.8296,Private room in rental unit,Private room,2,1,1,2,42.52,92,365,28,58,88,363,20,0,31-12-2016,07-01-2023,4.9,4.89,4.95,4.89,5,4.89,4.89,0.17,0,0,3,TRUE,21.26,17,FALSE
13834039,"HVIr4- Holland Village, 1 min from HV MRT",25185912,Rebekah,TRUE,18,TRUE,Bukit Timah,Central Region,1.31244,103.79747,Private room in rental unit,Private room,1,1,1,1,26.54,92,365,29,59,89,364,1,1,18-12-2025,18-12-2025,5,5,5,5,5,4,4,0.15,184,4883,18,TRUE,26.54,14,FALSE
13952292,Deluxe serviced apartment- Modern studio room EZS5,24496358,Katherine,TRUE,53,TRUE,Bedok,East Region,1.32833,103.91588,Private room in home,Private room,3,1,1,3,37.79,92,1125,0,0,0,241,5,0,29-12-2017,24-12-2021,4.8,4.8,4.8,4.8,4.8,4.6,4.6,0.05,0,0,53,TRUE,12.596666666666666,22,FALSE
13967083,high heritage cityview *queenbed room Not4 Tourist,8948251,Joey,FALSE,73,TRUE,Outram,Central Region,1.28309,103.84209,Private room in rental unit,Private room,1,1,1,1,18.92,92,1125,0,30,60,335,2,0,07-09-2018,28-02-2019,3.5,3.5,4,5,4.5,4,4,0.02,0,0,73,TRUE,18.92,27,FALSE
13967760,Modern One bedroom 2 in Luxury Serviced Apartment,68059127,Wei,TRUE,50,TRUE,Bedok,East Region,1.32522,103.91497,Private room in home,Private room,3,1,1,3,42.02,92,1125,0,0,0,255,1,0,06-05-2021,06-05-2021,4,4,4,4,4,3,3,0.02,0,0,50,TRUE,14.006666666666668,23,FALSE
14020127,Condo Near Kambangan MRT,83878917,Elaine,FALSE,1,TRUE,Bedok,East Region,1.31756,103.91084,Entire rental unit,Entire home/apt,5,1,3,5,58.62,92,1125,0,0,0,243,17,0,05-08-2016,02-01-2018,4.12,4.59,4.47,4.4,4.41,4.47,4,0.14,0,0,1,TRUE,11.724,25,FALSE
14029416,Lavender Bugis Long term Stay 3m+,2413412,Kaurus,FALSE,91,TRUE,Kallang,Central Region,1.31233,103.86331,Private room in rental unit,Private room,1,1,1,1,15.58,92,365,0,30,60,335,1,0,03-09-2016,03-09-2016,5,5,5,5,5,5,5,0.01,0,0,91,TRUE,15.58,16,FALSE
14099732,Modern vintage terrace house,84863690,Gurbak,FALSE,1,TRUE,Tampines,East Region,1.32683,103.95444,Private room in home,Private room,1,1,1,1,22.13,92,1125,22,52,82,144,2,0,31-07-2016,08-07-2017,5,5,5,5,5,4.5,5,0.02,0,0,1,TRUE,22.13,22,FALSE
14158971,Modern en-suites room EZS-1 with pool,24496358,Katherine,TRUE,53,TRUE,Bedok,East Region,1.32547,103.91505,Private room in bungalow,Private room,2,1,1,2,32.72,92,1125,29,59,89,364,0,0,,,,,,,,,,,0,0,53,FALSE,16.36,18,FALSE
14196212,Central Business District (Altez),10802615,Fendi,FALSE,3,TRUE,Downtown Core,Central Region,1.275,103.84334,Entire rental unit,Entire home/apt,6,1,3,6,127.76,92,1125,22,52,82,357,0,0,,,,,,,,,,,0,0,3,FALSE,21.293333333333333,12,FALSE
14213091,Penthouse with private swimming pool in the CBD,10802615,Fendi,FALSE,3,TRUE,Downtown Core,Central Region,1.27526,103.84462,Entire rental unit,Entire home/apt,4,1,4,4,225.66,92,1125,22,52,82,357,0,0,,,,,,,,,,,0,0,3,FALSE,56.415,10,FALSE
14293554,Classic master room,11390076,Tryston,FALSE,8,TRUE,Toa Payoh,Central Region,1.34232,103.84138,Private room in rental unit,Private room,1,1,1,1,117.25,4,365,26,56,86,87,4,0,12-09-2016,09-07-2019,3.75,3.75,3.25,4.75,4,4.75,3.5,0.03,0,0,8,TRUE,117.25,21,FALSE
14435012,"HVIr3- Holland Village Condo, 1 min from MRT",25185912,Rebekah,TRUE,18,TRUE,Bukit Timah,Central Region,1.31284,103.79736,Private room in rental unit,Private room,1,1,1,1,24.09,92,365,29,59,89,364,5,0,27-08-2017,21-08-2024,4.4,4.5,4.2,4.75,5,5,4.75,0.05,0,0,18,TRUE,24.09,15,FALSE
14577360,kEnsuiteC Brickwall* @ Chinatown/CBD,2413412,Kaurus,FALSE,91,TRUE,Outram,Central Region,1.2841,103.84253,Private room in rental unit,Private room,1,1,1,1,25.71,92,1125,0,30,60,335,2,0,24-03-2018,23-07-2018,5,4.5,4.5,4.5,4.5,4.5,4.5,0.02,0,0,91,TRUE,25.71,28,FALSE
14582945,Room C,47682311,Apple,FALSE,4,TRUE,Bukit Batok,West Region,1.34757,103.74873,Private room,Private room,1,1,1,1,32.46,92,1125,29,59,89,364,1,0,25-12-2016,25-12-2016,4,5,5,5,5,5,5,0.01,0,0,4,TRUE,32.46,10,FALSE
14583967,"Lavender Semi-EnsuiteC*, 5 min to MRT",2413412,Kaurus,FALSE,91,TRUE,Kallang,Central Region,1.31001,103.86278,Private room in rental unit,Private room,1,1,1,1,18.57,92,1125,0,30,60,335,4,0,04-10-2016,31-03-2021,4.5,5,4.5,5,5,5,4.33,0.03,0,0,91,TRUE,18.57,28,FALSE
14901562,"1960s Loftbed Rm*A1, lavender bugis",8948251,Joey,FALSE,73,TRUE,Kallang,Central Region,1.30805,103.86338,Private room in rental unit,Private room,1,1,1,1,12.92,92,1125,0,30,60,335,1,0,25-02-2017,25-02-2017,5,5,5,5,5,5,5,0.01,0,0,73,TRUE,12.92,27,FALSE
14902239,"Lavender Queenbed, 4min lavender MRT, 2min  Bugis",2413412,Kaurus,FALSE,91,TRUE,Kallang,Central Region,1.30998,103.86369,Private room in rental unit,Private room,1,1,1,1,15.9,92,365,0,30,60,335,1,0,11-03-2017,11-03-2017,5,5,5,5,5,5,5,0.01,0,0,91,TRUE,15.9,27,FALSE
15100514,Amazing Holiday Condo Apartment -min walk to 3 MRT,21149720,Mike,FALSE,1,TRUE,Kallang,Central Region,1.31297,103.85998,Entire rental unit,Entire home/apt,5,1,1,5,92.91,92,1125,29,59,89,364,2,0,09-11-2017,18-03-2018,4.5,4.5,4.5,4,5,4,4.5,0.02,0,0,1,TRUE,18.582,38,FALSE
15229173,"Hawaii style resort, near the city.",29131068,Henry,FALSE,2,TRUE,Bedok,East Region,1.31163,103.93572,Private room in rental unit,Private room,2,1,1,2,41.42,92,1125,29,59,89,364,0,0,,,,,,,,,,,0,0,2,FALSE,20.71,12,FALSE
15310627,4 Star CBD Soho Apartment Tanjong Pagar MRT,30613375,Qing,FALSE,2,TRUE,Outram,Central Region,1.27703,103.8437,Entire loft,Entire home/apt,1,1,1,1,63.35,92,1125,28,58,88,269,70,2,09-10-2016,03-01-2026,4.9,4.93,4.94,5,4.97,4.97,4.79,0.59,255,16154,2,TRUE,63.35,33,FALSE
15364942,Expat's choice ! En-suites room 3,24496358,Katherine,TRUE,53,TRUE,Bedok,East Region,1.31675,103.91272,Private room in home,Private room,3,1,1,3,26.11,92,1125,0,19,49,324,8,0,16-09-2017,30-04-2024,4.75,4.75,4.75,4.88,4.75,4.63,4.5,0.07,0,0,53,TRUE,8.703333333333333,22,FALSE
15365213,Expat's choice! En-suites room with shared pool,24496358,Katherine,TRUE,53,TRUE,Bedok,East Region,1.32534,103.91517,Private room in bungalow,Private room,2,1,1,2,48.07,92,1125,29,59,89,364,0,0,,,,,,,,,,,0,0,53,FALSE,24.035,22,FALSE
15367409,"postwar singlebed rm*Ba, 3min to aljunied mrt",97878860,Chess,FALSE,59,TRUE,Geylang,Central Region,1.31552,103.88215,Private room in rental unit,Private room,1,1,1,1,15.68,92,365,0,30,60,335,4,0,09-10-2016,04-12-2020,4.25,4.5,4.5,4.5,4.5,5,4.5,0.03,0,0,59,TRUE,15.68,28,FALSE
15389076,Cozy private room near Lakeside MRT,78364359,Tony,FALSE,1,TRUE,Jurong West,West Region,1.34421,103.71932,Private room in condo,Private room,1,1,1,1,24.93,92,180,22,52,82,357,22,0,28-06-2018,10-04-2024,4.86,4.77,4.73,4.82,4.91,4.77,4.64,0.23,0,0,1,TRUE,24.93,22,FALSE
15402563,#Happy holiday family hotel 7,42655674,Paul,FALSE,1,TRUE,Ang Mo Kio,North-East Region,1.37099,103.8551,Entire rental unit,Entire home/apt,2,1,1,2,76.86,92,1125,29,59,89,364,0,0,,,,,,,,,,,0,0,1,FALSE,38.43,7,FALSE
15406706,Lavender DoubleBed rm*ML: 5m walk MRT,2413412,Kaurus,FALSE,91,TRUE,Kallang,Central Region,1.31053,103.86075,Private room in rental unit,Private room,1,1,1,1,15.59,92,365,0,30,60,335,1,0,17-04-2018,17-04-2018,5,4,4,4,5,5,5,0.01,0,0,91,TRUE,15.59,29,FALSE
15441196,Lavender DoubleBed RmT*: 5m walk MRT,2413412,Kaurus,FALSE,91,TRUE,Kallang,Central Region,1.30983,103.86232,Private room in rental unit,Private room,1,1,1,1,18.68,92,1125,0,30,60,335,6,0,12-10-2016,31-08-2021,4.83,4.83,4.5,5,5,5,4.5,0.05,0,0,91,TRUE,18.68,28,FALSE
15454153,2 Bedroom Fully furnished apartment (Flora Drive),2327574,Juliana,FALSE,3,TRUE,Pasir Ris,East Region,1.3547,103.96662,Entire condo,Entire home/apt,5,1,2,5,47.7,92,1125,0,0,0,153,20,0,16-04-2017,29-04-2025,4.7,4.85,4.5,4.7,4.85,4.15,4.5,0.18,0,0,3,TRUE,9.540000000000001,46,FALSE
15487894,prewar doublebed RmA* > lavender MRT,97878860,Chess,FALSE,59,TRUE,Kallang,Central Region,1.3085,103.86112,Private room in rental unit,Private room,1,1,1,1,18.34,92,1125,0,30,60,335,2,0,27-11-2016,16-07-2017,4.5,4.5,4,5,5,5,4,0.02,0,0,59,TRUE,18.34,28,FALSE
15508557,Room D,47682311,Apple,FALSE,4,TRUE,Bukit Batok,West Region,1.34724,103.74834,Private room in guesthouse,Private room,1,1,1,1,28.42,92,1125,29,59,89,364,5,0,31-12-2016,22-07-2017,4.6,5,4.4,4.5,4.8,4.5,4.75,0.04,0,0,4,TRUE,28.42,15,FALSE
15538540,Aljunied Queenbed roomA > 5min MRT > CBD 15 mins,2413412,Kaurus,FALSE,91,TRUE,Geylang,Central Region,1.31548,103.8821,Private room in rental unit,Private room,1,1,1,1,16.54,92,365,0,30,60,335,1,0,17-10-2016,17-10-2016,5,5,5,5,5,5,5,0.01,0,0,91,TRUE,16.54,27,FALSE
15589669,3 Bedroom Fully furnished apartment (Simei MRT),2327574,Juliana,FALSE,3,TRUE,Tampines,East Region,1.34358,103.95383,Entire condo,Entire home/apt,6,1,3,6,51.52,92,1125,0,0,0,213,4,0,31-12-2016,30-01-2020,3.5,3.5,3.5,4.75,4.75,4,3,0.03,0,0,3,TRUE,8.586666666666668,40,FALSE
15722252,夏威夷式度假公寓,29131068,Henry,FALSE,2,TRUE,Bedok,East Region,1.31204,103.93769,Private room in rental unit,Private room,2,1,1,2,36.88,92,1125,29,59,89,364,0,0,,,,,,,,,,,0,0,2,FALSE,18.44,1,FALSE
15773382,Private Apartment in Novena,102007408,Geo,FALSE,1,TRUE,Novena,Central Region,1.32257,103.84395,Private room in rental unit,Private room,2,1,1,2,23.37,92,1125,29,59,89,270,2,0,07-09-2019,06-02-2020,4.5,4.5,4.5,5,5,5,4.5,0.02,0,0,1,TRUE,11.685,18,FALSE
15792137,Chinatown Single No window,23336011,Heritage,TRUE,82,TRUE,Outram,Central Region,1.2826809883117676,103.8457260131836,Room in aparthotel,Entire home/apt,1,1,1,1,100,1,365,23,53,83,358,173,15,09-12-2016,02-01-2026,4.79,4.87,4.85,4.9,4.93,4.97,4.69,1.49,90,9000,71,TRUE,100,29,FALSE
15792808,Chinatown Studio No window,23336011,Heritage,TRUE,82,TRUE,Outram,Central Region,1.2826809883117676,103.8457260131836,Room in aparthotel,Entire home/apt,2,1,1,1,124,2,365,23,52,82,357,264,23,26-12-2016,04-06-2026,4.82,4.85,4.84,4.86,4.94,4.94,4.72,2.28,138,17112,71,TRUE,62,28,FALSE
15965563,Common room near Gek Poh Shopping Center,103692249,Meganathan,FALSE,1,TRUE,Jurong West,West Region,1.34679,103.69814,Private room in rental unit,Private room,1,1,1,1,7.16,180,730,0,0,21,296,1,0,21-11-2018,21-11-2018,5,5,4,5,4,4,5,0.01,0,0,1,TRUE,7.16,14,TRUE
15991345,Cozy room in Newton,1521514,Elizbeth,FALSE,7,TRUE,Newton,Central Region,1.31268,103.83774,Private room in townhouse,Private room,2,1,1,2,26.6,92,1125,29,59,89,364,28,0,20-12-2016,12-01-2020,4.79,4.61,4.54,4.82,4.82,4.79,4.71,0.24,0,0,7,TRUE,13.3,26,FALSE
16006904,Quiet Room in Newton,1521514,Elizbeth,FALSE,7,TRUE,Newton,Central Region,1.3114,103.83911,Private room in townhouse,Private room,2,1,1,2,29.42,92,1125,29,59,89,364,12,0,19-01-2018,31-01-2020,4.83,4.67,4.42,4.83,4.75,4.92,4.42,0.12,0,0,7,TRUE,14.71,16,FALSE
16007139,Room with a balcony,1521514,Elizbeth,FALSE,7,TRUE,Novena,Central Region,1.31234,103.84297,Private room in townhouse,Private room,1,1,1,1,32.08,92,365,29,59,89,364,12,0,31-03-2017,30-12-2019,4.5,4.75,4.58,4.92,5,4.92,4.67,0.11,0,0,7,TRUE,32.08,24,FALSE
16044788,Loft studio at Orchard Rd,11390076,Tryston,FALSE,8,TRUE,Newton,Central Region,1.30641,103.84045,Private room in rental unit,Private room,2,1,1,2,21.83,93,365,27,57,87,362,14,0,09-01-2017,01-01-2020,4.36,4.31,3.85,4.62,4.62,4.85,4.23,0.12,0,0,8,TRUE,10.915,16,FALSE
16149105,Modern One bedroom 3 in Luxury Serviced Apartment,68059127,Wei,TRUE,50,TRUE,Bedok,East Region,1.32373,103.91641,Private room in bungalow,Private room,3,1,1,3,41.57,92,1125,0,19,49,324,1,0,01-12-2018,01-12-2018,5,5,5,5,5,5,5,0.01,0,0,50,TRUE,13.856666666666667,22,FALSE
16149534,Luxury Serviced Apartment - Cozy Studio Room 5,68059127,Wei,TRUE,50,TRUE,Bedok,East Region,1.32516,103.91487,Private room in villa,Private room,2,1,1,2,37.97,92,1125,0,0,0,241,0,0,,,,,,,,,,,0,0,50,FALSE,18.985,23,FALSE
16149684,Modern & Big One bedroom 8 at topfloor in bungalow,68059127,Wei,TRUE,50,TRUE,Bedok,East Region,1.32362,103.9146,Private room in villa,Private room,4,1,1,4,52.44,92,1125,0,0,0,227,1,0,01-01-2020,01-01-2020,5,3,3,5,5,5,4,0.01,0,0,50,TRUE,13.11,27,FALSE
16150227,Superior Double Room in House with services (4),68059127,Wei,TRUE,50,TRUE,Bedok,East Region,1.31844,103.91237,Private room in home,Private room,3,1,1,3,26.67,92,1125,29,59,89,364,4,0,22-09-2019,23-09-2021,4.75,4.75,4.25,4.75,5,4.75,4.75,0.05,0,0,50,TRUE,8.89,14,FALSE
16150642,Superior Studio room & private bathroom/kitchen(7),68059127,Wei,TRUE,50,TRUE,Bedok,East Region,1.31703,103.91242,Private room in home,Private room,3,1,1,3,35.23,92,1125,0,0,0,182,4,0,04-07-2019,15-11-2021,5,5,4.75,5,5,4.75,4.75,0.05,0,0,50,TRUE,11.743333333333332,14,FALSE
16155549,common room （3 minutes walking from MRT station）,91481229,Lin,FALSE,1,TRUE,Toa Payoh,Central Region,1.33514,103.85017,Private room in rental unit,Private room,1,1,1,1,1298.19,92,180,29,59,89,180,0,0,,,,,,,,,,,0,0,1,FALSE,1298.19,17,TRUE
16220808,Lavender DoubleBed *RmWZ : 5m walk MRT,2413412,Kaurus,FALSE,91,TRUE,Kallang,Central Region,1.30768,103.8634,Private room in rental unit,Private room,1,1,1,1,15.88,92,1125,0,30,60,335,1,0,24-06-2018,24-06-2018,5,5,5,5,5,5,5,0.01,0,0,91,TRUE,15.88,29,FALSE
16243464,clean master room for vegetarian female only,106191222,Varsha,FALSE,3,TRUE,Bedok,East Region,1.328848,103.913361,Entire condo,Entire home/apt,1,1,1,1,20.68,92,365,27,57,87,362,0,0,,,,,,,,,,,0,0,1,FALSE,20.68,46,FALSE
16260783,Deluxe Modern studio room EZS-6 with pool,24496358,Katherine,TRUE,53,TRUE,Bedok,East Region,1.3255,103.91599,Private room in bungalow,Private room,2,1,1,2,31.09,92,1125,0,0,28,303,5,0,30-06-2017,18-03-2020,4.8,4.8,4.4,4.8,5,4.4,4.8,0.05,0,0,53,TRUE,15.545,22,FALSE
16309636,Centre of Chinatown.,49380207,Ong,FALSE,11,TRUE,Outram,Central Region,1.28373,103.84347,Private room in condo,Private room,1,1,1,1,33.01,92,365,29,59,89,364,68,0,01-01-2017,05-12-2021,4.84,4.82,4.91,4.87,4.91,4.94,4.78,0.59,0,0,7,TRUE,33.01,17,FALSE
16370834,Comfortable Chermai (BR2),5423329,Jerome,FALSE,2,TRUE,Serangoon,North-East Region,1.38703,103.87264,Private room in townhouse,Private room,2,1,1,2,28.6,92,1125,27,57,87,362,37,0,05-02-2017,14-06-2025,4.95,4.97,5,4.97,4.97,4.73,4.84,0.32,0,0,2,TRUE,14.3,41,FALSE
16424205,Luxurious Villa with Private Pool,51481829,Shulin,FALSE,3,TRUE,Bukit Batok,West Region,1.37738,103.7586,Private room in townhouse,Private room,2,1,1,2,66.96,92,100,22,52,82,357,9,0,22-12-2016,19-03-2017,5,5,4.89,4.89,5,3.89,4.89,0.08,0,0,3,TRUE,33.48,23,FALSE
16462052,Elegant Room with Private Pool (2),51481829,Shulin,FALSE,3,TRUE,Bukit Batok,West Region,1.37723,103.75837,Private room in townhouse,Private room,2,1,1,2,60.28,92,100,22,52,82,357,17,0,31-12-2016,18-06-2017,4.76,4.75,4.82,4.82,4.82,4.18,4.82,0.15,0,0,3,TRUE,30.14,20,FALSE
16477283,Elegant Room with Private Pool (1),51481829,Shulin,FALSE,3,TRUE,Bukit Batok,West Region,1.37741,103.75807,Private room in townhouse,Private room,2,1,1,2,54.19,92,100,22,52,82,357,19,0,29-12-2016,04-10-2017,4.84,4.89,4.84,4.95,4.95,4.42,4.74,0.16,0,0,3,TRUE,27.095,17,FALSE
16502098,Cheap Private Rm in Cosy Home!,108417270,Nargis,FALSE,3,TRUE,Bedok,East Region,1.31889,103.91243,Private room in home,Private room,2,1,1,2,14.52,92,1125,28,58,88,179,139,0,30-05-2017,09-02-2020,4.55,4.71,4.69,4.74,4.75,4.7,4.64,1.26,0,0,3,TRUE,7.26,13,FALSE
16519375,"Cozy, spacious room w high speed fiber internet",108476315,Jane,FALSE,3,TRUE,River Valley,Central Region,1.29732,103.8397,Private room in condo,Private room,1,1,2,1,20.34,92,1125,26,56,86,361,19,0,15-09-2019,11-10-2024,4.63,4.32,4.63,4.53,4.63,4.95,4.79,0.23,0,0,3,TRUE,20.34,30,FALSE
16552273,1960s Queenbed RmAd* @ lavender bugis,8948251,Joey,FALSE,73,TRUE,Kallang,Central Region,1.30747,103.86212,Private room in rental unit,Private room,1,1,1,1,15.63,92,365,0,30,60,335,1,0,31-10-2018,31-10-2018,5,5,5,5,5,5,4,0.01,0,0,73,TRUE,15.63,28,FALSE
16650721,AmazinMasterbed Room next to MRT,28809566,Property,FALSE,5,TRUE,Sembawang,North Region,1.44154,103.82184,Private room in bungalow,Private room,2,1,1,2,44.52,92,92,28,58,88,363,1,0,08-10-2018,08-10-2018,4,5,4,5,5,5,5,0.01,0,0,5,TRUE,22.26,5,FALSE
16742820,Premium Studio In Orchard Road (350 sqft),111065775,Joyce,FALSE,16,TRUE,River Valley,Central Region,1.29719,103.83861,Room in serviced apartment,Hotel room,2,1,1,1,231.17,6,1125,15,45,75,340,12,0,06-02-2017,28-02-2020,4.75,4.83,4.83,4.75,4.75,4.92,4.5,0.1,0,0,16,TRUE,115.585,20,FALSE
16743909,Cozy Small Studio Apartment Off Orchard (200 sqft),111065775,Joyce,FALSE,16,TRUE,River Valley,Central Region,1.29685,103.83809,Room in serviced apartment,Hotel room,2,1,1,1,175,6,1125,21,51,81,346,21,2,15-02-2017,21-05-2026,4.38,4.52,4.43,4.71,4.81,4.76,4.29,0.18,24,4200,16,TRUE,87.5,17,FALSE
16744167,Small Cozy Studio In Somerset Orchard (250 sqft),111065775,Joyce,FALSE,16,TRUE,River Valley,Central Region,1.29893,103.83636,Room in serviced apartment,Hotel room,2,1,1,1,171.33,6,1125,21,45,75,339,19,0,11-02-2017,18-09-2023,4.53,4.58,4.58,4.84,4.79,4.95,4.32,0.17,0,0,16,TRUE,85.665,20,FALSE
16745292,Relaxed Small Studio In Orchard Road (200 sqft),111065775,Joyce,FALSE,16,TRUE,River Valley,Central Region,1.29776,103.83639,Entire serviced apartment,Entire home/apt,2,1,1,1,173.83,6,1125,16,35,63,328,18,1,19-04-2017,15-05-2026,4.11,4.44,4.61,4.78,4.44,4.89,4.39,0.16,12,2086,16,TRUE,86.915,16,FALSE
16750061,Small Studio Apartment In Orchard Road (200 sqft),111065775,Joyce,FALSE,16,TRUE,Orchard,Central Region,1.29899,103.8386,Entire rental unit,Entire home/apt,2,1,1,1,171.33,6,1125,21,51,81,346,19,1,15-02-2017,28-05-2026,4.68,4.53,4.58,4.95,4.89,5,4.74,0.17,12,2056,16,TRUE,85.665,25,FALSE
16798945,LavLoftbed *RmA1: 5m walk MRT,2413412,Kaurus,FALSE,91,TRUE,Kallang,Central Region,1.3098,103.86165,Private room in rental unit,Private room,1,1,1,1,11.47,92,1125,0,30,60,335,1,0,20-12-2017,20-12-2017,5,5,5,5,5,3,4,0.01,0,0,91,TRUE,11.47,28,FALSE
16846533,Small Cozy  Studio Room in Orchard Road (200 sqft),111065775,Joyce,FALSE,16,TRUE,River Valley,Central Region,1.29755,103.83676,Entire rental unit,Entire home/apt,2,1,1,1,171.29,7,1125,21,51,81,346,26,0,26-03-2017,05-03-2024,4.36,4.58,4.58,4.88,4.81,4.88,4.38,0.23,0,0,16,TRUE,85.645,25,FALSE
16848828,Comfortable Small Studio in Orchard (200 sqft),111065775,Joyce,FALSE,16,TRUE,River Valley,Central Region,1.29771,103.83853,Room in serviced apartment,Hotel room,2,1,1,1,175,6,1125,16,35,63,316,12,0,12-03-2017,02-09-2018,4.42,4.25,4.33,4.83,4.75,4.83,4.5,0.11,0,0,16,TRUE,87.5,23,FALSE
16966634,Quiet and Safe Location (BR1),5423329,Jerome,FALSE,2,TRUE,Serangoon,North-East Region,1.38565,103.87355,Private room in townhouse,Private room,2,1,1,2,25.5,92,1125,27,57,87,362,30,0,21-02-2017,02-10-2023,4.77,4.9,4.83,4.89,4.86,4.54,4.79,0.26,0,0,2,TRUE,12.75,37,FALSE
17053896,Masteroom with private bath @ Central Imperial,25375339,シン,FALSE,13,TRUE,Geylang,Central Region,1.31198,103.87923,Private room in condo,Private room,1,1,1,1,27.02,92,1125,29,59,89,364,5,0,15-07-2018,01-08-2019,4,3.8,4.4,4,4.2,4.2,4,0.05,0,0,12,TRUE,27.02,24,FALSE
17179470,Modern Asian Peranakan Gem 1,23874147,Adrian,FALSE,3,TRUE,Woodlands,North Region,1.43109,103.77355,Private room in rental unit,Private room,2,1,1,2,16.88,92,1125,0,30,60,335,16,0,10-08-2018,23-02-2024,4.75,4.63,4.75,4.81,5,4.81,4.69,0.17,0,0,3,TRUE,8.44,46,FALSE
17275135,Orchard Rd - Big Master Room,11390076,Tryston,FALSE,8,TRUE,Newton,Central Region,1.30447,103.83852,Private room in rental unit,Private room,2,1,1,2,21.53,93,365,28,58,88,363,16,0,28-02-2017,28-03-2023,4.75,4.88,4.38,4.94,5,4.94,4.5,0.14,0,0,8,TRUE,10.765,11,FALSE
17488373,prewar doublebed RmA1 > lavender MRT,97878860,Chess,FALSE,59,TRUE,Kallang,Central Region,1.30834,103.86143,Private room in rental unit,Private room,1,1,1,1,18.14,92,1125,0,30,60,335,1,0,27-05-2017,27-05-2017,5,5,5,5,5,5,5,0.01,0,0,59,TRUE,18.14,28,FALSE
17615250,prewar small queenbed > lavender MRT,97878860,Chess,FALSE,59,TRUE,Kallang,Central Region,1.30829,103.86146,Private room in rental unit,Private room,1,1,1,1,15.76,92,365,0,30,60,335,1,0,24-12-2020,24-12-2020,5,5,4,5,5,5,5,0.01,0,0,59,TRUE,15.76,28,FALSE
17626886,prewar doublebed RmA* > lavender MRT,97878860,Chess,FALSE,59,TRUE,Kallang,Central Region,1.3095,103.86144,Private room in rental unit,Private room,1,1,1,1,15.67,92,365,0,30,60,335,4,0,04-04-2017,16-06-2018,4.75,4.75,4.25,5,4.25,5,4.5,0.04,0,0,59,TRUE,15.67,28,FALSE
17643521,prewar 'revamped Studio-style' Balcony Room,97878860,Chess,FALSE,59,TRUE,Kallang,Central Region,1.30885,103.86218,Private room in rental unit,Private room,1,1,1,1,23.41,92,365,0,30,60,335,0,0,,,,,,,,,,,0,0,59,FALSE,23.41,29,FALSE
17740089,Orchard Road 2 single beds,119740557,Nicholas,FALSE,2,TRUE,Newton,Central Region,1.30571,103.84077,Private room in rental unit,Private room,2,1,1,2,12.22,180,1125,28,58,88,269,7,0,24-03-2017,19-09-2018,4,3.86,3.29,4.57,4.71,4.86,4.43,0.06,0,0,2,TRUE,6.11,13,FALSE
17766467,prewar Balcony Room Attach shower/wash room,97878860,Chess,FALSE,59,TRUE,Kallang,Central Region,1.30957,103.86134,Private room in rental unit,Private room,1,1,1,1,18.69,92,1125,0,30,60,335,2,0,03-04-2017,13-09-2019,4.5,4.5,4,4.5,4.5,5,5,0.02,0,0,59,TRUE,18.69,28,FALSE
17780022,Beautiful bright room in great Robertson Quay area,11080562,Verena,FALSE,1,TRUE,River Valley,Central Region,1.29219,103.83752,Private room in rental unit,Private room,2,1,1,2,13.02,186,260,29,59,89,364,0,0,,,,,,,,,,,0,0,1,FALSE,6.51,12,FALSE
17927897,Heritage Collection on Clarke Quay Studio Premium,23336011,Heritage,TRUE,82,TRUE,Singapore River,Central Region,1.2880489826202393,103.84872436523438,Room in aparthotel,Entire home/apt,2,1,1,1,165,1,365,19,44,74,341,58,1,12-10-2017,03-10-2025,4.9,4.9,4.97,4.69,4.97,4.98,4.78,0.55,6,990,71,TRUE,82.5,29,FALSE
17928170,Heritage Collection on Clarke Quay Studio,23336011,Heritage,TRUE,82,TRUE,Singapore River,Central Region,1.2880489826202393,103.84872436523438,Room in aparthotel,Entire home/apt,2,1,1,1,151,2,365,26,56,86,361,188,9,15-05-2017,14-06-2026,4.81,4.86,4.9,4.79,4.91,4.91,4.72,1.69,54,8154,71,TRUE,75.5,34,FALSE
17928273,Heritage Collection on Clarke Quay  Studio Single,23336011,Heritage,TRUE,82,TRUE,Singapore River,Central Region,1.2880489826202393,103.84872436523438,Room in aparthotel,Entire home/apt,1,1,1,1,123,1,365,18,46,76,348,78,6,30-04-2017,21-04-2026,4.74,4.9,4.86,4.74,4.87,4.9,4.59,0.7,36,4428,71,TRUE,123,30,FALSE
17929045,Beds (without window)near Bugis Heritage,211434941,Sl,FALSE,5,TRUE,Downtown Core,Central Region,1.29649,103.85526,Room in boutique hotel,Hotel room,2,1,1,2,53.3,92,1125,29,59,89,364,4,0,29-06-2019,18-01-2020,4.75,4.75,4.75,4.75,4.75,5,4,0.05,0,0,5,TRUE,26.65,17,FALSE
17929052,"Urban Heritage (Suite with washer/dryer,microwave)",211434941,Sl,FALSE,5,TRUE,Downtown Core,Central Region,1.29649,103.85526,Room in boutique hotel,Hotel room,3,1,1,3,87.21,92,1125,29,59,89,180,0,0,,,,,,,,,,,0,0,5,FALSE,29.069999999999997,17,FALSE
17929053,Urban Skyloft with Balcony near Bugis Heritage,211434941,Sl,FALSE,5,TRUE,Downtown Core,Central Region,1.29649,103.85526,Room in boutique hotel,Hotel room,3,1,1,3,103.33,92,1125,29,59,89,180,8,0,01-01-2019,21-06-2021,4,4.25,4.13,4.38,4.5,4.5,4.13,0.09,0,0,5,TRUE,34.443333333333335,19,FALSE
17929054,Heritage Family Room with high ceiling,211434941,Sl,FALSE,5,TRUE,Downtown Core,Central Region,1.29649,103.85526,Room in boutique hotel,Hotel room,4,1,1,4,93.66,92,1125,29,59,89,180,3,0,04-01-2020,24-01-2020,4.33,4.33,4.33,5,5,5,4.33,0.04,0,0,5,TRUE,23.415,18,FALSE
17951810,Condo Common Rm opposite of Lakeside Mrt,9293170,Lei Lei,FALSE,3,TRUE,Jurong West,West Region,1.34497,103.72204,Private room in rental unit,Private room,2,1,1,2,18.99,92,365,29,31,31,237,12,0,03-12-2017,13-06-2025,4.5,4.58,4.42,4.83,4.92,5,4.67,0.11,0,0,2,TRUE,9.495,33,FALSE
18000521,Kreta Ayer (South Wing)  Studio Premium Apartment,23336011,Heritage,TRUE,82,TRUE,Outram,Central Region,1.2830869666954594,103.84373884778724,Entire rental unit,Entire home/apt,2,1,1,2,55.12,92,1125,29,59,89,364,4,0,06-04-2017,24-10-2017,4,4.5,5,3.67,4,4.67,4.67,0.04,0,0,71,TRUE,27.56,25,FALSE
18052476,CHIC STAY IN THE HEART OF SINGAPORE!,124238686,Mk,FALSE,2,TRUE,Newton,Central Region,1.31001,103.84101,Private room in rental unit,Private room,2,1,1,2,26.76,92,1125,0,0,29,210,50,0,07-05-2017,10-03-2020,4.7,4.92,4.74,4.9,4.94,4.74,4.76,0.45,0,0,2,TRUE,13.38,39,FALSE
18151459,West private room near NTU,12083856,Wendy,FALSE,4,TRUE,Jurong West,West Region,1.34443,103.71245,Private room in home,Private room,1,1,1,1,10.55,185,900,29,59,89,364,5,0,24-04-2017,31-05-2023,5,5,5,5,4.8,4.6,4.8,0.04,0,0,2,TRUE,10.55,14,TRUE
18169687,Luxury Serviced Apartment-Studio Room 6 & Pool,68059127,Wei,TRUE,50,TRUE,Bedok,East Region,1.32551,103.91498,Private room in villa,Private room,2,1,1,2,31.09,92,1125,0,0,28,303,6,0,04-07-2018,19-07-2020,4.5,4.83,4.5,5,5,4.67,4.83,0.06,0,0,50,TRUE,15.545,22,FALSE
18184250,Lor 17 L2R5 Private room in a walkup apartment,33096269,E C,FALSE,13,TRUE,Geylang,Central Region,1.31314,103.88002,Private room in rental unit,Private room,4,1,1,4,24.93,92,1125,28,58,88,363,118,0,13-05-2017,05-02-2022,4.39,4.75,4.36,4.81,4.85,4.37,4.48,1.06,0,0,11,TRUE,6.2325,15,FALSE
18199481,Heritage Collection on Clarke Quay Single NoWindow,23336011,Heritage,TRUE,82,TRUE,Singapore River,Central Region,1.2880489826202393,103.84872436523438,Room in aparthotel,Entire home/apt,1,1,1,1,115,1,365,16,42,72,345,40,0,19-02-2019,25-02-2025,4.68,4.75,4.83,4.5,4.8,4.75,4.65,0.45,0,0,71,TRUE,115,29,FALSE
18202395,Heritage Collection on Clarke Quay Studio NoWindow,23336011,Heritage,TRUE,82,TRUE,Outram,Central Region,1.281913995742798,103.84838104248048,Room in aparthotel,Entire home/apt,2,1,1,1,134,1,365,22,44,74,347,70,4,10-12-2018,11-05-2026,4.79,4.73,4.91,4.89,4.9,4.91,4.6,0.76,24,3216,71,TRUE,67,34,FALSE
18253219,"Condo Studio Apartment in Downtown CBD, Min. 3mths",92626981,S,FALSE,1,TRUE,Downtown Core,Central Region,1.27361,103.84421,Entire condo,Entire home/apt,1,1,1,1,48.71,92,365,27,57,87,362,3,0,30-12-2017,09-12-2024,5,5,5,5,5,5,4.67,0.03,0,0,1,TRUE,48.71,46,FALSE
18342015,En-suites room with shared pool in bungalow house,68059127,Wei,TRUE,50,TRUE,Bedok,East Region,1.32478,103.9147,Private room in bungalow,Private room,2,1,1,2,33.56,92,1125,29,59,89,364,0,0,,,,,,,,,,,0,0,50,FALSE,16.78,21,FALSE
18421322,prewar2 loftbed roomA > lavender MRT,97878860,Chess,FALSE,59,TRUE,Kallang,Central Region,1.30825,103.8616,Private room in rental unit,Private room,1,1,1,1,11.67,92,1125,0,30,60,335,1,0,28-07-2017,28-07-2017,5,5,5,5,5,5,5,0.01,0,0,59,TRUE,11.67,28,FALSE
18452100,prewar2 loftbed *roomCS > lavender MRT,97878860,Chess,FALSE,59,TRUE,Kallang,Central Region,1.30858,103.86098,Private room in rental unit,Private room,1,1,1,1,15.52,92,1125,0,30,60,335,2,0,29-06-2020,16-11-2020,5,5,5,5,5,5,4,0.03,0,0,59,TRUE,15.52,28,FALSE
18508828,(Room)Breezy Comfy Stay (Kitchen Bathroom),128465640,Azlan,FALSE,2,TRUE,Woodlands,North Region,1.44882,103.79933,Private room in serviced apartment,Private room,3,1,1,3,25.17,92,1125,29,59,89,364,39,0,29-05-2017,15-04-2020,4.82,4.87,4.67,4.95,4.95,4.66,4.76,0.35,0,0,2,TRUE,8.39,35,FALSE
18513959,prewar doublebed RmR* > Lavender MRT,97878860,Chess,FALSE,59,TRUE,Kallang,Central Region,1.30983,103.862,Private room in rental unit,Private room,1,1,1,1,16.34,92,1125,0,30,60,335,1,0,02-03-2019,02-03-2019,5,5,4,5,5,5,5,0.01,0,0,59,TRUE,16.34,27,FALSE
18674998,Cozy Premium Studio In Orchard Road (300 sqft),111065775,Joyce,FALSE,16,TRUE,River Valley,Central Region,1.29765,103.83627,Room in serviced apartment,Hotel room,2,1,1,1,194,6,1125,15,45,75,340,8,1,22-07-2017,26-07-2025,4.38,5,4.5,5,5,4.86,4.43,0.07,12,2328,16,TRUE,97,22,FALSE
18675202,Premium Studio 2 Mins Walk To Orchard (300 sqft),111065775,Joyce,FALSE,16,TRUE,Orchard,Central Region,1.29892,103.83846,Room in serviced apartment,Hotel room,2,1,1,1,194,6,1125,15,45,75,329,22,0,28-07-2017,03-10-2022,4.45,4.59,4.36,4.71,4.73,4.76,4.33,0.2,0,0,16,TRUE,97,24,FALSE
18858584,Cozy Premium Studio 2 Mins To Orchard (300 sqft),111065775,Joyce,FALSE,16,TRUE,Orchard,Central Region,1.29907,103.83825,Room in serviced apartment,Hotel room,2,1,2,1,194,6,1125,15,45,75,328,16,4,18-06-2017,26-02-2026,4.56,4.5,4.44,4.69,4.75,4.81,4.44,0.15,48,9312,16,TRUE,97,29,FALSE
18899288,Condo Beside Bt Batok Mrt ~ The Jade,228867,Champ,FALSE,2,TRUE,Bukit Batok,West Region,1.35036,103.74938,Private room in condo,Private room,2,1,1,2,25.75,93,300,29,59,89,364,6,0,07-07-2017,24-06-2019,4,4.2,4,4.6,4.6,4.6,4,0.05,0,0,2,TRUE,12.875,9,FALSE
19218794,Renovated Master Bedroom & own bathroom@East Coast,36416351,Min,FALSE,1,TRUE,Bedok,East Region,1.30954,103.91471,Private room in rental unit,Private room,2,1,3,2,58.86,92,180,29,59,89,270,31,0,25-06-2017,31-03-2018,4.84,4.94,4.87,4.93,4.97,4.62,4.76,0.28,0,0,1,TRUE,29.43,34,FALSE
19595827,Comfy 2BR Apartment in the Heart of Orchard Road,135298846,Karen,FALSE,9,TRUE,Orchard,Central Region,1.30435,103.83382,Entire serviced apartment,Entire home/apt,5,2,2,3,916,6,1125,0,27,57,332,29,0,08-10-2017,16-04-2025,4.79,4.86,4.62,5,4.97,5,4.66,0.27,0,0,9,TRUE,183.2,39,FALSE
19652882,Lux Studio@Marina Bay Singapore,69121685,Pat,FALSE,6,TRUE,Downtown Core,Central Region,1.28107,103.85205,Entire rental unit,Entire home/apt,3,1,1,3,71.94,92,1125,29,59,89,364,2,0,10-11-2017,19-10-2018,3.5,3,3.5,3,3,5,3,0.02,0,0,5,TRUE,23.98,26,FALSE
19774490,partial Ensuite* with own washer/dryer,8948251,Joey,FALSE,73,TRUE,Kallang,Central Region,1.30791,103.86305,Private room in rental unit,Private room,1,1,1,1,19.04,92,1125,0,30,60,335,2,0,13-07-2017,30-12-2020,5,5,5,5,5,4.5,5,0.02,0,0,73,TRUE,19.04,28,FALSE
19774868,Private Room with Private Washroom for 1 Person,126914776,Anil,FALSE,1,TRUE,Ang Mo Kio,North-East Region,1.37579,103.84928,Private room in rental unit,Private room,1,1,1,1,49.78,92,1125,28,58,88,363,0,0,,,,,,,,,,,0,0,1,FALSE,49.78,9,FALSE
19801431,"1960 Queenbed *RmQ, lavender bugis",8948251,Joey,FALSE,73,TRUE,Kallang,Central Region,1.3101,103.86166,Private room in rental unit,Private room,1,1,1,1,15.71,92,365,0,30,60,335,1,0,01-10-2018,01-10-2018,5,5,5,5,5,5,5,0.01,0,0,73,TRUE,15.71,28,FALSE
19895150,Rare Twin Studios /2rm @MarinaBaySG,69121685,Pat,FALSE,6,TRUE,Downtown Core,Central Region,1.28116,103.8536,Entire condo,Entire home/apt,7,1,2,7,144.8,92,1125,29,59,89,364,4,0,09-08-2017,24-09-2019,4,3.75,4.25,5,4.75,5,3.75,0.04,0,0,5,TRUE,20.685714285714287,37,FALSE
20003123,"postwar window bunkbed room, just-U & no-sharing",97878860,Chess,FALSE,59,TRUE,Geylang,Central Region,1.31661,103.88305,Private room in rental unit,Private room,1,1,1,1,16.32,92,365,0,30,60,335,1,0,29-07-2020,29-07-2020,3,5,5,5,5,5,3,0.01,0,0,59,TRUE,16.32,27,FALSE
20016031,Lux 2Br at Tg Pagar  / Shenton Way,69121685,Pat,FALSE,6,TRUE,Outram,Central Region,1.27719,103.84256,Entire condo,Entire home/apt,6,1,2,6,125.49,92,1125,29,59,89,364,3,0,12-12-2017,19-02-2018,5,5,4.33,5,5,4.67,4.67,0.03,0,0,5,TRUE,20.915,23,FALSE
20084815,Prime Loft Apt in the heart of Orchard Road,135298846,Karen,FALSE,9,TRUE,Orchard,Central Region,1.30442,103.8325,Entire serviced apartment,Entire home/apt,2,1,1,1,469,6,1125,25,55,85,360,40,6,26-11-2017,14-03-2026,4.95,4.95,4.93,5,4.98,4.9,4.85,0.38,72,33768,9,TRUE,234.5,37,FALSE
20395120,Contemporary casual,145421414,Tony,FALSE,1,TRUE,Punggol,North-East Region,1.39368,103.91515,Private room in rental unit,Private room,2,1,1,2,34.05,92,1125,28,58,88,269,3,0,04-09-2017,16-10-2017,5,5,5,5,5,5,5,0.03,0,0,1,TRUE,17.025,25,FALSE
20625688,"1970s private queenbed Rm1, no-sharing.",8948251,Joey,FALSE,73,TRUE,Geylang,Central Region,1.3147,103.88163,Private room in rental unit,Private room,1,1,1,1,16.9,92,1125,0,30,60,335,0,0,,,,,,,,,,,0,0,73,FALSE,16.9,27,FALSE
20625726,Aljunied Queenbed roomC > 5min MRT > CBD 15 mins,2413412,Kaurus,FALSE,91,TRUE,Geylang,Central Region,1.31541,103.88217,Private room in rental unit,Private room,1,1,1,1,15.68,92,1125,0,30,60,335,1,0,07-09-2019,07-09-2019,5,5,5,5,5,5,5,0.01,0,0,91,TRUE,15.68,27,FALSE
20625773,postwar queenbed *rm > 3min walk aljunied mrt,97878860,Chess,FALSE,59,TRUE,Geylang,Central Region,1.31539,103.88213,Private room in rental unit,Private room,1,1,1,1,16.1,92,1125,0,30,60,335,1,0,24-11-2018,24-11-2018,5,5,4,5,5,4,4,0.01,0,0,59,TRUE,16.1,27,FALSE
20631625,"CLASSIC 1BR in VIVA VISTA, SINGAPORE",138649185,Sidharth,FALSE,492,TRUE,Queenstown,Central Region,1.28684,103.78593,Entire serviced apartment,Entire home/apt,2,1,1,2,89.75,92,1125,28,58,88,363,0,0,,,,,,,,,,,0,0,215,FALSE,44.875,33,FALSE
20806898,Affordable 1 Studio Suite Apartment @ Orchard Road,124516401,Orchard Point,FALSE,8,TRUE,Orchard,Central Region,1.30252,103.84143,Entire serviced apartment,Entire home/apt,2,1,1,2,242,6,365,0,0,0,88,11,5,22-10-2017,10-04-2026,4.73,4.73,4.55,4.64,4.82,4.91,3.91,0.1,60,14520,8,TRUE,121,55,FALSE
20877332,Downtown: loftbed roomA @ chinatown/cbd,97878860,Chess,FALSE,59,TRUE,Outram,Central Region,1.28412,103.84245,Private room in rental unit,Private room,1,1,1,1,14.27,92,1125,0,0,29,304,1,0,30-12-2017,30-12-2017,4,5,4,5,5,5,5,0.01,0,0,59,TRUE,14.27,27,FALSE
21013726,"Lavender Semi-Ensuite*, 5 min to MRT",2413412,Kaurus,FALSE,91,TRUE,Kallang,Central Region,1.30852,103.86103,Private room in rental unit,Private room,1,1,1,1,18.9,92,1125,0,30,60,335,4,0,15-02-2019,12-07-2021,4.25,4,3.5,4.75,4.5,4.25,4,0.04,0,0,91,TRUE,18.9,30,FALSE
21015410,partial *Ensuite with own washer/dryer,8948251,Joey,FALSE,73,TRUE,Kallang,Central Region,1.30895,103.86149,Private room in rental unit,Private room,1,1,1,1,18.7,92,1125,0,30,60,335,1,0,14-06-2019,14-06-2019,4,5,4,5,5,5,5,0.01,0,0,73,TRUE,18.7,30,FALSE
21015787,prewar miniStudio + washer/dryer,97878860,Chess,FALSE,59,TRUE,Kallang,Central Region,1.3097,103.8617,Private room in rental unit,Private room,1,1,1,1,18.9,92,1125,0,30,60,335,0,0,,,,,,,,,,,0,0,59,FALSE,18.9,30,FALSE
21015873,Serviced Apartment 2 - 4 mins walk Bras Basah MRT,148161755,Jan,TRUE,26,TRUE,Rochor,Central Region,1.29806,103.85257,Entire serviced apartment,Entire home/apt,2,1,1,1,342.5,6,90,27,57,87,362,13,2,19-09-2018,04-12-2025,5,4.92,4.85,5,5,4.85,4.69,0.14,24,8220,26,TRUE,171.25,42,FALSE
21015876,CBD Studio Apartment | 2 - 5 mins to Bencoolen MRT,148161755,Jan,TRUE,26,TRUE,Rochor,Central Region,1.29806,103.85257,Entire rental unit,Entire home/apt,2,1,1,1,342.5,6,90,26,42,64,339,32,8,19-01-2018,01-05-2026,4.97,4.97,4.94,4.94,4.94,4.97,4.81,0.31,96,32880,26,TRUE,171.25,37,FALSE
21154124,Master Bedroom in City Area,152646149,Sidney,FALSE,4,TRUE,Rochor,Central Region,1.30103,103.85222,Private room in rental unit,Private room,2,1,1,2,18.85,180,730,28,58,88,363,1,0,26-11-2017,26-11-2017,5,4,3,5,5,5,5,0.01,0,0,3,TRUE,9.425,23,FALSE
21214988,Luxury place,149095282,Choo,FALSE,2,TRUE,River Valley,Central Region,1.29514,103.83672,Private room in condo,Private room,1,1,1,1,40.21,92,1125,26,56,86,267,0,0,,,,,,,,,,,0,0,1,FALSE,40.21,15,FALSE
21227203,3 min MRT/city area cozy room&pool@Bukit Timah,142727817,Yun,FALSE,3,TRUE,Bukit Timah,Central Region,1.32446,103.80848,Private room in guest suite,Private room,2,1,1,2,44.7,92,365,29,59,89,364,36,0,22-11-2017,26-09-2019,4.64,4.72,4.86,4.92,4.86,4.89,4.58,0.34,0,0,2,TRUE,22.35,44,FALSE
21283595,Small Studio 2 mins Walk To Orchard (200 sqft),111065775,Joyce,FALSE,16,TRUE,River Valley,Central Region,1.29867,103.83666,Room in serviced apartment,Hotel room,2,1,1,1,178.33,6,1125,21,51,81,346,9,0,03-11-2017,25-08-2019,4.22,3.89,4.44,4.89,4.33,4.78,3.89,0.09,0,0,16,TRUE,89.165,24,FALSE
21398866,"1960s Queenbed room, MRT > City 2min",8948251,Joey,FALSE,73,TRUE,Kallang,Central Region,1.30996,103.86357,Private room in rental unit,Private room,1,1,1,1,16.08,92,1125,0,30,60,335,0,0,,,,,,,,,,,0,0,73,FALSE,16.08,28,FALSE
21402272,Penthouse with unblocked view 8min walk fm MRT,55973390,Joy,FALSE,1,TRUE,Bedok,East Region,1.33084,103.90841,Entire loft,Entire home/apt,3,1,2,3,55.39,92,1125,29,59,89,364,3,0,27-04-2019,10-11-2022,4.33,5,4.33,5,5,4,4.33,0.03,0,0,1,TRUE,18.463333333333335,34,FALSE
21415749,Luxury Capsule (Single - Mixed) [Kampong Glam],151316863,Cube,FALSE,6,TRUE,Rochor,Central Region,1.30161,103.8596,Room in hotel,Hotel room,1,8.5,1,1,71,1,365,29,59,89,362,242,4,01-01-2018,02-03-2026,4.62,4.76,4.51,4.84,4.83,4.83,4.65,2.34,24,1704,6,TRUE,71,18,FALSE
21416331,Luxury Capsule (Single-Female Only) [Kampong Glam],151316863,Cube,FALSE,6,TRUE,Rochor,Central Region,1.3011,103.8604,Room in hotel,Hotel room,1,8.5,1,1,70,1,365,29,59,89,359,57,0,25-12-2017,18-01-2024,4.63,4.74,4.35,4.89,4.86,4.84,4.61,0.55,0,0,6,TRUE,70,18,FALSE
21416445,Luxury Capsule (Queen - Mixed)[Kampong Glam],151316863,Cube,FALSE,6,TRUE,Downtown Core,Central Region,1.30041,103.85857,Room in hotel,Hotel room,2,1,1,1,107,1,365,29,59,89,362,16,0,31-01-2018,01-11-2023,4.25,4.5,4.13,4.44,4.69,4.63,4.19,0.16,0,0,6,TRUE,53.5,18,FALSE
21420790,Standard Single Room in City Center,155244964,The Quay,FALSE,7,TRUE,Singapore River,Central Region,1.28684,103.8472,Room in hotel,Hotel room,1,1,2,1,120,1,365,4,7,16,178,36,8,08-01-2018,13-03-2026,4.75,4.83,4.81,4.94,4.83,4.81,4.61,0.35,48,5760,7,TRUE,120,23,FALSE
21428446,Superior Double Room in City Center - no windows,155244964,The Quay,FALSE,7,TRUE,Singapore River,Central Region,1.28658,103.84741,Room in hotel,Hotel room,2,1,1,1,145,1,365,23,49,77,344,202,37,21-01-2018,03-06-2026,4.47,4.54,4.6,4.75,4.68,4.72,4.33,1.97,222,32190,7,TRUE,72.5,25,FALSE
21605333,Deluxe Double Room in City Center,155244964,The Quay,FALSE,7,TRUE,Singapore River,Central Region,1.28616,103.84908,Room in hotel,Hotel room,2,1.5,1,1,165,1,365,13,35,63,331,151,33,18-12-2017,10-06-2026,4.51,4.62,4.69,4.87,4.78,4.72,4.41,1.45,198,32670,7,TRUE,82.5,22,FALSE
21650745,Condo Standard Room (Quiet & Nice Window View),155235048,Michael,FALSE,2,TRUE,Choa Chu Kang,West Region,1.39539,103.75033,Private room in rental unit,Private room,1,1,1,1,12.27,92,365,28,58,88,266,1,0,22-03-2018,22-03-2018,5,5,5,5,5,5,5,0.01,0,0,2,TRUE,12.27,24,FALSE
21670282,Lovely 3BR Apt in the Heart of Orchard Road,135298846,Karen,FALSE,9,TRUE,Orchard,Central Region,1.30447,103.83378,Entire serviced apartment,Entire home/apt,7,2,3,4,1820.5,6,1125,12,42,72,347,32,0,28-01-2018,23-09-2024,4.78,4.75,4.66,4.91,4.78,5,4.47,0.31,0,0,9,TRUE,260.07142857142856,36,TRUE
21703476,1960s Queenbed RmA1 @ lavender bugis,8948251,Joey,FALSE,73,TRUE,Kallang,Central Region,1.3101,103.86233,Private room in rental unit,Private room,1,1,1,1,15.42,92,1125,0,30,60,335,1,0,03-03-2018,03-03-2018,4,5,3,5,5,5,5,0.01,0,0,73,TRUE,15.42,28,FALSE
21755679,Master room at Orchard,11390076,Tryston,FALSE,8,TRUE,Newton,Central Region,1.30367,103.84023,Private room in rental unit,Private room,2,1,1,2,19.41,93,730,22,52,82,357,5,0,28-10-2018,30-09-2019,4.8,4.6,4.2,4.6,4.8,5,4.6,0.05,0,0,8,TRUE,9.705,9,FALSE
21793363,"postwar singlebed *rm2, 3min to aljunied mrt",97878860,Chess,FALSE,59,TRUE,Geylang,Central Region,1.31563,103.88228,Private room in rental unit,Private room,1,1,1,1,15.7,92,1125,0,30,60,335,1,0,22-11-2019,22-11-2019,5,5,5,5,5,5,5,0.01,0,0,59,TRUE,15.7,28,FALSE
21803237,Aljunied Room*A > MRT 3min > CBD 15 mins,2413412,Kaurus,FALSE,91,TRUE,Geylang,Central Region,1.31496,103.88168,Private room in rental unit,Private room,1,1,1,1,16.62,92,1125,0,30,60,335,1,0,24-05-2018,24-05-2018,5,5,4,5,5,5,5,0.01,0,0,91,TRUE,16.62,27,FALSE
21854678,Cozy Studio Amaze Apt with WiFi in Kallang,159031223,Stay With Fort,TRUE,8,TRUE,Kallang,Central Region,1.29951,103.88525,Entire serviced apartment,Entire home/apt,2,1,1,1,208,6,1100,0,12,32,201,163,16,17-12-2017,22-06-2026,4.8,4.82,4.8,4.89,4.84,4.58,4.63,1.57,192,39936,8,TRUE,104,39,FALSE
21854687,Cozy Studio Chic Apt with WiFi in Kallang,159031223,Stay With Fort,TRUE,8,TRUE,Kallang,Central Region,1.29951,103.88525,Entire serviced apartment,Entire home/apt,2,1,1,1,208,6,1100,0,0,0,220,316,56,02-01-2018,30-05-2026,4.83,4.81,4.89,4.87,4.86,4.62,4.69,3.06,255,53040,8,TRUE,104,38,FALSE
21854697,Cozy Studio Sky Suite Apt with WiFi in Kallang,159031223,Stay With Fort,TRUE,8,TRUE,Kallang,Central Region,1.29951,103.88525,Entire serviced apartment,Entire home/apt,2,1,1,1,215.67,6,1100,0,0,5,214,32,1,10-12-2017,25-10-2025,4.72,4.78,4.88,4.81,4.81,4.47,4.5,0.31,12,2588,8,TRUE,107.835,55,FALSE
21913744,kEnsuiteM1 Brickwall* @ Chinatown/CBD,2413412,Kaurus,FALSE,91,TRUE,Outram,Central Region,1.28449,103.84294,Private room in rental unit,Private room,1,1,1,1,25,92,1125,0,0,29,304,1,0,14-01-2018,14-01-2018,5,5,5,5,5,,,0.01,0,0,91,TRUE,25,29,FALSE
21916263,Lavender SingleBed *Rm2: 5m walk MRT,2413412,Kaurus,FALSE,91,TRUE,Kallang,Central Region,1.30957,103.86113,Private room in rental unit,Private room,1,1,1,1,15.42,92,1125,0,30,60,335,3,0,22-06-2018,31-08-2020,4.67,4.67,3.67,5,5,5,4.33,0.03,0,0,91,TRUE,15.42,28,FALSE
21927257,"1970s singlebed *RmA1, no-sharing",8948251,Joey,FALSE,73,TRUE,Geylang,Central Region,1.31475,103.88165,Private room in rental unit,Private room,1,1,1,1,16.1,92,1125,0,30,60,335,1,0,29-04-2018,29-04-2018,5,5,5,5,5,5,5,0.01,0,0,73,TRUE,16.1,28,FALSE
22007320,Clean & tidy,160703921,KayGek,FALSE,2,TRUE,Bukit Panjang,West Region,1.36887,103.7711,Private room in condo,Private room,1,1,1,1,29.73,92,1125,28,58,88,269,0,0,,,,,,,,,,,0,0,2,FALSE,29.73,6,FALSE
22021287,Near Jurong east MRT new condo  room,124827904,Lucy,FALSE,2,TRUE,Jurong East,West Region,1.33637,103.74143,Private room in condo,Private room,1,1,1,1,34.53,92,1125,29,59,89,360,10,0,01-03-2019,02-01-2022,4.8,4.7,4.7,4.7,5,4.9,4.8,0.11,0,0,2,TRUE,34.53,25,FALSE
22051870,Small Utility Cosy Room,108417270,Nargis,FALSE,3,TRUE,Bedok,East Region,1.31856,103.91075,Private room in home,Private room,2,1,1,2,12.84,92,1125,27,57,87,268,159,0,06-01-2018,23-03-2020,4.67,4.76,4.74,4.82,4.84,4.7,4.69,1.54,0,0,3,TRUE,6.42,11,FALSE
22051992,Downtown Ensuite89M1 (Non-Tourist),97878860,Chess,FALSE,59,TRUE,Outram,Central Region,1.28449,103.84294,Private room in rental unit,Private room,1,1,1,1,20.62,92,1125,0,30,60,335,1,0,03-01-2018,03-01-2018,5,5,5,5,5,5,4,0.01,0,0,59,TRUE,20.62,28,FALSE
22214451,1960s Queenbed RmDa* @ lavender bugis,8948251,Joey,FALSE,73,TRUE,Kallang,Central Region,1.30936,103.86254,Private room in rental unit,Private room,1,1,1,1,18.68,92,1124,0,30,60,335,1,0,03-12-2018,03-12-2018,5,5,5,5,5,5,5,0.01,0,0,73,TRUE,18.68,28,FALSE
22230934,Downtown Ensuite02M1*,97878860,Chess,FALSE,59,TRUE,Outram,Central Region,1.28449,103.84294,Private room in rental unit,Private room,1,1,1,1,25,92,1125,0,0,29,304,1,0,22-08-2018,22-08-2018,4,4,4,5,5,5,4,0.01,0,0,59,TRUE,25,29,FALSE
22233862,Resort Style Stay in Lush Green Terrace House,9899270,Peir,FALSE,6,TRUE,Bukit Timah,Central Region,1.34228,103.7723,Private room in home,Private room,4,1,1,4,38.23,92,1125,29,59,89,270,62,0,02-01-2018,03-03-2020,4.81,4.87,4.77,4.95,4.95,4.82,4.66,0.6,0,0,6,TRUE,9.5575,32,FALSE
22267147,"postwar singlebed *rmSu, 3min to aljunied mrt.",97878860,Chess,FALSE,59,TRUE,Geylang,Central Region,1.3147,103.88163,Private room in rental unit,Private room,1,1,1,1,17.37,92,1125,0,30,60,335,2,0,27-11-2018,28-02-2019,3.5,4,2.5,5,5,4.5,3.5,0.02,0,0,59,TRUE,17.37,28,FALSE
22345943,prewar doublebed RmA* > Lavender MRT,97878860,Chess,FALSE,59,TRUE,Kallang,Central Region,1.30736,103.86222,Private room in rental unit,Private room,1,1,1,1,18.73,92,1125,0,30,60,335,2,0,21-04-2018,07-07-2021,5,5,5,5,5,5,5,0.02,0,0,59,TRUE,18.73,29,FALSE
22376153,1960s queenbed RmK* @ lavender bugis,8948251,Joey,FALSE,73,TRUE,Kallang,Central Region,1.31049,103.86129,Private room in rental unit,Private room,1,1,1,1,18.72,92,1125,0,30,60,335,2,0,27-09-2019,07-04-2020,4.5,4,4.5,4.5,4,5,4,0.02,0,0,73,TRUE,18.72,29,FALSE
22395492,1960s Queenbed RmZAG* @ lavender bugis,8948251,Joey,FALSE,73,TRUE,Kallang,Central Region,1.30979,103.86145,Private room in rental unit,Private room,1,1,1,1,18.47,92,1125,0,30,60,335,2,0,02-05-2019,31-03-2020,4,4,4,5,4.5,4.5,3.5,0.02,0,0,73,TRUE,18.47,29,FALSE
22561172,Cozy Premium Studio (300 sqft),111065775,Joyce,FALSE,16,TRUE,River Valley,Central Region,1.297,103.83774,Room in serviced apartment,Hotel room,2,1,1,1,197.67,6,1125,15,45,75,340,6,0,29-01-2018,27-12-2022,4.67,5,5,5,4.83,5,4.67,0.06,0,0,16,TRUE,98.835,23,FALSE
22588306,Awesome Double Room w/Balcony @nus/nuh (205),1439258,K2Guesthouse,FALSE,44,TRUE,Queenstown,Central Region,1.2789,103.78739,Room in boutique hotel,Private room,2,1,1,2,243,1,999,1,25,49,308,3,0,16-02-2018,09-11-2024,4.33,4,3.67,5,5,5,3.67,0.03,0,0,44,TRUE,121.5,24,FALSE
22594189,Small Studio Room (200 sqft),111065775,Joyce,FALSE,16,TRUE,River Valley,Central Region,1.29776,103.83869,Room in serviced apartment,Hotel room,2,1,1,1,175,6,1125,21,51,81,346,12,0,16-01-2018,22-02-2024,4.58,4.58,4.83,4.58,4.67,4.83,4.5,0.12,0,0,16,TRUE,87.5,18,FALSE
22745179,Sea View Studio @ Shenton,167947458,Kendra,FALSE,1,TRUE,Downtown Core,Central Region,1.27831,103.85082,Entire rental unit,Entire home/apt,3,1,1,3,46.47,92,1125,0,0,0,147,145,0,22-01-2018,07-12-2022,4.93,4.95,4.84,4.96,4.97,4.91,4.84,1.41,0,0,1,TRUE,15.49,60,FALSE
22798533,Spacious 3BR Apt in the Heart of Orchard Road,135298846,Karen,FALSE,9,TRUE,River Valley,Central Region,1.30212,103.83204,Entire serviced apartment,Entire home/apt,7,2,3,4,1547.67,6,1125,12,42,72,347,23,2,18-02-2018,05-06-2026,4.83,4.78,4.78,4.96,4.7,4.91,4.61,0.23,24,37144,9,TRUE,221.0957142857143,37,TRUE
22826338,Fully furnised 3BR Condominium,46746027,Lyn,FALSE,1,TRUE,Queenstown,Central Region,1.30462,103.78401,Entire condo,Entire home/apt,6,1,3,6,76.13,92,1125,22,52,82,263,0,0,,,,,,,,,,,0,0,1,FALSE,12.688333333333333,15,FALSE
22890318,Economy Room @NUS & Haw Par Villa MRT (110),1439258,K2Guesthouse,FALSE,44,TRUE,Queenstown,Central Region,1.28075,103.78767,Room in boutique hotel,Private room,4,1,1,4,274,1,999,6,33,63,283,8,2,31-10-2018,05-10-2025,4.63,4.38,4.63,4.88,4.75,4.63,4.13,0.09,12,3288,44,TRUE,68.5,22,FALSE
22912035,1 Executive Suite  Apartment  along Orchard Road!,124516401,Orchard Point,FALSE,8,TRUE,Orchard,Central Region,1.30243,103.84007,Entire serviced apartment,Entire home/apt,2,1,1,2,315,6,1125,0,0,0,88,9,1,22-02-2018,28-03-2026,4.78,4.78,4.89,5,5,4.78,4.33,0.09,12,3780,8,TRUE,157.5,55,FALSE
22912163,3 Premier Suite Apartment  along Orchard Road!,124516401,Orchard Point,FALSE,8,TRUE,Newton,Central Region,1.30236,103.84184,Entire serviced apartment,Entire home/apt,5,1,3,5,698.5,6,1125,0,0,0,88,9,4,31-12-2020,18-04-2026,4.78,4.78,4.89,5,5,5,4.78,0.13,48,33528,8,TRUE,139.7,55,FALSE
22918883,"STROLL TO QUEENSTOWN MRT, 2-BR @ CW TOWERS",138649185,Sidharth,FALSE,492,TRUE,Queenstown,Central Region,1.30153,103.80097,Entire serviced apartment,Entire home/apt,4,1,2,4,120.09,92,1125,28,58,88,363,0,0,,,,,,,,,,,0,0,215,FALSE,30.0225,40,FALSE
22971370,Family Room w/Balcony @ Haw Par MRT NUS (208),1439258,K2Guesthouse,FALSE,44,TRUE,Queenstown,Central Region,1.27942,103.78552,Room in boutique hotel,Private room,4,1,1,3,328,1,999,10,31,56,136,2,0,10-06-2018,10-07-2018,5,4.5,5,4,5,4.5,4,0.02,0,0,44,TRUE,82,24,FALSE
22990388,2 Executive Suite Apartment  along Orchard Road!,124516401,Orchard Point,FALSE,8,TRUE,Orchard,Central Region,1.30253,103.84111,Entire serviced apartment,Entire home/apt,4,1,2,4,503.33,6,1125,0,0,0,88,11,6,02-10-2022,20-12-2025,4.73,4.82,4.73,4.64,4.91,5,4.45,0.24,72,36240,8,TRUE,125.8325,58,FALSE
22990457,2 Deluxe Suite Apartment  along Orchard Road!,124516401,Orchard Point,FALSE,8,TRUE,Orchard,Central Region,1.3006,103.84177,Entire serviced apartment,Entire home/apt,3,1,2,3,452,6,1125,0,0,0,88,12,4,17-03-2018,02-01-2026,4.67,4.75,4.83,4.92,4.92,4.92,4.67,0.12,48,21696,8,TRUE,150.66666666666666,52,FALSE
23045739,CBD Comfy Studio Apartment | Near Raffles City/MRT,148161755,Jan,TRUE,26,TRUE,Rochor,Central Region,1.29806,103.85257,Entire rental unit,Entire home/apt,2,1,1,1,346.67,6,90,27,57,87,362,11,0,04-07-2020,27-07-2023,4.64,4.73,5,5,4.73,5,4.73,0.15,0,0,26,TRUE,173.335,41,FALSE
23048720,highrise EnsuiteM1B + attach bathrm (Non-Tourist),8948251,Joey,FALSE,73,TRUE,Outram,Central Region,1.28449,103.84294,Private room in rental unit,Private room,1,1,1,1,20.43,92,1125,0,30,60,335,1,0,30-04-2018,30-04-2018,4,4,3,4,4,4,3,0.01,0,0,73,TRUE,20.43,28,FALSE
23063409,CBD Area Spacious Serviced Apt,148161755,Jan,TRUE,26,TRUE,Rochor,Central Region,1.297985,103.852801,Entire serviced apartment,Entire home/apt,2,1,1,1,399.5,6,90,27,57,87,335,3,0,28-04-2021,27-06-2022,5,5,5,5,5,5,4,0.05,0,0,26,TRUE,199.75,42,FALSE
23070167,Common bedroom in spacious private apartment,696093,Salima,FALSE,1,TRUE,Geylang,Central Region,1.31399,103.88673,Private room in rental unit,Private room,1,1,1,1,27.72,92,150,29,59,89,270,6,0,18-02-2018,05-03-2018,4.83,5,4.5,5,5,4.6,4.6,0.06,0,0,1,TRUE,27.72,39,FALSE
23094299,Warm 2BR Apt in the Heart of Orchard Road,135298846,Karen,FALSE,9,TRUE,Orchard,Central Region,1.30282,103.83225,Entire serviced apartment,Entire home/apt,5,2,2,3,824,6,1125,0,27,57,332,14,0,22-02-2018,31-01-2024,4.57,4.57,4.29,4.79,4.71,5,4.57,0.14,0,0,9,TRUE,164.8,35,FALSE
23097015,Aljunied *Room > MRT 3min > CBD 15 mins,2413412,Kaurus,FALSE,91,TRUE,Geylang,Central Region,1.3147,103.88163,Private room in rental unit,Private room,1,1,1,1,15.7,92,1125,0,30,60,335,5,0,30-04-2018,30-04-2020,4.6,4.2,4.2,4.8,4.8,5,4.2,0.05,0,0,91,TRUE,15.7,28,FALSE
23112197,"(At least 3 months rental) Cosy, Hip Private Space",94903993,Ts,FALSE,2,TRUE,Geylang,Central Region,1.3152,103.89961,Private room in condo,Private room,2,1,1,2,37.76,92,1125,29,59,89,364,1,0,20-06-2018,20-06-2018,5,5,5,5,5,4,4,0.01,0,0,2,TRUE,18.88,26,FALSE
23258478,NEAR TOWN FREE GYM & POOL BOON KENG MRT GIRLS ONLY,80444449,Nancy,FALSE,1,TRUE,Novena,Central Region,1.32158,103.85256,Private room in condo,Private room,1,1,1,1,184.37,92,1125,28,58,88,363,0,0,,,,,,,,,,,0,0,1,FALSE,184.37,17,FALSE
23279111,Premium 2Bedroom near Woodleigh MRT (NEL),105546293,Lim,FALSE,1,TRUE,Toa Payoh,Central Region,1.33657,103.87116,Private room in condo,Private room,3,1,1,3,48.19,92,1125,29,59,89,270,12,0,25-03-2018,12-05-2019,4.5,4.83,4.58,4.92,4.5,4.75,4.17,0.12,0,0,1,TRUE,16.063333333333333,24,FALSE
23315012,Boat Quay Studio Single Apartment (South bridge),23336011,Heritage,TRUE,82,TRUE,Singapore River,Central Region,1.2883869409561155,103.84928894042967,Room in aparthotel,Entire home/apt,1,1,1,1,169.5,6,365,24,54,84,346,43,4,10-08-2018,14-03-2026,4.74,4.74,4.86,4.77,4.95,4.84,4.56,0.45,48,8136,71,TRUE,169.5,26,FALSE
23318905,"HVIIM-Holland Village Condo, 1 min walk to MRT",25185912,Rebekah,TRUE,18,TRUE,Bukit Timah,Central Region,1.31084,103.79765,Private room in rental unit,Private room,1,1,3,1,32.33,92,365,28,58,88,363,0,0,,,,,,,,,,,0,0,18,FALSE,32.33,17,FALSE
23360633,"HVIIG- Holland Village Condo, 1 min walk to MRT",25185912,Rebekah,TRUE,18,TRUE,Bukit Timah,Central Region,1.31072,103.79624,Private room in condo,Private room,1,1,1,1,29.97,92,365,28,58,88,363,2,0,02-01-2024,26-10-2024,4.5,5,4.5,5,5,5,4.5,0.07,0,0,18,TRUE,29.97,17,FALSE
23361035,"HVIIJ-Holland Village Condo, 1 min to Holland MRT",25185912,Rebekah,TRUE,18,TRUE,Bukit Timah,Central Region,1.31078,103.79702,Private room in rental unit,Private room,1,1,1,1,26.93,92,365,28,58,88,363,4,0,04-12-2022,03-10-2024,4.5,4.75,4.5,5,5,5,4.5,0.09,0,0,18,TRUE,26.93,18,FALSE
23362375,"EH1 New reno room@ Orchard Road, Somerset MRT",25185912,Rebekah,TRUE,18,TRUE,Newton,Central Region,1.30372,103.83913,Private room in rental unit,Private room,1,1,1,1,24.3,92,365,28,58,88,363,0,0,,,,,,,,,,,0,0,18,FALSE,24.3,16,FALSE
23362544,"“Suite” master room, EHS, next to Somerset MRT",25185912,Rebekah,TRUE,18,TRUE,Newton,Central Region,1.30562,103.84048,Private room in rental unit,Private room,1,1,1,1,32.8,92,365,29,59,89,364,10,0,28-04-2018,07-12-2019,4.8,4.8,4.7,5,5,5,4.6,0.1,0,0,18,TRUE,32.8,18,FALSE
23380199,Comfortable Studio Room (200 sqft),111065775,Joyce,FALSE,16,TRUE,Orchard,Central Region,1.29882,103.83807,Room in serviced apartment,Hotel room,2,1,1,2,52.32,92,1125,22,52,82,349,3,0,09-05-2018,23-12-2018,4,4.33,4.67,4,4,4.67,4,0.03,0,0,16,TRUE,26.16,22,FALSE
23598682,Garden home,160352841,Ling,FALSE,1,TRUE,Tampines,East Region,1.35549,103.95915,Private room in rental unit,Private room,2,1,2,2,187.77,92,1125,27,57,87,268,28,0,16-03-2018,15-11-2018,4.93,4.82,4.79,4.79,4.75,4.64,4.79,0.28,0,0,1,TRUE,93.885,25,FALSE
23613551,Huge Master Room- Local Experience (Near MRT/food),788058,Audrey,FALSE,1,TRUE,Toa Payoh,Central Region,1.3387,103.85155,Private room in rental unit,Private room,2,1,1,2,9.01,180,1125,15,45,75,256,0,0,,,,,,,,,,,0,0,1,FALSE,4.505,9,TRUE
23733935,Luxurious Penthouse In City Centre 2,1170341,Jenny,TRUE,3,TRUE,Tanglin,Central Region,1.29443,103.83074,Private room in condo,Private room,2,1,1,2,28.93,92,1125,29,59,89,267,8,1,11-09-2018,22-08-2025,5,5,5,5,4.88,5,4.75,0.08,184,5323,3,TRUE,14.465,27,FALSE
23861900,Premium Double Room Ensuite near NUS (305),1439258,K2Guesthouse,FALSE,44,TRUE,Queenstown,Central Region,1.29303,103.77312,Private room in guesthouse,Private room,2,1,1,1,274,1,999,11,41,71,158,4,0,06-05-2018,15-03-2024,4.5,4.25,4.5,5,4.75,4.75,4.5,0.04,0,0,44,TRUE,137,33,FALSE
23862116,"EHR2-New Apartment, 5 mins from Somerset MRT",25185912,Rebekah,TRUE,18,TRUE,Newton,Central Region,1.30379,103.83998,Private room in rental unit,Private room,1,1,1,1,26.35,92,365,29,59,89,364,2,1,31-01-2025,11-09-2025,5,5,4,5,5,5,4.5,0.12,184,4848,18,TRUE,26.35,17,FALSE
24161078,Premium Double Room with Ensuite @ MRT (301),1439258,K2Guesthouse,FALSE,44,TRUE,Queenstown,Central Region,1.28028,103.78564,Room in boutique hotel,Private room,2,1,1,1,223,1,999,2,26,56,309,6,2,12-10-2018,01-02-2026,4.67,4.67,4.5,4.83,4.83,4.5,4.33,0.06,12,2676,44,TRUE,111.5,24,FALSE
24170288,Loft room off Orchard rd,11390076,Tryston,FALSE,8,TRUE,Newton,Central Region,1.30616,103.83891,Private room in rental unit,Private room,2,1,1,2,16.99,93,365,0,0,0,146,3,0,19-07-2018,11-12-2019,4.33,3.67,3.33,5,5,5,4,0.03,0,0,8,TRUE,8.495,11,FALSE
24211014,Design Loft for Creative Travelers/Digital Nomads,182525420,Lay Kuan,FALSE,1,TRUE,Bedok,East Region,1.33205,103.94445,Entire condo,Entire home/apt,4,1,2,4,55.41,92,1125,0,0,15,290,10,0,02-08-2018,04-01-2020,5,5,5,5,5,5,5,0.1,0,0,1,TRUE,13.8525,31,FALSE
24222226,"1970s Bunkbed Private Room1, no-sharing",8948251,Joey,FALSE,73,TRUE,Geylang,Central Region,1.3147,103.88163,Private room in rental unit,Private room,1,1,1,1,15.7,92,1124,0,30,60,335,0,0,,,,,,,,,,,0,0,73,FALSE,15.7,28,FALSE
24379397,Private Room in city centre,11499390,Stephen,FALSE,1,TRUE,Downtown Core,Central Region,1.2744385091927632,103.84272920526044,Private room in rental unit,Private room,2,1,2,2,74.91,92,365,22,52,82,357,0,0,,,,,,,,,,,0,0,1,FALSE,37.455,40,FALSE
24420175,"EH5, Newly Renovated Bedroom beside Somerset MRT",25185912,Rebekah,TRUE,18,TRUE,Newton,Central Region,1.30606,103.84025,Private room in rental unit,Private room,1,1,6,1,23.99,92,1125,29,59,89,364,7,0,25-04-2018,17-07-2023,4.29,4.29,4.43,5,4.86,4.71,4.43,0.07,0,0,18,TRUE,23.99,18,FALSE
24434472,NEW 2 Bed Luxury Condo Near CBD/MBS,122620134,Amy,FALSE,7,TRUE,Downtown Core,Central Region,1.27466,103.84701,Entire condo,Entire home/apt,3,1,2,3,64.3,92,1125,25,55,85,360,1,1,30-12-2025,30-12-2025,5,5,5,5,5,5,5,0.16,184,11831,6,TRUE,21.433333333333334,34,FALSE
24447655,Comfort Double Ensuite w/Balcony@NUS NUH MRT (201),1439258,K2Guesthouse,FALSE,44,TRUE,Queenstown,Central Region,1.28116,103.78732,Room in boutique hotel,Private room,2,1,1,1,223,1,999,0,6,31,114,5,1,26-09-2018,01-02-2026,4.2,4.2,4.4,4.6,4.4,4,3.8,0.05,6,1338,44,TRUE,111.5,30,FALSE
24500374,Beautiful and Convenient Condo for Long Term Lease,7345696,Jin Kiat,FALSE,1,TRUE,Pasir Ris,East Region,1.37814,103.9411,Entire condo,Entire home/apt,4,1,2,4,28.43,180,730,26,56,86,361,0,0,,,,,,,,,,,0,0,1,FALSE,7.1075,10,FALSE
24546514,Spacious Room 4 (1+) near MRT in the East,184792657,Alee,FALSE,5,TRUE,Geylang,Central Region,1.31434,103.8991,Private room in home,Private room,1,1,1,1,18.8,92,365,29,59,89,364,83,0,15-05-2018,04-08-2023,4.46,4.63,4.41,4.75,4.81,4.63,4.65,0.84,0,0,5,TRUE,18.8,19,FALSE
24569607,Aljunied Room1 > MRT 3min > CBD 15 mins,2413412,Kaurus,FALSE,91,TRUE,Geylang,Central Region,1.3147,103.88163,Private room in rental unit,Private room,1,1,1,1,15.7,92,1125,0,30,60,335,0,0,,,,,,,,,,,0,0,91,FALSE,15.7,26,FALSE
24586538,371 L2R1 Private Room w Toilet in a walkup apt,33096269,E C,FALSE,13,TRUE,Geylang,Central Region,1.31284,103.88781,Private room in condo,Private room,2,1,1,2,20.88,92,1125,28,58,88,179,88,0,29-04-2018,09-11-2023,4.59,4.78,4.39,4.89,4.91,4.69,4.56,0.88,0,0,11,TRUE,10.44,11,FALSE
24606096,Affordable Wide Room @ NUS & HawPar MRT (209),1439258,K2Guesthouse,FALSE,44,TRUE,Queenstown,Central Region,1.28043,103.78655,Room in boutique hotel,Private room,4,1,1,4,296,1,999,0,19,49,131,8,4,13-07-2019,04-04-2026,4.63,4.5,4.5,5,5,4.88,4.5,0.09,24,7104,44,TRUE,74,28,FALSE
24618190,"COMFORTABLE 4BR FAMILY & PET FRIENDLY, CLEMENTI",138649185,Sidharth,FALSE,492,TRUE,Clementi,West Region,1.31124,103.76152,Entire serviced apartment,Entire home/apt,6,1,4,6,170.3,92,1125,28,58,88,363,2,0,12-12-2020,18-05-2022,4.5,4.5,4.5,5,4.5,4,3.5,0.03,0,0,215,TRUE,28.383333333333336,38,FALSE
24682695,Premium Room with Balcony in Orchard (300 sqft),111065775,Joyce,FALSE,16,TRUE,River Valley,Central Region,1.299,103.83634,Room in serviced apartment,Hotel room,2,1,1,1,194,6,1125,15,45,75,340,3,0,29-09-2022,09-03-2024,4.33,4.33,4,5,4.67,5,4,0.07,0,0,16,TRUE,97,24,FALSE
24720145,373 L2R4 Private room with private bath,33096269,E C,FALSE,13,TRUE,Geylang,Central Region,1.31103,103.88694,Private room in condo,Private room,3,1,1,3,22.09,92,365,28,58,88,269,69,0,29-07-2018,12-08-2023,4.39,4.67,4.23,4.81,4.83,4.71,4.54,0.71,0,0,11,TRUE,7.363333333333333,18,FALSE
24725185,"EH3, Newly Renovated Orchard room@ Somerset MRT",25185912,Rebekah,TRUE,18,TRUE,Newton,Central Region,1.30371,103.84017,Private room in rental unit,Private room,1,1,1,1,23.23,92,365,29,59,89,364,3,1,08-06-2018,14-12-2025,5,5,4.67,5,5,5,4.67,0.03,184,4274,18,TRUE,23.23,17,FALSE
24761439,Deluxe King room near Bugis MRT,108773366,RedDoorz,FALSE,25,TRUE,Rochor,Central Region,1.29819,103.85129,Room in hotel,Private room,2,1,1,2,46.74,92,1125,29,59,89,364,22,0,10-05-2018,01-01-2021,4.14,4.23,4.23,4.73,4.55,4.82,3.91,0.22,0,0,24,TRUE,23.37,12,FALSE
24763374,Deluxe King room near Singapore Art Museum,108773366,RedDoorz,FALSE,25,TRUE,Rochor,Central Region,1.29773,103.85314,Room in hotel,Private room,2,1,1,2,46.74,92,1125,29,59,89,364,5,0,18-07-2018,15-02-2021,4.4,4.6,4.6,4.6,4.6,4.6,4.4,0.05,0,0,24,TRUE,23.37,17,FALSE
24763494,Deluxe King room near National Library,108773366,RedDoorz,FALSE,25,TRUE,Downtown Core,Central Region,1.2961,103.85267,Room in hotel,Private room,2,1,1,2,46.74,92,1125,29,59,89,364,3,0,13-01-2019,20-12-2020,4.33,5,4,4.33,3.67,4.67,4.33,0.03,0,0,24,TRUE,23.37,17,FALSE
24763572,Deluxe King room near SMU,108773366,RedDoorz,FALSE,25,TRUE,Downtown Core,Central Region,1.29745,103.85343,Room in hotel,Private room,2,1,1,2,46.74,92,1125,29,59,89,364,2,0,06-09-2019,10-09-2019,4,4.5,4,5,5,5,4.5,0.02,0,0,24,TRUE,23.37,16,FALSE
24765067,Superior twin room near Singapore Art Museum,108773366,RedDoorz,FALSE,25,TRUE,Rochor,Central Region,1.29801,103.85361,Room in hotel,Private room,2,1,1,2,41.91,92,1125,29,59,89,364,2,0,18-12-2019,13-06-2020,4.5,4.5,4.5,4.5,4.5,4.5,4.5,0.03,0,0,24,TRUE,20.955,16,FALSE
24765195,Superior twin room near SMU,108773366,RedDoorz,FALSE,25,TRUE,Downtown Core,Central Region,1.2969,103.85354,Room in hotel,Private room,2,1,1,2,41.91,92,1125,29,59,89,364,0,0,,,,,,,,,,,0,0,24,FALSE,20.955,15,FALSE
24855606,Awesome Comfort Ensuite Single Rm @ (101),1439258,K2Guesthouse,FALSE,44,TRUE,Queenstown,Central Region,1.27939,103.78719,Room in boutique hotel,Private room,1,1,1,1,206,1,999,21,48,78,333,10,0,26-05-2018,06-11-2024,4.4,4.5,4.8,4.9,4.7,4.7,4.6,0.1,0,0,44,TRUE,206,27,FALSE
24900530,1950s cozy window singlebed room @ lavender,8948251,Joey,FALSE,73,TRUE,Kallang,Central Region,1.31009,103.86182,Private room in rental unit,Private room,1,1,1,1,15.85,92,1125,0,30,60,335,0,0,,,,,,,,,,,0,0,73,FALSE,15.85,27,FALSE
24919927,Lavender QueenBed RmT*: 5m walk MRT,2413412,Kaurus,FALSE,91,TRUE,Kallang,Central Region,1.30907,103.86187,Private room in rental unit,Private room,1,1,1,1,22,92,1125,0,30,60,335,5,0,07-07-2019,17-08-2020,4.2,4.6,4.2,5,5,4.6,4.6,0.06,0,0,91,TRUE,22,28,FALSE
24972169,Downtown Ensuite 92M1,97878860,Chess,FALSE,59,TRUE,Outram,Central Region,1.2842,103.84255,Private room in rental unit,Private room,1,1,1,1,22.38,92,1125,0,30,60,335,1,0,04-09-2018,04-09-2018,5,5,5,5,5,5,5,0.01,0,0,59,TRUE,22.38,27,FALSE
25087117,Lavender Rare Balcony Room*: 5m walk MRT,2413412,Kaurus,FALSE,91,TRUE,Kallang,Central Region,1.31088,103.8604,Private room in rental unit,Private room,1,1,1,1,20.01,92,1125,0,30,60,335,2,0,17-09-2018,31-12-2019,5,5,5,5,5,5,4,0.02,0,0,91,TRUE,20.01,28,FALSE
25141849,"Sky Terrace w 2 rooms, garden terrace & pool(MRT)",41234655,Tim,FALSE,1,TRUE,Bedok,East Region,1.32061,103.91102,Entire condo,Entire home/apt,4,1,2,4,63.26,92,750,25,53,83,358,2,1,15-03-2019,04-04-2026,5,5,5,5,5,5,4.5,0.02,184,11640,1,TRUE,15.815,47,FALSE
25183623,Superior Double Room in House with services (3),68059127,Wei,TRUE,50,TRUE,Bedok,East Region,1.31754,103.91241,Private room in home,Private room,3,1,1,3,25.93,92,1125,0,19,49,324,6,0,23-07-2018,11-02-2022,4.83,4.83,5,5,5,4.83,4.67,0.06,0,0,50,TRUE,8.643333333333333,15,FALSE
25183926,Superior Double Room in House with services (5),68059127,Wei,TRUE,50,TRUE,Bedok,East Region,1.31828,103.91211,Private room in townhouse,Private room,3,1,1,3,25.19,92,1125,29,59,89,364,0,0,,,,,,,,,,,0,0,50,FALSE,8.396666666666667,14,FALSE
25184205,Superior Double Room in House with services (6),68059127,Wei,TRUE,50,TRUE,Bedok,East Region,1.31878,103.9121,Private room in townhouse,Private room,3,1,1,3,26.7,92,1125,1,1,1,152,3,0,27-05-2020,04-12-2020,4.67,5,4.67,5,5,5,4.33,0.04,0,0,50,TRUE,8.9,15,FALSE
25324517,Comfort Room for upto4 @10min to NUS and MRT (102),1439258,K2Guesthouse,FALSE,44,TRUE,Queenstown,Central Region,1.27891,103.78764,Room in boutique hotel,Private room,4,1,1,3,254,1,999,2,15,45,113,3,0,07-01-2020,22-12-2023,4.33,5,5,5,5,4.33,4,0.04,0,0,44,TRUE,63.5,27,FALSE
25353206,highrise Ensuite *attached bathroom @chinatown 9m1,8948251,Joey,FALSE,73,TRUE,Outram,Central Region,1.28417,103.84224,Private room in rental unit,Private room,1,1,1,1,22.11,92,1125,0,30,60,335,1,0,19-07-2018,19-07-2018,5,5,5,5,5,5,5,0.01,0,0,73,TRUE,22.11,30,FALSE
25402824,Private Bedroom in City Area (2 Single Beds),152646149,Sidney,FALSE,4,TRUE,Rochor,Central Region,1.30288,103.85126,Private room in condo,Private room,2,1,1,2,12.12,180,1125,28,58,88,363,4,0,30-06-2018,02-08-2019,4.25,4.75,3.75,4.5,4.75,5,4,0.04,0,0,3,TRUE,6.06,20,FALSE
25435388,Resort-Feel Private Room In a Luxurious Condo,48751387,Ian,FALSE,1,TRUE,Bedok,East Region,1.32167,103.90557,Private room in condo,Private room,1,1,1,1,34.14,92,1125,0,0,0,179,57,1,09-07-2018,11-12-2025,5,4.98,4.95,4.89,4.98,4.77,4.91,0.59,184,6282,1,TRUE,34.14,32,FALSE
25899420,New Unfurnished Apartment (Not Available),13467331,Derek,FALSE,1,TRUE,Bukit Batok,West Region,1.35179,103.75778,Entire condo,Entire home/apt,3,1,2,3,23.47,93,1125,28,28,28,158,0,0,,,,,,,,,,,0,0,1,FALSE,7.823333333333333,6,FALSE
25909373,"1970s singlebed *RmE, no-sharing",8948251,Joey,FALSE,73,TRUE,Geylang,Central Region,1.3147,103.88163,Private room in rental unit,Private room,1,1,1,1,15.59,92,1125,0,30,60,335,2,0,21-07-2018,23-09-2018,4,3,3.5,4.5,5,4,4,0.02,0,0,73,TRUE,15.59,28,FALSE
25927281,"MODERN 1-BR on NEWTON RD, SINGAPORE",138649185,Sidharth,FALSE,492,TRUE,Novena,Central Region,1.31623,103.8407,Entire serviced apartment,Entire home/apt,2,1,1,2,97.38,92,1125,28,58,88,363,0,0,,,,,,,,,,,0,0,215,FALSE,48.69,34,FALSE
26018504,Two condo rooms at same Luxury condo unit,9293170,Lei Lei,FALSE,3,TRUE,Jurong West,West Region,1.34569,103.72265,Private room in condo,Private room,4,1,1,4,36.78,92,365,28,58,88,363,2,0,07-07-2021,30-06-2023,3.5,4,4.5,4.5,4,5,4,0.03,0,0,2,TRUE,9.195,31,FALSE
26093121,Modern One bedroom 4 in Luxury Serviced Apartment,68059127,Wei,TRUE,50,TRUE,Bedok,East Region,1.32358,103.91458,Private room in bungalow,Private room,3,1,1,3,39.37,92,1125,0,0,29,304,0,0,,,,,,,,,,,0,0,50,FALSE,13.123333333333333,23,FALSE
26108482,Ensuite room with sea view,47422706,Lk,FALSE,1,TRUE,Bukit Merah,Central Region,1.26748,103.81091,Private room in rental unit,Private room,1,1,1,1,53.91,92,365,28,58,88,269,0,0,,,,,,,,,,,0,0,1,FALSE,53.91,11,FALSE
26183286,Private Bedroom in City Area (Queen Bed),152646149,Sidney,FALSE,4,TRUE,Rochor,Central Region,1.30309,103.8514,Private room in condo,Private room,2,1,1,2,15.42,180,1125,28,58,88,363,1,0,30-04-2020,30-04-2020,4,4,4,4,5,4,3,0.01,0,0,3,TRUE,7.71,21,FALSE
26207243,"1 BR in QUEENSTOWN, PRIME LOCATION IN THE CITY.",138649185,Sidharth,FALSE,492,TRUE,Queenstown,Central Region,1.29022,103.80674,Entire serviced apartment,Entire home/apt,2,1,1,2,99.86,92,1125,28,58,88,363,0,0,,,,,,,,,,,0,0,215,FALSE,49.93,37,FALSE
26290123,Aljunied *Room2 > MRT 3min > CBD 15 mins,2413412,Kaurus,FALSE,91,TRUE,Geylang,Central Region,1.31489,103.88158,Private room in rental unit,Private room,1,1,1,1,15.7,92,1125,0,30,60,335,1,0,07-11-2018,07-11-2018,5,5,3,5,5,5,5,0.01,0,0,91,TRUE,15.7,27,FALSE
26290281,"1970s singlebed Rm*A, no-sharing",8948251,Joey,FALSE,73,TRUE,Geylang,Central Region,1.3149,103.88163,Private room in rental unit,Private room,1,1,1,1,15.42,92,1125,0,30,60,335,2,0,15-07-2018,19-08-2020,5,5,5,5,5,4.5,5,0.02,0,0,73,TRUE,15.42,28,FALSE
26435923,The Snug - City /Bathroom/Farrer Pk MRT/Sanitised,56421978,Nancy,FALSE,1,TRUE,Kallang,Central Region,1.31804,103.85151,Private room in rental unit,Private room,1,1,1,1,17.22,92,1125,29,59,89,180,34,0,20-08-2018,03-07-2022,4.71,4.74,4.62,4.91,5,4.85,4.65,0.35,0,0,1,TRUE,17.22,30,FALSE
26722862,Aljunied *RoomG > MRT 3min > CBD 15 mins,2413412,Kaurus,FALSE,91,TRUE,Geylang,Central Region,1.3147,103.88163,Private room in rental unit,Private room,1,1,1,1,16.1,92,1125,0,30,60,335,2,0,30-11-2018,08-02-2019,3.5,3.5,2.5,4,4,4.5,3,0.02,0,0,91,TRUE,16.1,28,FALSE
26965345,"EH4,New Reno,Orchard APT@Emerald Hill,Somerset MRT",25185912,Rebekah,TRUE,18,TRUE,Newton,Central Region,1.30372,103.83991,Private room in rental unit,Private room,1,1,7,1,24.93,92,365,29,59,89,364,0,0,,,,,,,,,,,0,0,18,FALSE,24.93,16,FALSE
27125463,"Lavender Semi-Ensuite*, 5 min to MRT",2413412,Kaurus,FALSE,91,TRUE,Kallang,Central Region,1.31128,103.86182,Private room in rental unit,Private room,1,1,1,1,18.56,92,1125,0,30,60,335,1,0,18-09-2018,18-09-2018,5,5,5,5,5,5,5,0.01,0,0,91,TRUE,18.56,16,FALSE
27513236,Maggie's bnb 1bedroom,206769167,Maggie Wu,FALSE,5,TRUE,Bedok,East Region,1.31736,103.908,Private room in rental unit,Private room,4,1,1,4,20.85,92,1125,28,58,88,179,6,0,22-08-2018,02-01-2020,5,5,5,5,5,5,5,0.06,0,0,5,TRUE,5.2125,19,FALSE
27513625,Maggie's bnb,206769167,Maggie Wu,FALSE,5,TRUE,Bedok,East Region,1.31674,103.90796,Private room in rental unit,Private room,2,1,2,2,20.85,92,1125,28,58,88,179,5,0,28-08-2018,16-11-2019,5,5,5,4.8,5,4.8,4.6,0.05,0,0,5,TRUE,10.425,14,FALSE
27581596,Maggie's apartment - 1bdroom,206769167,Maggie Wu,FALSE,5,TRUE,Bedok,East Region,1.31765,103.9064,Private room in rental unit,Private room,2,1,1,2,29.71,92,365,28,58,88,363,2,0,02-04-2019,30-04-2019,5,5,5,5,4.5,5,4.5,0.02,0,0,5,TRUE,14.855,18,FALSE
27858471,"24hr self-checkin QueenBed Rm1*, 5min city center",201775246,Hillary,FALSE,44,TRUE,Kallang,Central Region,1.31068,103.86118,Private room in rental unit,Private room,1,1,1,1,18.56,92,1125,0,30,60,335,1,0,14-11-2018,14-11-2018,5,4,4,5,5,5,4,0.01,0,0,44,TRUE,18.56,28,FALSE
27882577,"23hr selfcheckin LoftBed RmA, 5min city center",201775246,Hillary,FALSE,44,TRUE,Kallang,Central Region,1.31083,103.86232,Private room in rental unit,Private room,1,1,1,1,11.47,92,1125,0,30,60,335,1,0,31-12-2018,31-12-2018,5,4,4,4,5,4,4,0.01,0,0,44,TRUE,11.47,15,FALSE
28000993,"500 M to JURONG EAST MRT, 1BR SPACE",138649185,Sidharth,FALSE,492,TRUE,Jurong East,West Region,1.33707,103.74297,Entire serviced apartment,Entire home/apt,2,1,1,2,89.83,92,1125,28,58,88,363,1,0,21-05-2023,21-05-2023,5,5,5,5,5,5,5,0.03,0,0,215,TRUE,44.915,35,FALSE
28522862,Lavender QueenBed *rmPA: 5m walk MRT,2413412,Kaurus,FALSE,91,TRUE,Kallang,Central Region,1.3091,103.86033,Private room in rental unit,Private room,1,1,1,1,15.52,92,1125,0,30,60,335,1,0,20-12-2018,20-12-2018,4,4,4,4,4,5,5,0.01,0,0,91,TRUE,15.52,28,FALSE
28536238,Deluxe Family Room in City Center,155244964,The Quay,FALSE,7,TRUE,Singapore River,Central Region,1.2882,103.84751,Room in boutique hotel,Hotel room,3,1,1,1,189,1,365,2,2,9,128,34,7,05-09-2020,08-05-2026,4.59,4.62,4.68,4.85,4.74,4.76,4.59,0.48,42,7938,7,TRUE,63,22,FALSE
28649449,Comfort Single Rm &10min to NUS via bus (106-A),1439258,K2Guesthouse,FALSE,44,TRUE,Queenstown,Central Region,1.28116,103.78731,Room in boutique hotel,Private room,1,1,1,1,163,1,999,15,39,69,150,1,0,12-08-2019,12-08-2019,4,5,4,4,4,5,5,0.01,0,0,44,TRUE,163,28,FALSE
28788262,Bed in female dormitory @ Kallang MRT,108773366,RedDoorz,FALSE,25,TRUE,Kallang,Central Region,1.31157,103.87373,Room in hostel,Hotel room,10,1,1,10,9,92,1125,29,59,89,364,1,0,21-10-2018,21-10-2018,4,3,2,3,2,3,5,0.01,0,0,24,TRUE,0.9,10,TRUE
28789540,Common rooms for rent,31146002,Derrick,FALSE,1,TRUE,Novena,Central Region,1.32786,103.84834,Private room in condo,Private room,1,1,1,1,55.94,92,365,27,57,87,178,0,0,,,,,,,,,,,0,0,1,FALSE,55.94,15,FALSE
28794509,Bed in dormitory at 3 minute walk from Kallang MRT,108773366,RedDoorz,FALSE,25,TRUE,Kallang,Central Region,1.31154,103.87348,Room in hostel,Hotel room,10,1,1,10,8.14,92,1125,29,59,89,364,22,0,08-10-2018,09-03-2020,4.18,4.64,4.18,4.82,4.77,4.73,4.5,0.23,0,0,24,TRUE,0.8140000000000001,10,TRUE
28998042,Queen Pod in a Shared Room,209260798,The Pod,TRUE,9,TRUE,Rochor,Central Region,1.30181,103.85954,Shared room in boutique hotel,Shared room,2,1,1,1,121,1,9999,29,59,89,358,7,0,11-08-2022,03-05-2025,4.43,4.71,4.43,5,4.43,4.71,4.14,0.15,0,0,9,TRUE,60.5,9,FALSE
28998072,Single Pod Suite,209260798,The Pod,TRUE,9,TRUE,Rochor,Central Region,1.30065,103.85962,Room in boutique hotel,Private room,1,1,1,1,116,1,9999,27,57,87,355,14,0,26-10-2018,24-03-2023,4.36,4.71,4.36,4.86,4.79,4.93,4.5,0.15,0,0,9,TRUE,116,9,FALSE
28998095,Queen Pod Suite,209260798,The Pod,TRUE,9,TRUE,Rochor,Central Region,1.30217,103.8615,Room in boutique hotel,Private room,2,1,1,1,158,1,9999,29,59,89,359,6,0,29-09-2019,16-01-2023,4.33,4.33,4,5,4.5,4.83,4.17,0.07,0,0,9,TRUE,79,9,FALSE
28998145,Single Pod (Side Entry) Female Shared Rm,209260798,The Pod,TRUE,9,TRUE,Rochor,Central Region,1.3017,103.86119,Shared room in boutique hotel,Shared room,1,1,1,1,87,1,9999,29,59,89,360,3,0,11-07-2022,03-12-2022,3.67,3.67,3.67,3.67,3.67,3.67,3.67,0.06,0,0,9,TRUE,87,9,FALSE
28998161,Single Pod (Side Entry) Mixed Shared Room,209260798,The Pod,TRUE,9,TRUE,Rochor,Central Region,1.30197,103.86003,Shared room in boutique hotel,Shared room,1,1,1,1,81,1,9999,29,59,89,362,59,0,07-11-2018,22-03-2024,4.41,4.61,4.37,4.71,4.73,4.76,4.31,0.63,0,0,9,TRUE,81,8,FALSE
28998181,Single Pod (Front Entry) Male Shared Room,209260798,The Pod,TRUE,9,TRUE,Rochor,Central Region,1.30183,103.86137,Shared room in boutique hotel,Shared room,1,1,1,1,74,1,9999,29,59,89,363,7,0,08-09-2019,27-01-2025,4.29,4.14,4.14,4.43,3.71,4.29,4,0.08,0,0,9,TRUE,74,8,FALSE
28998191,Single Pod (Front Entry) Female Shared Room,209260798,The Pod,TRUE,9,TRUE,Rochor,Central Region,1.30142,103.85964,Shared room in boutique hotel,Shared room,1,1,1,1,84,1,9999,28,58,88,359,8,1,02-09-2019,06-06-2026,4.75,4.75,4.38,4.5,4.75,4.88,4.88,0.1,6,504,9,TRUE,84,8,FALSE
29015768,Spacious room3 near MRT in the East,184792657,Alee,FALSE,5,TRUE,Geylang,Central Region,1.31534,103.89967,Private room in home,Private room,1,1,1,1,18.84,92,365,29,59,89,182,65,1,03-12-2018,08-12-2025,4.6,4.8,4.4,4.85,4.82,4.74,4.69,0.7,184,3467,5,TRUE,18.84,15,FALSE
29020376,Artistically restored Shophouse Room in Chinatown,218722083,Ann Siang,FALSE,5,TRUE,Outram,Central Region,1.28163,103.84693,Room in boutique hotel,Hotel room,2,1,1,2,61.38,92,1125,29,59,89,364,29,0,01-03-2019,25-01-2020,4.79,4.9,4.97,4.97,4.97,4.86,4.72,0.32,0,0,5,TRUE,30.69,24,FALSE
29076794,Common room @ Central Imperial,25375339,シン,FALSE,13,TRUE,Geylang,Central Region,1.31095,103.87955,Private room in condo,Private room,1,1,1,1,24.99,92,1125,29,59,89,364,5,0,01-03-2019,15-10-2022,4.8,4.6,4.8,4.6,4.8,5,4.8,0.06,0,0,12,TRUE,24.99,33,FALSE
29078458,Blessing Aljunied,219125762,Deeb,FALSE,1,TRUE,Geylang,Central Region,1.32231,103.886,Private room in rental unit,Private room,1,1,1,1,43.43,92,1125,29,59,89,364,0,0,,,,,,,,,,,0,0,1,FALSE,43.43,5,FALSE
29180163,(WHOLE UNIT)Comfy Stay. Fully Furnished! 92363074,128465640,Azlan,FALSE,2,TRUE,Woodlands,North Region,1.44878,103.80004,Private room in rental unit,Private room,3,1,1,3,46.86,92,1125,29,59,89,364,0,0,,,,,,,,,,,0,0,2,FALSE,15.62,20,FALSE
29302695,Yunnan Garden Corner Terrace ( Near NTU),220733620,Lee,FALSE,3,TRUE,Jurong West,West Region,1.33721,103.691,Private room in home,Private room,2,1,3,2,30.23,92,1125,28,58,88,363,42,0,26-01-2019,10-12-2021,4.98,4.93,4.98,4.93,4.95,4.88,4.88,0.46,0,0,3,TRUE,15.115,14,FALSE
29319213,Bed in Boutique Hostel @ Geylang Rd,108773366,RedDoorz,FALSE,25,TRUE,Kallang,Central Region,1.31108,103.87176,Room in hostel,Hotel room,10,1,1,10,8.08,92,1125,29,59,89,364,6,0,26-04-2019,25-02-2020,4,4.33,4.33,4,4.17,4.83,4.33,0.07,0,0,24,TRUE,0.808,10,TRUE
29319686,Boutique Hostel near Kallang Wave Mall,108773366,RedDoorz,FALSE,25,TRUE,Kallang,Central Region,1.31128,103.8739,Room in hostel,Hotel room,10,1,1,10,7.75,92,1125,29,59,89,364,2,0,11-11-2019,12-01-2020,4,5,4,5,5,5,4.5,0.02,0,0,24,TRUE,0.775,10,TRUE
29320487,Bed in female dormitory near National Stadium,108773366,RedDoorz,FALSE,25,TRUE,Kallang,Central Region,1.31096,103.87178,Room in hostel,Hotel room,10,1,1,10,14.08,92,1125,29,59,89,364,2,0,20-01-2019,30-01-2020,4,4,3.5,5,5,5,4.5,0.02,0,0,24,TRUE,1.408,10,FALSE
29325647,"postwar singlebed *rmG, 3min to aljunied mrt",97878860,Chess,FALSE,59,TRUE,Geylang,Central Region,1.31473,103.8816,Private room in rental unit,Private room,1,1,1,1,15.72,92,1125,0,30,60,335,1,0,11-03-2020,11-03-2020,4,5,4,5,5,4,4,0.01,0,0,59,TRUE,15.72,29,FALSE
29525240,Chinatown - Luxury [Female Only] Queen Capsule,138468223,Cube,FALSE,5,TRUE,Outram,Central Region,1.28412,103.84396,Room in boutique hotel,Hotel room,2,1,1,1,130,1,365,28,58,88,360,2,0,15-02-2019,10-04-2019,4.5,4,4,4.5,5,4,5,0.02,0,0,5,TRUE,65,15,FALSE
29525299,Chinatown - Luxury [Female Only] Single Capsule,138468223,Cube,FALSE,5,TRUE,Outram,Central Region,1.28211,103.84364,Room in boutique hotel,Hotel room,1,10,1,1,80,1,365,28,58,88,361,7,0,20-11-2018,07-04-2025,4.43,4.57,4,4.71,4.29,4.86,4.43,0.08,0,0,5,TRUE,80,15,FALSE
29525922,Chinatown - Private Room [Luxury 2 Single Capsule],138468223,Cube,FALSE,5,TRUE,Outram,Central Region,1.28277,103.84399,Room in boutique hotel,Hotel room,2,10,1,2,114.4,1,365,3,9,21,257,0,0,,,,,,,,,,,0,0,5,FALSE,57.2,15,FALSE
29525951,Chinatown - Luxury [Mixed] Single Capsule,138468223,Cube,FALSE,5,TRUE,Outram,Central Region,1.28309,103.84296,Room in boutique hotel,Hotel room,1,10,1,1,91,1,365,29,59,89,362,33,3,19-11-2018,26-02-2026,4.64,4.79,4.58,4.91,4.88,4.88,4.64,0.36,18,1638,5,TRUE,91,7,FALSE
29526045,Chinatown - Luxury [Mixed] Queen Capsule,138468223,Cube,FALSE,5,TRUE,Outram,Central Region,1.28191,103.84372,Room in hotel,Hotel room,2,10,1,1,125,1,365,28,58,88,360,38,5,05-11-2018,25-05-2026,4.29,4.5,4.29,4.82,4.58,4.87,4.18,0.41,30,3750,5,TRUE,62.5,13,FALSE
29546144,2-bedroom luxury 20th floor penthouse+BBQ Terrace,800558,⁨Kim (金)⁩,FALSE,38,TRUE,Rochor,Central Region,1.31183,103.8539,Entire serviced apartment,Entire home/apt,4,2,2,3,1501.5,2,1125,28,58,88,363,0,0,,,,,,,,,,,0,0,10,FALSE,375.375,23,TRUE
29547507,1-bedroom luxury 20th floor penthouse+BBQ-Jacuzzi,800558,⁨Kim (金)⁩,FALSE,38,TRUE,Rochor,Central Region,1.31185,103.85397,Entire serviced apartment,Entire home/apt,2,1,1,1,1231.5,2,1125,28,58,88,363,2,0,17-03-2023,27-12-2023,4,4.5,4.5,5,5,3,2.5,0.05,0,0,10,TRUE,615.75,23,FALSE
29548114,1-bedroom luxury penthouse 5 star + BBQ terrace,800558,⁨Kim (金)⁩,FALSE,38,TRUE,Rochor,Central Region,1.31193,103.85489,Entire serviced apartment,Entire home/apt,2,1,1,1,881,2,1125,28,58,88,363,1,0,04-01-2019,04-01-2019,5,5,5,5,5,5,4,0.01,0,0,10,TRUE,440.5,35,FALSE
29548473,2-bedroom luxury penthouse + 2 Jacuzzi's + BBQ,800558,⁨Kim (金)⁩,FALSE,38,TRUE,Rochor,Central Region,1.31182,103.85417,Entire serviced apartment,Entire home/apt,4,2,2,3,2882.5,2,1125,28,58,88,363,2,0,14-09-2023,17-09-2023,5,5,5,5,5,5,4.5,0.06,0,0,10,TRUE,720.625,36,TRUE
29552115,Chinatown Skylight Single,23336011,Heritage,TRUE,82,TRUE,Outram,Central Region,1.2827270030975342,103.84577941894533,Room in aparthotel,Entire home/apt,1,1,1,1,125.5,2,365,24,45,75,350,89,15,04-12-2018,26-04-2026,4.92,4.91,4.9,4.71,4.93,4.97,4.74,0.97,90,11295,71,TRUE,125.5,29,FALSE
29552643,Chinatown Skylight Studio,23336011,Heritage,TRUE,82,TRUE,Outram,Central Region,1.2827270030975342,103.84577941894533,Room in aparthotel,Entire home/apt,2,1,1,1,115,1,365,18,45,75,350,127,17,16-12-2018,27-03-2026,4.83,4.83,4.89,4.79,4.94,4.97,4.8,1.38,102,11730,71,TRUE,57.5,28,FALSE
29579499,Chinatown Studio Premium,23336011,Heritage,TRUE,82,TRUE,Outram,Central Region,1.2827270030975342,103.84577941894533,Room in aparthotel,Entire home/apt,2,1,1,1,144,1,365,21,40,70,345,260,46,01-12-2018,30-05-2026,4.84,4.85,4.88,4.78,4.95,4.95,4.7,2.82,255,36720,71,TRUE,72,29,FALSE
29580481,Chinatown Skylight Loft,23336011,Heritage,TRUE,82,TRUE,Outram,Central Region,1.2827270030975342,103.84577941894533,Room in aparthotel,Entire home/apt,2,1,1,1,203,1,365,15,29,56,322,41,7,15-01-2019,28-05-2026,4.9,4.88,4.93,4.78,5,5,4.9,0.45,42,8526,71,TRUE,101.5,25,FALSE
29581373,Chinatown Premium Loft,23336011,Heritage,TRUE,82,TRUE,Outram,Central Region,1.2827270030975342,103.84577941894533,Room in aparthotel,Entire home/apt,2,1,1,1,182,1,365,26,56,86,361,88,15,24-11-2018,19-05-2026,4.85,4.85,4.86,4.81,4.94,4.94,4.75,0.95,90,16380,71,TRUE,91,29,FALSE
29634299,prewar 'revamped Studio-style' Balcony Room,97878860,Chess,FALSE,59,TRUE,Kallang,Central Region,1.30862,103.8613,Private room in rental unit,Private room,1,1,1,1,18.92,92,1125,0,30,60,335,0,0,,,,,,,,,,,0,0,59,FALSE,18.92,28,FALSE
29665238,Master bedroom for rent,147912349,Mr & Mrs,FALSE,1,TRUE,Toa Payoh,Central Region,1.3322,103.87853,Private room in home,Private room,2,1,1,2,49.73,92,1125,29,59,89,180,0,0,,,,,,,,,,,0,0,1,FALSE,24.865,25,FALSE
29768671,prewar miniStudio* + washer/dryer,97878860,Chess,FALSE,59,TRUE,Kallang,Central Region,1.30972,103.86098,Private room in rental unit,Private room,1,1,1,1,19.09,92,1125,0,30,60,335,1,0,10-12-2018,10-12-2018,4,3,3,4,5,5,4,0.01,0,0,59,TRUE,19.09,26,FALSE
29996505,"1970s singlebed *RmPad, no-sharing",8948251,Joey,FALSE,73,TRUE,Geylang,Central Region,1.31473,103.8816,Private room in rental unit,Private room,1,1,1,1,12.57,92,365,0,30,60,335,1,0,23-04-2019,23-04-2019,5,5,4,5,5,4,5,0.01,0,0,73,TRUE,12.57,28,FALSE
30017848,Eng Hoon Street Studio Room,48307592,Julie,FALSE,5,TRUE,Bukit Merah,Central Region,1.28273,103.83535,Private room in rental unit,Private room,1,1,1,1,16.62,180,1125,29,59,89,270,0,0,,,,,,,,,,,0,0,5,FALSE,16.62,15,FALSE
30274603,PRIVATE COMMON ROOM IN HDB,8689087,Michelle,FALSE,1,TRUE,Bukit Merah,Central Region,1.27241,103.80987,Private room in rental unit,Private room,2,1,1,2,45.05,92,1125,27,57,87,178,0,0,,,,,,,,,,,0,0,1,FALSE,22.525,7,FALSE
30385249,Chinatown (2 Queen Beds) Family Boutique Hotel,221293047,Ming Hui Sonia,FALSE,5,FALSE,Outram,Central Region,1.28299,103.84312,Room in boutique hotel,Hotel room,4,1,1,2,453,1,365,28,58,88,361,9,0,13-04-2019,30-01-2025,4.22,4.89,4.67,4.44,5,5,3.78,0.1,0,0,5,TRUE,113.25,15,FALSE
30385261,Chinatown Family Boutique Hotel for 6 Pax,221293047,Ming Hui Sonia,FALSE,5,FALSE,Outram,Central Region,1.28299,103.84312,Room in boutique hotel,Hotel room,6,1,1,4,996,1,365,21,51,81,353,3,0,31-10-2024,17-01-2025,4.33,4,4,5,4.67,5,4.67,0.15,0,0,5,TRUE,166,11,FALSE
30385269,Chinatown Family Room Boutique Hotel for 5 Pax,221293047,Ming Hui Sonia,FALSE,5,FALSE,Outram,Central Region,1.28392,103.8423,Room in boutique hotel,Hotel room,5,1,1,3,626,1,365,8,25,55,318,1,0,16-11-2019,16-11-2019,4,4,4,4,4,4,5,0.01,0,0,5,TRUE,125.2,4,FALSE
30385291,Chinatown (4 Queen Beds) Family Boutique Hotel,221293047,Ming Hui Sonia,FALSE,5,FALSE,Outram,Central Region,1.28234,103.84195,Room in boutique hotel,Hotel room,8,1,2,4,816,1,365,21,51,81,352,2,0,08-05-2024,28-12-2024,3,3,3.5,3.5,3,3.5,3,0.08,0,0,5,TRUE,102,11,FALSE
30385453,Chinatown (1 Queen Bed) Family Boutique Hotel,221293047,Ming Hui Sonia,FALSE,5,FALSE,Outram,Central Region,1.28299,103.84312,Room in boutique hotel,Hotel room,2,1,1,1,277,1,365,13,39,69,332,10,0,21-01-2019,14-02-2024,4.6,4.3,4.7,4.5,4.5,4.8,4.4,0.11,0,0,5,TRUE,138.5,16,FALSE
30407285,Studio @ Somerset MRT Orchard Rd,228321955,Philip,FALSE,1,TRUE,Museum,Central Region,1.298855243524306,103.8427404,Entire rental unit,Entire home/apt,3,1,1,3,49.26,92,365,29,59,89,364,0,0,,,,,,,,,,,0,0,1,FALSE,16.419999999999998,7,FALSE
30434753,"24hr self-checkin *QueenBed RmA, 5min city center",201775246,Hillary,FALSE,44,TRUE,Kallang,Central Region,1.31128,103.86064,Private room in rental unit,Private room,1,1,1,1,18.56,92,1125,0,30,60,335,1,0,31-01-2019,31-01-2019,3,3,3,5,5,5,3,0.01,0,0,44,TRUE,18.56,28,FALSE
30494592,selfcheckin singlebed *roomJ @ aljunied near MRT,201775246,Hillary,FALSE,44,TRUE,Geylang,Central Region,1.3147,103.88163,Private room in rental unit,Private room,1,1,1,1,15.61,92,1125,0,30,60,335,2,0,22-09-2019,05-10-2020,5,5,5,5,5,5,5,0.02,0,0,44,TRUE,15.61,25,FALSE
30543386,"23hr junior *master, private washer/dryer",201775246,Hillary,FALSE,44,TRUE,Kallang,Central Region,1.31025,103.86132,Private room in rental unit,Private room,1,1,1,1,18.7,92,1125,0,30,60,335,1,0,26-10-2019,26-10-2019,5,5,4,5,5,5,5,0.01,0,0,44,TRUE,18.7,27,FALSE
31002918,Queen Pod in a Shared Room on a Ladies-Only Floor,209260798,The Pod,TRUE,9,TRUE,Rochor,Central Region,1.30025,103.85951,Shared room in boutique hotel,Shared room,2,1,1,1,130,1,9999,22,52,82,344,4,0,23-08-2022,19-12-2023,4.5,5,4.5,5,5,5,4.5,0.09,0,0,9,TRUE,65,8,FALSE
31003554,Cozy Studio Byte Apt with WiFi in Kallang,159031223,Stay With Fort,TRUE,8,TRUE,Kallang,Central Region,1.29966,103.88497,Entire serviced apartment,Entire home/apt,2,1,1,1,181.5,6,1100,0,7,7,260,191,34,01-01-2019,27-06-2026,4.86,4.9,4.89,4.87,4.8,4.67,4.7,2.09,255,46283,8,TRUE,90.75,39,FALSE
31081282,Lavender QueenBed Rm2*: 5m walk MRT,2413412,Kaurus,FALSE,91,TRUE,Kallang,Central Region,1.31029,103.86283,Private room in rental unit,Private room,1,1,1,1,15.02,92,1125,0,30,60,335,1,0,06-02-2020,06-02-2020,5,5,5,5,5,5,5,0.01,0,0,91,TRUE,15.02,28,FALSE
31196834,Good size private room  #2,22875236,Beat,FALSE,1,TRUE,Bedok,East Region,1.30864,103.92461,Private room in condo,Private room,2,1,1,2,25.33,92,1125,28,58,88,363,13,0,15-02-2019,15-04-2023,4.69,4.62,4.69,4.77,4.69,4.46,4.46,0.14,0,0,1,TRUE,12.665,16,FALSE
31201327,371A L2R3 private room with private toilet,33096269,E C,FALSE,13,TRUE,Geylang,Central Region,1.31207,103.88856,Private room in rental unit,Private room,2,1,1,2,25.13,92,1125,28,58,88,363,62,0,22-01-2019,05-01-2022,4.77,4.87,4.5,4.98,5,4.77,4.71,0.68,0,0,11,TRUE,12.565,11,FALSE
31218304,Big ensuite bedroom in newly built house,220733620,Lee,FALSE,3,TRUE,Jurong West,West Region,1.33748,103.68989,Private room in home,Private room,3,1,1,3,37.68,92,1125,29,59,89,270,29,0,11-01-2019,21-07-2021,5,5,4.93,5,4.93,4.86,4.79,0.32,0,0,3,TRUE,12.56,16,FALSE
31219674,Big ensuite bedroom in newly built house near NTU,220733620,Lee,FALSE,3,TRUE,Jurong West,West Region,1.33721,103.6905,Private room in home,Private room,3,1,1,3,36.4,92,1125,28,41,41,250,14,1,11-01-2019,09-11-2025,4.93,5,4.93,5,5,4.64,4.93,0.15,184,6698,3,TRUE,12.133333333333333,11,FALSE
31294965,Awesome Room!,36250439,Aaron,FALSE,1,TRUE,Bedok,East Region,1.31885,103.91157,Private room in rental unit,Private room,6,1,1,6,274.09,92,1125,26,56,86,361,0,0,,,,,,,,,,,0,0,1,FALSE,45.681666666666665,11,FALSE
31357872,Spacious room in Vivsters cozy home,48018398,Vivian,FALSE,1,TRUE,Woodlands,North Region,1.42768,103.77561,Private room in home,Private room,4,1,2,4,39.2,92,1125,27,57,87,268,1,0,30-01-2019,30-01-2019,5,5,5,5,5,5,4,0.01,0,0,1,TRUE,9.8,12,FALSE
31424549,Chinatown Studio Premium no windows,23336011,Heritage,TRUE,82,TRUE,Outram,Central Region,1.2827390432357788,103.84584045410156,Room in aparthotel,Entire home/apt,2,1,1,1,188,2,365,15,39,60,330,8,1,09-01-2021,09-05-2026,4.63,5,4.88,4.38,4.75,4.63,4.75,0.12,6,1128,71,TRUE,94,24,FALSE
31424940,Pagoda Studio,23336011,Heritage,TRUE,82,TRUE,Outram,Central Region,1.2835403,103.8439533,Room in aparthotel,Entire home/apt,2,1,1,1,155,1,365,15,30,60,319,12,0,04-09-2023,07-08-2024,4.75,4.83,4.75,4.67,4.75,4.83,4.58,0.35,0,0,71,TRUE,77.5,32,FALSE
31573008,CitySkylines@Chinatown,49380207,Ong,FALSE,11,TRUE,Outram,Central Region,1.28509,103.84155,Private room in condo,Private room,1,1,1,1,36.8,92,1125,29,59,89,364,25,0,21-01-2019,17-02-2020,4.8,4.84,4.8,4.76,4.96,4.84,4.76,0.28,0,0,7,TRUE,36.8,17,FALSE
31604515,"ACROSS HAJI LANE & ARAB STREET, HIGH FLOOR 2BR",138649185,Sidharth,FALSE,492,TRUE,Kallang,Central Region,1.29848,103.86064,Entire serviced apartment,Entire home/apt,4,1,2,4,195.72,92,1125,28,58,88,363,0,0,,,,,,,,,,,0,0,215,FALSE,48.93,36,FALSE
31658769,"600M to BEAUTY WORLD MRT, Jln Jurong Studio",138649185,Sidharth,FALSE,492,TRUE,Tanglin,Central Region,1.32182,103.814,Entire serviced apartment,Entire home/apt,2,1,1,2,64.85,92,1125,28,58,88,363,0,0,,,,,,,,,,,0,0,215,FALSE,32.425,31,FALSE
31690736,"Great location, opposite to Marina Bay Sands",197863163,Grace,FALSE,1,TRUE,Downtown Core,Central Region,1.28012,103.85661,Entire serviced apartment,Entire home/apt,4,1,2,4,95.01,96,99,28,58,88,269,0,0,,,,,,,,,,,0,0,1,FALSE,23.7525,16,FALSE
31812483,Work Out in the comfort of your room in Chinatown,218722083,Ann Siang,FALSE,5,TRUE,Downtown Core,Central Region,1.27959,103.84625,Room in boutique hotel,Hotel room,2,1,1,2,73.66,92,1125,29,59,89,364,20,0,03-03-2019,25-01-2020,4.95,5,4.95,5,5,5,4.95,0.22,0,0,5,TRUE,36.83,12,FALSE
31959810,Spacious Studio and Kitchenette in Chinatown,218722083,Ann Siang,FALSE,5,TRUE,Outram,Central Region,1.28183,103.84657,Room in boutique hotel,Hotel room,2,1,1,2,92.08,92,1125,29,59,89,364,6,0,10-10-2019,15-03-2020,5,4.83,5,5,5,5,4.83,0.07,0,0,5,TRUE,46.04,14,FALSE
31960343,Rejuvenate & Recharge in Luxury In Chinatown,218722083,Ann Siang,FALSE,5,TRUE,Outram,Central Region,1.28132,103.84491,Room in boutique hotel,Hotel room,2,1,1,2,125.84,92,1125,29,59,89,364,11,0,16-05-2019,13-02-2020,4.73,5,5,5,5,5,4.73,0.13,0,0,5,TRUE,62.92,14,FALSE
31960810,Experience Suite Living in the heart of Chinatown,218722083,Ann Siang,FALSE,5,TRUE,Outram,Central Region,1.28173,103.84612,Room in boutique hotel,Hotel room,2,1,1,2,113.56,92,1125,29,59,89,364,7,0,01-03-2019,08-12-2019,4.57,5,4.86,5,5,4.86,4.71,0.08,0,0,5,TRUE,56.78,14,FALSE
31965730,Newly Re-furbished Single Female Room,10463855,Siti Noordin,FALSE,1,TRUE,Choa Chu Kang,West Region,1.40089,103.74543,Private room in rental unit,Private room,1,1,1,1,34.74,92,120,29,59,89,364,13,0,12-05-2019,29-11-2021,4.92,4.92,4.85,4.92,4.92,4.69,4.85,0.15,0,0,1,TRUE,34.74,22,FALSE
32205289,Evergreen park condo near hougang MRT,237131449,Shangping,FALSE,1,TRUE,Hougang,North-East Region,1.3672,103.89748,Private room in rental unit,Private room,1,1,1,1,20.64,92,1125,27,57,87,268,31,0,17-02-2019,18-02-2020,4.45,4.55,4.29,4.55,4.48,4.35,4.74,0.35,0,0,1,TRUE,20.64,20,FALSE
32222890,"23hr selfcheckin QueenBed Rm1, 5min city center",201775246,Hillary,FALSE,44,TRUE,Kallang,Central Region,1.31217,103.86147,Private room in rental unit,Private room,1,1,1,1,15.56,92,1125,0,30,60,335,0,0,,,,,,,,,,,0,0,44,FALSE,15.56,29,FALSE
32303894,prewar singlebed RmA > lavender MRT,97878860,Chess,FALSE,59,TRUE,Kallang,Central Region,1.31046,103.86234,Private room in rental unit,Private room,1,1,1,1,14.83,92,1125,0,30,60,335,1,0,05-03-2019,05-03-2019,5,5,5,5,5,5,5,0.01,0,0,59,TRUE,14.83,28,FALSE
32526213,Comfy Premium Studio 3 mins to MRT (300 sqft),111065775,Joyce,FALSE,16,TRUE,Orchard,Central Region,1.29917,103.83863,Room in serviced apartment,Hotel room,2,1,2,1,197,6,1125,11,41,71,327,24,2,23-03-2019,19-04-2026,4.54,4.58,4.54,4.83,4.67,4.96,4.67,0.27,24,4728,16,TRUE,98.5,31,FALSE
32621960,Two Bedrooms with Kitchenette near Bugis Junction,148161755,Jan,TRUE,26,TRUE,Downtown Core,Central Region,1.29758,103.85351,Entire serviced apartment,Entire home/apt,4,1,2,4,258.11,92,92,28,58,88,363,2,0,13-04-2019,15-12-2021,4.5,5,4.5,5,5,5,4,0.02,0,0,26,TRUE,64.5275,37,FALSE
32623479,2BR furnish Apt 500m to City Hall MRT/Raffles City,148161755,Jan,TRUE,26,TRUE,Rochor,Central Region,1.29902,103.85153,Entire serviced apartment,Entire home/apt,4,2,2,2,809.83,6,90,1,20,50,298,14,3,26-02-2022,21-11-2025,4.93,5,4.93,5,4.93,5,4.86,0.26,36,29154,26,TRUE,202.4575,41,FALSE
32723994,Tiong bahru Heritage Window *Rm1 near SGH,201775246,Hillary,FALSE,44,TRUE,Bukit Merah,Central Region,1.28443,103.83417,Private room in rental unit,Private room,1,1,1,1,18.65,92,365,0,30,60,335,1,0,21-09-2019,21-09-2019,5,5,4,5,5,5,5,0.01,0,0,44,TRUE,18.65,26,FALSE
32729775,HighFloor juniorMaster City Queen (Non-Tourist),201775246,Hillary,FALSE,44,TRUE,Outram,Central Region,1.2842,103.84255,Private room in rental unit,Private room,1,1,1,1,20.44,92,1125,0,30,60,335,1,0,15-04-2021,15-04-2021,5,5,5,5,5,5,5,0.02,0,0,44,TRUE,20.44,28,FALSE
32732351,Cozy StudioC* Solo Only @ Tiong Bahru near SGH,2413412,Kaurus,FALSE,91,TRUE,Bukit Merah,Central Region,1.28443,103.83417,Entire rental unit,Entire home/apt,1,1,1,1,46.99,92,1125,0,30,60,335,1,0,05-03-2019,05-03-2019,5,5,5,5,5,5,5,0.01,0,0,91,TRUE,46.99,31,FALSE
32748783,BALCONY rmBr @ tiong bahru near SGH,2413412,Kaurus,FALSE,91,TRUE,Bukit Merah,Central Region,1.28443,103.83417,Private room in rental unit,Private room,1,1,1,1,18.77,92,1125,0,30,60,335,2,0,22-06-2021,08-09-2021,3.5,4,4.5,5,4,5,3.5,0.03,0,0,91,TRUE,18.77,27,FALSE
32777995,Lavender QueenBed *rmC: 5m walk MRT,2413412,Kaurus,FALSE,91,TRUE,Kallang,Central Region,1.31188,103.86005,Private room in rental unit,Private room,1,1,1,1,15.66,92,1124,0,30,60,335,1,0,18-05-2019,18-05-2019,5,5,4,5,5,5,5,0.01,0,0,91,TRUE,15.66,28,FALSE
32821771,prewar Tiong Bahru Balcony window *Rm2 near SGH,97878860,Chess,FALSE,59,TRUE,Bukit Merah,Central Region,1.28461,103.83402,Private room in rental unit,Private room,1,1,1,1,18.84,92,1125,0,30,60,335,2,0,10-03-2019,27-11-2019,4.5,4.5,4.5,4.5,4.5,4.5,5,0.02,0,0,59,TRUE,18.84,26,FALSE
32822582,prewar Tiong Bahru Cozy Studio (near SGH),97878860,Chess,FALSE,59,TRUE,Bukit Merah,Central Region,1.2846,103.834,Entire rental unit,Entire home/apt,1,1,1,1,47.48,92,1125,0,30,60,335,0,0,,,,,,,,,,,0,0,59,FALSE,47.48,30,FALSE
32822945,BIG Window Queenbed Rm* @ tiong bahru heritage,2413412,Kaurus,FALSE,91,TRUE,Bukit Merah,Central Region,1.28443,103.83417,Private room in rental unit,Private room,1,1,1,1,18.8,92,1125,0,30,60,335,1,0,16-12-2019,16-12-2019,5,5,5,5,5,5,5,0.01,0,0,91,TRUE,18.8,27,FALSE
32832467,Hippy heritage *STUDIO (tiong bahru near SGH).,8948251,Joey,FALSE,73,TRUE,Bukit Merah,Central Region,1.28429,103.83433,Entire rental unit,Entire home/apt,1,1,1,1,47.69,92,1125,0,30,60,335,1,0,13-03-2019,13-03-2019,5,5,5,5,5,5,5,0.01,0,0,73,TRUE,47.69,30,FALSE
32846195,COzy Studio Solo only @ Tiong Bahru (walk to SGH),2413412,Kaurus,FALSE,91,TRUE,Bukit Merah,Central Region,1.28443,103.83417,Entire rental unit,Entire home/apt,1,1,1,1,46.85,92,1125,0,30,60,335,6,0,10-03-2019,27-08-2021,4.83,5,4.5,5,4.83,5,5,0.07,0,0,91,TRUE,46.85,30,FALSE
32873124,Tiong bahru Heritage Studio  near SGH,201775246,Hillary,FALSE,44,TRUE,Bukit Merah,Central Region,1.28414,103.83401,Entire rental unit,Entire home/apt,1,1,1,1,47.54,92,1125,0,30,60,335,0,0,,,,,,,,,,,0,0,44,FALSE,47.54,30,FALSE
32874731,Hippy heritage *Balcony Window R2 (tiong bahru),8948251,Joey,FALSE,73,TRUE,Bukit Merah,Central Region,1.28434,103.83395,Private room in rental unit,Private room,1,1,1,1,18.83,92,1125,0,30,60,335,1,0,11-03-2019,11-03-2019,5,5,5,5,5,5,5,0.01,0,0,73,TRUE,18.83,28,FALSE
32908981,"HIGH-LIVING 2 BR in CENTRE OF CITY, ORCHARD",138649185,Sidharth,FALSE,492,TRUE,Orchard,Central Region,1.30277,103.83637,Entire serviced apartment,Entire home/apt,5,1,2,5,427.6,92,1125,28,58,88,363,0,0,,,,,,,,,,,0,0,215,FALSE,85.52000000000001,53,FALSE
32949187,Quiet Window Rm1C* @ tiong bahru heritage,2413412,Kaurus,FALSE,91,TRUE,Bukit Merah,Central Region,1.28438,103.83383,Private room in rental unit,Private room,1,1,1,1,18.56,92,365,0,30,60,335,1,0,14-01-2020,14-01-2020,5,5,5,5,5,5,4,0.01,0,0,91,TRUE,18.56,28,FALSE
32949544,prewar Tiong Bahru NEW Window *Rm1 near SGH,97878860,Chess,FALSE,59,TRUE,Bukit Merah,Central Region,1.28412,103.83408,Private room in rental unit,Private room,1,1,1,1,17.94,92,1125,0,30,60,335,1,0,25-04-2019,25-04-2019,5,5,5,5,5,5,5,0.01,0,0,59,TRUE,17.94,26,FALSE
33076582,Hippy heritage new window *room1 (tiong bahru),8948251,Joey,FALSE,73,TRUE,Bukit Merah,Central Region,1.28404,103.83408,Private room in rental unit,Private room,1,1,1,1,18.89,92,1125,0,30,60,335,2,0,04-08-2019,21-08-2019,5,4.5,4,5,5,5,4.5,0.02,0,0,73,TRUE,18.89,28,FALSE
33079469,Hippy heritage New Balcony Window R1 (tiong bahru),8948251,Joey,FALSE,73,TRUE,Bukit Merah,Central Region,1.28451,103.83381,Private room in rental unit,Private room,1,1,1,1,18.2,92,1125,0,30,60,335,0,0,,,,,,,,,,,0,0,73,FALSE,18.2,28,FALSE
33081780,Highfloor FullBathroom attached92 @ Chinatown/CBD,201775246,Hillary,FALSE,44,TRUE,Outram,Central Region,1.28359,103.84135,Private room in rental unit,Private room,1,1,1,1,21.72,92,1125,0,30,60,335,0,0,,,,,,,,,,,0,0,44,FALSE,21.72,28,FALSE
33085177,"Interconnected 1 bedroom family Suites, Singapore",138649185,Sidharth,FALSE,492,TRUE,Kallang,Central Region,1.29872,103.86055,Entire serviced apartment,Entire home/apt,4,1,1,4,168.23,92,1125,28,58,88,363,0,0,,,,,,,,,,,0,0,215,FALSE,42.0575,41,FALSE
33085362,"24hr self-check Balcony Qbed *Rm, 5min city center",201775246,Hillary,FALSE,44,TRUE,Kallang,Central Region,1.3104,103.86166,Private room in rental unit,Private room,1,1,1,1,19.16,92,1125,0,30,60,335,1,0,14-12-2019,14-12-2019,3,4,5,5,5,5,4,0.01,0,0,44,TRUE,19.16,28,FALSE
33098686,Tiong bahru Heritage Balcony window *Rm1 near SGH,201775246,Hillary,FALSE,44,TRUE,Bukit Merah,Central Region,1.28405,103.83417,Private room in rental unit,Private room,1,1,1,1,18.77,92,1125,0,30,60,335,4,0,07-01-2020,31-12-2020,5,5,4.75,5,5,5,4.75,0.05,0,0,44,TRUE,18.77,26,FALSE
33119907,prewar Tiong Bahru Balcony window Rm1 near SGH,97878860,Chess,FALSE,59,TRUE,Bukit Merah,Central Region,1.28428,103.83395,Private room in rental unit,Private room,1,1,1,1,18.42,92,1125,0,30,60,335,0,0,,,,,,,,,,,0,0,59,FALSE,18.42,26,FALSE
33155188,"24hr self-checkin Queenbed RmDx, 5min city center",201775246,Hillary,FALSE,44,TRUE,Kallang,Central Region,1.31023,103.86146,Private room in rental unit,Private room,1,1,1,1,18.7,92,1125,0,30,60,335,0,0,,,,,,,,,,,0,0,44,FALSE,18.7,28,FALSE
33216747,Quiet Window *Rm1 @ tiong bahru heritage,2413412,Kaurus,FALSE,91,TRUE,Bukit Merah,Central Region,1.28436,103.83392,Private room in rental unit,Private room,1,1,1,1,19.19,92,365,0,30,60,335,2,0,31-10-2020,07-12-2020,5,5,4.5,5,5,5,5,0.03,0,0,91,TRUE,19.19,28,FALSE
33457052,"simple, low cost and liveable with  facilities.",220368734,Ang,FALSE,6,TRUE,Pasir Ris,East Region,1.37239,103.94421,Private room in condo,Private room,2,1,1,2,18.77,92,92,26,56,86,177,1,0,23-07-2019,23-07-2019,5,4,5,5,5,4,5,0.01,0,0,1,TRUE,9.385,17,FALSE
33460906,Cozy Flat 1 @ Jurong West Near NTU,252091822,Liu,FALSE,5,TRUE,Jurong West,West Region,1.33638,103.69361,Private room in home,Private room,1,1,1,1,19.49,92,1125,28,58,88,363,8,0,31-05-2019,29-02-2020,4.88,4.88,4.38,5,5,4.88,4.88,0.09,0,0,5,TRUE,19.49,12,FALSE
33515578,Spacious room for rent,102052937,Marisca,FALSE,3,TRUE,River Valley,Central Region,1.29417,103.83844,Private room in condo,Private room,1,1,2,1,50.38,92,1125,27,57,87,362,0,0,,,,,,,,,,,0,0,2,FALSE,50.38,18,FALSE
33634552,Luxurious Studio  in the heart of the city.,42295661,Jayanthi,FALSE,5,TRUE,Rochor,Central Region,1.31138,103.85273,Entire rental unit,Entire home/apt,2,1,1,2,45.74,92,1125,0,0,0,115,68,0,09-06-2019,16-12-2021,4.68,4.79,4.75,4.82,4.88,4.72,4.49,0.79,0,0,5,TRUE,22.87,27,FALSE
33669171,Cozy Studio Centrally Located Near to Mrt,42295661,Jayanthi,FALSE,5,TRUE,Rochor,Central Region,1.30954,103.85358,Entire rental unit,Entire home/apt,2,1,1,2,41.09,92,1125,29,59,89,364,70,0,14-06-2019,31-01-2022,4.84,4.9,4.77,4.86,4.91,4.81,4.7,0.82,0,0,5,TRUE,20.545,27,FALSE
33836101,Cosy Soho 1 bedroom condominium at by east coast,40375561,Bin,FALSE,1,TRUE,Marine Parade,Central Region,1.29947,103.90175,Entire condo,Entire home/apt,2,1,1,2,38.76,92,730,22,52,82,260,0,0,,,,,,,,,,,0,0,1,FALSE,19.38,16,FALSE
33982757,[Chinatown] Deluxe Family Quad-2mins away from MRT,256587033,Feng,FALSE,9,TRUE,Outram,Central Region,1.28196,103.8429,Room in boutique hotel,Hotel room,4,1,1,2,465,1,365,4,10,39,133,70,8,23-08-2019,26-05-2026,4.49,4.69,4.57,4.73,4.7,4.87,4.31,0.84,48,22320,9,TRUE,116.25,13,FALSE
33999107,BalconyC Washbasin rm2 @ tiong bahru (walk to SGH),2413412,Kaurus,FALSE,91,TRUE,Bukit Merah,Central Region,1.28559,103.8332,Private room in rental unit,Private room,1,1,1,1,18.81,92,1125,0,30,60,335,5,0,21-05-2019,05-12-2020,4.4,4.6,3.8,5,4.8,5,4,0.06,0,0,91,TRUE,18.81,26,FALSE
34052336,Economical 2 bedroom apartment near MRT,238891646,Neha,FALSE,131,TRUE,Queenstown,Central Region,1.29191,103.80647,Entire rental unit,Entire home/apt,3,1,2,3,174.98,92,1125,28,58,88,363,2,0,03-08-2019,07-01-2020,4,3.5,5,3.5,4,3.5,3,0.02,0,0,131,TRUE,58.32666666666666,18,FALSE
34068805,Cozy 1 Bedroom Apartment at Bouna Vista near MRT,238891646,Neha,FALSE,131,TRUE,Queenstown,Central Region,1.27864,103.78706,Entire serviced apartment,Entire home/apt,2,1,1,2,94.17,92,1125,28,58,88,363,0,0,,,,,,,,,,,0,0,131,FALSE,47.085,14,FALSE
34071208,【REST】 Chinatown/Deluxe Family Room,256587033,Feng,FALSE,9,TRUE,Outram,Central Region,1.2836,103.84368,Room in boutique hotel,Hotel room,3,1,1,2,381,1,365,15,35,65,164,80,8,25-05-2019,11-06-2026,4.45,4.51,4.51,4.75,4.66,4.81,4.31,0.93,48,18288,9,TRUE,127,13,FALSE
34071596,【REST】Chinatown/ Superior Double,256587033,Feng,FALSE,9,TRUE,Outram,Central Region,1.28229,103.84516,Room in boutique hotel,Hotel room,2,1,1,1,191,1,365,17,47,77,176,54,3,30-04-2019,29-12-2025,4.31,4.31,4.3,4.8,4.67,4.67,4.2,0.62,18,3438,9,TRUE,95.5,16,FALSE
34071837,【REST】 Chinatown/Double Room without Window,256587033,Feng,FALSE,9,TRUE,Outram,Central Region,1.28152,103.84492,Room in boutique hotel,Hotel room,2,1,1,1,203,1,365,9,36,66,164,75,9,27-05-2019,03-06-2026,4.4,4.49,4.45,4.87,4.85,4.95,4.23,0.87,54,10962,9,TRUE,101.5,15,FALSE
34072244,【REST】 Chinatown/Single Room,256587033,Feng,FALSE,9,TRUE,Outram,Central Region,1.28155,103.84517,Room in boutique hotel,Hotel room,1,1,1,1,227,1,365,15,44,74,173,58,8,20-06-2019,30-04-2026,4.52,4.6,4.69,4.81,4.59,4.86,4.41,0.68,48,10896,9,TRUE,227,18,FALSE
34073545,【REST COLLECTION】Chinatown/Family/2mins away MRT,256587033,Feng,FALSE,9,TRUE,Outram,Central Region,1.28239,103.84502,Room in boutique hotel,Hotel room,6,1,1,4,643,1,365,6,18,47,137,24,4,02-06-2019,12-04-2026,4.33,4.38,4.42,4.46,4.5,4.71,4.29,0.28,24,15432,9,TRUE,107.16666666666667,16,FALSE
34082010,selfcheckin singlebed room2* @ aljunied near MRT,201775246,Hillary,FALSE,44,TRUE,Geylang,Central Region,1.3147,103.88163,Private room in rental unit,Private room,1,1,1,1,15.43,92,1125,0,30,60,335,2,0,19-06-2019,25-03-2020,4,4,3.5,4,4.5,5,4,0.02,0,0,44,TRUE,15.43,25,FALSE
34186257,CozzyRoom@Chinatown(no window),49380207,Ong,FALSE,11,TRUE,Outram,Central Region,1.2834,103.84367,Private room in condo,Private room,1,1,1,1,29.75,92,1125,29,59,89,364,14,0,13-05-2019,10-02-2020,4.64,4.57,4.93,4.64,4.71,5,4.64,0.16,0,0,7,TRUE,29.75,23,FALSE
34243743,Simple cozy elegant master room for 80,96718721,Irene,FALSE,11,TRUE,Tanglin,Central Region,1.2951,103.82826,Private room in condo,Private room,1,1,1,1,61.13,92,1125,29,59,89,364,0,0,,,,,,,,,,,0,0,11,FALSE,61.13,13,FALSE
34288316,prewar doublebed Rm1* > Lavender MRT.,97878860,Chess,FALSE,59,TRUE,Kallang,Central Region,1.31098,103.86005,Private room in rental unit,Private room,1,1,1,1,15.91,92,1125,0,30,60,335,1,0,30-05-2019,30-05-2019,3,3,3,4,4,4,4,0.01,0,0,59,TRUE,15.91,25,FALSE
34346401,"1970s singlebed *RmK, no-sharing",8948251,Joey,FALSE,73,TRUE,Geylang,Central Region,1.3147,103.88163,Private room in rental unit,Private room,1,1,1,1,15.77,92,1124,0,30,60,335,1,0,09-08-2019,09-08-2019,4,4,3,5,5,5,4,0.01,0,0,73,TRUE,15.77,28,FALSE
34454047,CityView@Chinatown,49380207,Ong,FALSE,11,TRUE,Outram,Central Region,1.28534,103.84224,Private room in condo,Private room,1,1,1,1,32.89,92,1125,29,59,89,364,12,0,03-06-2019,29-01-2020,4.92,4.92,5,4.75,4.92,4.75,4.83,0.14,0,0,7,TRUE,32.89,16,FALSE
34569244,Condo masterbedroom Like home Clarke Quay 150m MRT,44250196,Steph,FALSE,2,TRUE,Downtown Core,Central Region,1.29229,103.85011,Private room in condo,Private room,5,1,1,5,49.79,92,1125,29,59,89,364,1,0,11-09-2019,11-09-2019,5,5,5,5,5,5,5,0.01,0,0,2,TRUE,9.958,42,FALSE
34569884,Like your own home @ Fort Canning! 150m from MRT,44250196,Steph,FALSE,2,TRUE,Museum,Central Region,1.29429,103.84873,Entire condo,Entire home/apt,6,1,2,6,90.64,92,1125,29,59,89,364,6,0,23-09-2019,18-10-2020,4.33,4.5,4.17,5,4.83,4.83,4.17,0.07,0,0,2,TRUE,15.106666666666667,40,FALSE
34579286,Luxurious New 1 Br near to MRT,42295661,Jayanthi,FALSE,5,TRUE,Rochor,Central Region,1.31072,103.85421,Entire rental unit,Entire home/apt,2,1,1,2,45.5,92,1125,0,0,0,195,46,0,20-06-2019,07-01-2022,4.85,4.72,4.87,4.87,4.98,4.89,4.8,0.54,0,0,5,TRUE,22.75,27,FALSE
34627895,"kAwesome Brickwall loftbed *RmC, Chinatown CBD",2413412,Kaurus,FALSE,91,TRUE,Outram,Central Region,1.2829,103.84286,Private room in rental unit,Private room,1,1,1,1,14.31,92,1125,0,0,29,304,1,0,08-06-2019,08-06-2019,5,5,5,5,5,5,5,0.01,0,0,91,TRUE,14.31,27,FALSE
34654117,1960s singlebed *RmAn @ lavender bugis,8948251,Joey,FALSE,73,TRUE,Kallang,Central Region,1.3101,103.8621,Private room in rental unit,Private room,1,1,1,1,15.43,92,1125,0,30,60,335,1,0,14-12-2019,14-12-2019,4,5,3,5,5,5,3,0.01,0,0,73,TRUE,15.43,28,FALSE
34675596,highrise loftbed roomNi @ chinatown heritage,8948251,Joey,FALSE,73,TRUE,Outram,Central Region,1.28527,103.84211,Private room in rental unit,Private room,1,1,1,1,14.38,92,1125,0,0,29,304,0,0,,,,,,,,,,,0,0,73,FALSE,14.38,27,FALSE
34699073,Highrise ChinatownD Singlebed room,201775246,Hillary,FALSE,44,TRUE,Outram,Central Region,1.28446,103.84146,Private room in rental unit,Private room,1,1,1,1,14.37,92,1125,0,0,29,304,0,0,,,,,,,,,,,0,0,44,FALSE,14.37,27,FALSE
34819352,Studio apartment with kitchenette,73166292,Sam,FALSE,1,TRUE,Geylang,Central Region,1.31588,103.90364,Entire rental unit,Entire home/apt,2,1,1,2,71,92,1125,29,59,89,364,28,0,02-06-2019,09-08-2021,4.86,4.82,4.75,4.89,4.96,4.82,4.89,0.32,0,0,1,TRUE,35.5,20,FALSE
34909010,Aljunied Room2 > MRT 3min > CBD 15 mins,2413412,Kaurus,FALSE,91,TRUE,Geylang,Central Region,1.3147,103.88163,Private room in rental unit,Private room,1,1,1,1,15.69,92,1125,0,30,60,335,0,0,,,,,,,,,,,0,0,91,FALSE,15.69,28,FALSE
34909012,"1970s singlebed *RmN, no-sharing",8948251,Joey,FALSE,73,TRUE,Geylang,Central Region,1.3147,103.88163,Private room in rental unit,Private room,1,1,1,1,15.76,92,1125,0,30,60,335,1,0,12-07-2019,12-07-2019,5,5,4,5,5,5,5,0.01,0,0,73,TRUE,15.76,28,FALSE
34930444,1960s Queenbed RmNt @ lavender bugis,8948251,Joey,FALSE,73,TRUE,Kallang,Central Region,1.31006,103.86226,Private room in rental unit,Private room,1,1,1,1,15.42,92,1125,0,30,60,335,0,0,,,,,,,,,,,0,0,73,FALSE,15.42,28,FALSE
34932388,"24hr self-checkin Queenbed *RmB, 5min city center",201775246,Hillary,FALSE,44,TRUE,Kallang,Central Region,1.31144,103.86032,Private room in rental unit,Private room,1,1,1,1,18.56,92,1125,0,30,60,335,0,0,,,,,,,,,,,0,0,44,FALSE,18.56,28,FALSE
34950613,Charming Kovan Master Bedroom: 3+ Months Stays,10823332,J,FALSE,3,TRUE,Hougang,North-East Region,1.35915,103.87839,Private room in home,Private room,1,1,1,1,23.35,92,1125,29,59,89,364,1,0,31-07-2019,31-07-2019,5,5,5,5,5,5,5,0.01,0,0,1,TRUE,23.35,11,FALSE
34964444,selfcheckin singlebed *roomCC @ aljunied near MRT,201775246,Hillary,FALSE,44,TRUE,Geylang,Central Region,1.3147,103.88163,Private room in rental unit,Private room,1,1,1,1,15.63,92,1125,0,30,60,335,1,0,01-07-2019,01-07-2019,5,5,3,5,5,5,4,0.01,0,0,44,TRUE,15.63,25,FALSE
35030220,2BR Ensuite; <5 minutes to MRT & Tekka food market,34008599,Ling,FALSE,1,TRUE,Rochor,Central Region,1.30715,103.84713,Entire condo,Entire home/apt,5,1,2,5,71.62,92,1125,29,59,89,270,0,0,,,,,,,,,,,0,0,1,FALSE,14.324000000000002,25,FALSE
35077531,Stylish private single room in city centre,264230720,Circular House,FALSE,8,TRUE,Singapore River,Central Region,1.28692,103.84816,Room in hostel,Hotel room,1,1,1,1,27.08,92,365,29,59,89,364,7,0,09-06-2019,26-01-2020,4.29,4.43,4.57,4.71,4.57,4.86,4.43,0.08,0,0,8,TRUE,27.08,12,FALSE
35077950,Stylish private queen room in city centre,264230720,Circular House,FALSE,8,TRUE,Singapore River,Central Region,1.28742,103.84822,Room in hostel,Hotel room,2,1,1,2,30.95,92,365,29,59,89,364,3,0,08-07-2019,30-07-2019,4.33,5,4,5,4.67,5,4.33,0.04,0,0,8,TRUE,15.475,12,FALSE
35102472,Coveted excellent studio,42295661,Jayanthi,FALSE,5,TRUE,Rochor,Central Region,1.30909,103.85459,Entire rental unit,Entire home/apt,2,1,1,2,46.67,92,1125,29,59,89,364,52,0,13-06-2019,30-11-2022,4.85,4.85,4.87,4.94,4.9,4.79,4.44,0.61,0,0,5,TRUE,23.335,27,FALSE
35181133,"23hr selfcheckin LoftBed RmA*, 5min city center",201775246,Hillary,FALSE,44,TRUE,Kallang,Central Region,1.31017,103.86266,Private room in rental unit,Private room,1,1,1,1,11.47,92,1125,0,30,60,335,1,0,12-02-2020,12-02-2020,1,1,1,3,1,1,1,0.01,0,0,44,TRUE,11.47,15,FALSE
35185755,Spacious 3 Bedroom Apartment at Queenstown,238891646,Neha,FALSE,131,TRUE,Queenstown,Central Region,1.29702,103.80439,Entire serviced apartment,Entire home/apt,6,1,3,6,133.07,92,1125,28,58,88,363,1,0,08-05-2022,08-05-2022,5,4,5,5,5,3,4,0.02,0,0,131,TRUE,22.17833333333333,16,FALSE
35185822,Affordable 2 Bedroom apartment at Bouna Vista,238891646,Neha,FALSE,131,TRUE,Queenstown,Central Region,1.30482,103.78462,Entire rental unit,Entire home/apt,4,1,2,4,130.96,92,1125,28,58,88,363,2,0,15-11-2019,08-03-2022,4.5,4,4.5,5,5,4.5,4.5,0.02,0,0,131,TRUE,32.74,13,FALSE
35300552,Single Bed in 4-Bed Ensuite Mixed Dormitory Room,212039019,Thads,FALSE,6,TRUE,Bukit Merah,Central Region,1.28612,103.83153,Room in hostel,Hotel room,1,1,1,1,10.96,92,365,29,59,89,364,1,0,25-07-2019,25-07-2019,5,5,5,5,5,4,5,0.01,0,0,6,TRUE,10.96,8,TRUE
35300977,Single Bed in 8-Bed Ensuite Dormitory Room,212039019,Thads,FALSE,6,TRUE,Bukit Merah,Central Region,1.2844,103.83353,Room in hostel,Hotel room,1,1,1,1,9.03,92,365,29,59,89,364,4,0,23-06-2019,13-10-2019,4.25,4.75,4.75,4.25,4.75,3.5,4.5,0.05,0,0,6,TRUE,9.03,7,TRUE
35302676,Single Bed in 6-Bed Mixed Dormitory Room,212039019,Thads,FALSE,6,TRUE,Bukit Merah,Central Region,1.28471,103.83366,Room in hostel,Hotel room,1,1,1,1,9.67,92,365,29,59,89,364,7,0,08-06-2019,13-12-2019,4.43,4.71,4.14,5,4.86,4.29,4.86,0.08,0,0,6,TRUE,9.67,7,TRUE
35335972,Single Bed in 4-Bed Mixed Dormitory Room,212039019,Thads,FALSE,6,TRUE,Bukit Merah,Central Region,1.28389,103.83154,Room in hostel,Hotel room,1,1,1,1,10.96,92,365,29,59,89,364,1,0,28-02-2020,28-02-2020,5,5,5,5,5,5,5,0.01,0,0,6,TRUE,10.96,7,TRUE
35336070,Single Bed in 6-Bed Female Ensuite Dorm Room,212039019,Thads,FALSE,6,TRUE,Bukit Merah,Central Region,1.28584,103.83342,Room in hostel,Hotel room,1,1,1,1,11.61,92,365,29,59,89,364,2,0,30-06-2019,12-08-2019,4,4.5,5,5,5,4,4,0.02,0,0,6,TRUE,11.61,7,FALSE
35359778,*No Service Fees* Condo Apartment near Clarke Quay,3437228,Adrian,FALSE,2,TRUE,Singapore River,Central Region,1.28949,103.84799,Entire condo,Entire home/apt,8,1,2,8,92.6,92,1125,29,59,89,364,7,0,16-06-2019,01-11-2020,4.14,4.29,4,4.29,4.29,4.86,4,0.08,0,0,2,TRUE,11.575,32,FALSE
35363901,"SPACIOUS 3 BEDROOM APARTMENT, CLEMENTI",238891646,Neha,FALSE,131,TRUE,Clementi,West Region,1.31197,103.76126,Entire serviced apartment,Entire home/apt,6,1,3,6,149.66,92,1125,28,58,88,363,1,0,06-05-2022,06-05-2022,5,5,5,5,5,5,4,0.02,0,0,131,TRUE,24.94333333333333,15,FALSE
35397761,Single Bed in 6-Bed Ensuite Mixed Dormitory Room,212039019,Thads,FALSE,6,TRUE,Bukit Merah,Central Region,1.28454,103.83187,Room in hostel,Hotel room,1,1,1,1,10.32,92,365,29,59,89,364,1,0,02-09-2019,02-09-2019,5,5,5,5,5,5,5,0.01,0,0,6,TRUE,10.32,7,TRUE
35429425,"Room with bathroom, 1 min walk to Holland V MRT",25185912,Rebekah,TRUE,18,TRUE,Bukit Timah,Central Region,1.3112,103.7953,Private room in condo,Private room,2,1,1,2,31.98,92,365,29,59,89,364,0,0,,,,,,,,,,,0,0,18,FALSE,15.99,6,FALSE
35469684,Stylish King Pod in Mixed Gender Room(City Centre),264230720,Circular House,FALSE,8,TRUE,Singapore River,Central Region,1.28844,103.84782,Room in hostel,Hotel room,2,1,1,2,25.27,92,365,29,59,89,364,3,0,24-06-2019,15-12-2019,5,5,4.67,5,5,5,4.67,0.04,0,0,8,TRUE,12.635,13,FALSE
35483332,"2 Bedroom 3 Bath at Havelock Road, Long Stays",238891646,Neha,FALSE,131,TRUE,Bukit Merah,Central Region,1.29104,103.82984,Entire serviced apartment,Entire home/apt,5,1,2,5,137.65,92,1125,28,58,88,363,3,0,28-09-2019,25-12-2021,4.67,4,4.33,4.33,4.33,4.67,3.33,0.04,0,0,131,TRUE,27.53,27,FALSE
35483354,Enchanting 3 Bedroom with 3 bath at Havelock Road,238891646,Neha,FALSE,131,TRUE,Singapore River,Central Region,1.28833,103.83704,Entire rental unit,Entire home/apt,5,1,3,5,177.39,92,1125,28,58,88,363,3,0,04-07-2019,26-04-2022,4.67,5,4.67,5,5,4.67,4.33,0.04,0,0,131,TRUE,35.477999999999994,27,FALSE
35483358,"Super Comfortable 1 BR apartment , Novena",238891646,Neha,FALSE,131,TRUE,Novena,Central Region,1.31864,103.84894,Entire serviced apartment,Entire home/apt,2,1,1,2,105.34,92,1125,28,58,88,363,0,0,,,,,,,,,,,0,0,131,FALSE,52.67,18,FALSE
35505259,"200 sq.ft. Studio@Jurong Kechil, Singapore",138649185,Sidharth,FALSE,492,TRUE,Bukit Timah,Central Region,1.34197,103.77331,Entire serviced apartment,Entire home/apt,2,1,1,2,66.7,92,1125,28,58,88,363,0,0,,,,,,,,,,,0,0,215,FALSE,33.35,32,FALSE
35506661,"15 SQ. MT. STUDIO@ JALAN JURONG, Singapore",138649185,Sidharth,FALSE,492,TRUE,Bukit Timah,Central Region,1.34023,103.77124,Entire serviced apartment,Entire home/apt,2,1,1,2,67.93,92,1125,28,58,88,363,0,0,,,,,,,,,,,0,0,215,FALSE,33.965,30,FALSE
35656521,Perfect One bedroom apartment at Queenstown,238891646,Neha,FALSE,131,TRUE,Queenstown,Central Region,1.29204,103.8068,Entire serviced apartment,Entire home/apt,2,1,1,2,108.55,92,1125,28,58,88,363,0,0,,,,,,,,,,,0,0,131,FALSE,54.275,15,FALSE
35656871,Twin Studio For 2 at Novena,238891646,Neha,FALSE,131,TRUE,Novena,Central Region,1.31932,103.84737,Entire serviced apartment,Entire home/apt,2,1,1,2,112.76,92,1125,28,58,88,363,0,0,,,,,,,,,,,0,0,131,FALSE,56.38,19,FALSE
35693228,"A STROLL TO ORCHARD, 36 sq.mt, MODERN 1-BR",138649185,Sidharth,FALSE,492,TRUE,River Valley,Central Region,1.29828,103.83866,Entire serviced apartment,Entire home/apt,2,1,1,2,109.5,92,1125,28,58,88,363,0,0,,,,,,,,,,,0,0,215,FALSE,54.75,32,FALSE
35723337,"Master bedroom, Close to NUS, Resort Style Condo",9985120,B,FALSE,2,TRUE,Clementi,West Region,1.29858,103.76422,Private room in condo,Private room,1,1,1,1,28.13,92,1125,22,52,82,263,6,0,30-07-2019,26-09-2024,4.33,4.5,4.83,4.5,4.33,4.5,4.33,0.07,0,0,2,TRUE,28.13,28,FALSE
35747289,Capsule Family Room | Mins to Farrer Park MRT,268906890,BEAT. Sports Hostel,FALSE,3,TRUE,Kallang,Central Region,1.30971,103.85948,Room in hostel,Hotel room,8,1,1,8,73.76,92,1125,29,59,89,364,4,0,26-07-2019,22-12-2019,4.5,3.75,4,4.25,4.25,4,4,0.05,0,0,3,TRUE,9.22,19,FALSE
35818107,6-pax Family Room | Mins walk to Farrer Park MRT,268906890,BEAT. Sports Hostel,FALSE,3,TRUE,Kallang,Central Region,1.31167,103.85816,Room in hostel,Hotel room,6,1,1,6,48.35,92,1125,29,59,89,364,15,0,13-07-2019,13-01-2020,4.33,4.6,4.33,4.33,4.73,4.53,4.47,0.18,0,0,3,TRUE,8.058333333333334,20,FALSE
35883439,Stylish Queen Pod in Female Only Room,264230720,Circular House,FALSE,8,TRUE,Singapore River,Central Region,1.28848,103.84794,Room in hostel,Hotel room,2,1,1,2,19.34,92,365,29,59,89,364,6,0,09-07-2019,16-02-2020,4.17,4,4.17,3.83,4.17,4.33,4,0.07,0,0,8,TRUE,9.67,11,FALSE
36009935,Fascinating 1 Bedroom 2 Bath on Havelock Road,238891646,Neha,FALSE,131,TRUE,Central Water Catchment,North Region,1.35286,103.8205,Entire serviced apartment,Entire home/apt,3,1,1,3,85.59,92,1125,28,58,88,363,2,0,03-01-2020,22-04-2022,5,5,5,5,5,5,4.5,0.03,0,0,131,TRUE,28.53,21,FALSE
36013750,Lovely 2 Bedroom Apartment In Orchard,138649185,Sidharth,FALSE,492,TRUE,Orchard,Central Region,1.3022,103.83329,Entire serviced apartment,Entire home/apt,4,2,2,3,937.67,6,1125,28,58,88,363,1,0,09-02-2022,09-02-2022,5,5,5,5,5,5,5,0.02,0,0,215,TRUE,234.4175,34,FALSE
36016056,"Located @ Heart of Orchard, Lavish 3BR",138649185,Sidharth,FALSE,492,TRUE,Orchard,Central Region,1.30364,103.83197,Entire serviced apartment,Entire home/apt,6,2,3,4,1121.17,6,1125,28,58,88,363,0,0,,,,,,,,,,,0,0,215,FALSE,186.86166666666668,36,FALSE
36129690,*No Service Fees* Bedroom Condo Clarke Quay,3437228,Adrian,FALSE,2,TRUE,Downtown Core,Central Region,1.2905714424537125,103.84984406623494,Private room in condo,Private room,6,1,1,6,38.99,92,1125,29,59,89,364,1,0,30-08-2019,30-08-2019,5,5,5,5,5,5,5,0.01,0,0,2,TRUE,6.498333333333334,26,FALSE
36156090,"Leisurely Walk to Somerset MRT, Grand 2-BR Suite",138649185,Sidharth,FALSE,492,TRUE,River Valley,Central Region,1.29869,103.84119,Entire serviced apartment,Entire home/apt,4,2,2,3,896.67,6,1125,28,58,88,363,0,0,,,,,,,,,,,0,0,215,FALSE,224.1675,34,FALSE
36156663,"Leisurely Walk to Somerset MRT, Grand 3-BR Suite",138649185,Sidharth,FALSE,492,TRUE,River Valley,Central Region,1.29912,103.84106,Entire serviced apartment,Entire home/apt,6,2,3,4,1043.83,6,1125,28,58,88,363,1,0,08-11-2019,08-11-2019,5,5,5,5,5,5,5,0.01,0,0,215,TRUE,173.97166666666666,34,FALSE
36216542,Spacious 1+1 Room 2 near MRT in the East,184792657,Alee,FALSE,5,TRUE,Geylang,Central Region,1.31623,103.9,Private room in home,Private room,2,1,1,2,22.15,92,365,29,29,29,266,33,0,25-08-2019,01-12-2021,4.58,4.61,4.42,4.79,4.82,4.61,4.7,0.4,0,0,5,TRUE,11.075,18,FALSE
36264042,373 L3R3 Private Master Bedroom w Private Toilet,33096269,E C,FALSE,13,TRUE,Geylang,Central Region,1.31291,103.88671,Private room in rental unit,Private room,2,1,1,2,23.9,92,1125,28,58,88,179,38,0,15-07-2019,22-06-2025,4.58,4.76,4.13,4.89,4.74,4.63,4.61,0.45,0,0,11,TRUE,11.95,14,FALSE
36285087,371 L2 R4 Master bedroom w private toilet,33096269,E C,FALSE,13,TRUE,Geylang,Central Region,1.31249,103.88851,Private room in rental unit,Private room,2,1,1,2,19.32,92,1125,0,0,28,209,26,1,21-07-2019,03-12-2025,4.77,4.88,4.5,4.85,4.88,4.81,4.77,0.31,184,3555,11,TRUE,9.66,14,FALSE
36333873,Riverside 2 BR Family Space @ RQ,138649185,Sidharth,FALSE,492,TRUE,Singapore River,Central Region,1.29184,103.84229,Entire serviced apartment,Entire home/apt,4,3,2,3,941.17,6,1125,28,58,88,363,0,0,,,,,,,,,,,0,0,215,FALSE,235.2925,36,FALSE
36354920,"HVIIL - Holland Village Condo, 1 min away from MRT",25185912,Rebekah,TRUE,18,TRUE,Bukit Timah,Central Region,1.31292,103.79761,Private room in rental unit,Private room,1,1,1,1,25.41,92,365,29,59,89,364,2,0,05-08-2019,19-12-2024,5,4,5,5,5,5,4.5,0.02,0,0,18,TRUE,25.41,17,FALSE
36490863,Cairnhill,74074683,Yan Ran,FALSE,1,TRUE,Newton,Central Region,1.30751,103.83773,Entire condo,Entire home/apt,4,1,2,4,73.82,92,1125,26,56,86,267,0,0,,,,,,,,,,,0,0,1,FALSE,18.455,13,FALSE
36570785,Cozy Scandi Vibes,137302887,Nomad,FALSE,1,TRUE,Sengkang,North-East Region,1.39158,103.89581,Private room in condo,Private room,1,1,1,1,35.48,92,1125,29,59,89,270,10,0,22-07-2019,18-03-2020,5,5,5,5,5,5,5,0.12,0,0,1,TRUE,35.48,17,FALSE
36581961,Exclusive  Ladies-Only  in Citycenter w/bathroom,158158038,James,FALSE,1,TRUE,Downtown Core,Central Region,1.27452,103.84523,Private room in condo,Private room,2,1,1,2,27.73,92,1125,29,59,89,364,15,0,24-07-2019,31-12-2020,4.93,4.93,4.93,5,5,5,4.73,0.18,0,0,1,TRUE,13.865,59,FALSE
36618900,Deluxe Family Suite in City Centre (Private Bath),264230720,Circular House,FALSE,8,TRUE,Singapore River,Central Region,1.28691,103.84823,Room in hostel,Hotel room,6,1,3,6,64.47,92,365,29,59,89,364,6,0,12-09-2019,11-06-2020,4,3.83,3.67,3.83,3.33,4.17,3.83,0.07,0,0,8,TRUE,10.745,12,FALSE
36681333,"Studio Apartment near Novena, Balestier area",2235699,Yin,FALSE,2,TRUE,Novena,Central Region,1.32742,103.8424,Entire condo,Entire home/apt,2,1,1,2,30.72,180,720,27,57,87,362,0,0,,,,,,,,,,,0,0,2,FALSE,15.36,5,FALSE
36983957,"BUDGET FRIENDLY, ONE BEDROOM APARTMENT, NOVENA",238891646,Neha,FALSE,131,TRUE,Novena,Central Region,1.31603,103.84066,Entire rental unit,Entire home/apt,3,1,1,3,92.39,92,1125,28,58,88,363,0,0,,,,,,,,,,,0,0,131,FALSE,30.796666666666667,18,FALSE
37047668,Junior master room,28266894,Angela,FALSE,1,TRUE,Serangoon,North-East Region,1.3454373301089784,103.88101771473885,Private room in condo,Private room,1,1,1,1,22.87,92,365,28,58,88,363,0,0,,,,,,,,,,,0,0,1,FALSE,22.87,34,FALSE
37219959,BIG Window Queenbed RmC @ tiong bahru heritage,2413412,Kaurus,FALSE,91,TRUE,Bukit Merah,Central Region,1.28456,103.83405,Private room in rental unit,Private room,1,1,1,1,18.83,92,1125,0,30,60,335,1,0,05-06-2021,05-06-2021,2,2,3,4,3,5,3,0.02,0,0,91,TRUE,18.83,28,FALSE
37219965,Hippy heritage BIG Window Queenbed Rm @tiong bahru,8948251,Joey,FALSE,73,TRUE,Bukit Merah,Central Region,1.28456,103.83405,Private room in rental unit,Private room,1,1,1,1,18.78,92,1125,0,30,60,335,1,0,22-03-2020,22-03-2020,3,4,2,5,5,4,4,0.01,0,0,73,TRUE,18.78,28,FALSE
37219969,Tiong bahru Heritage Window Queenbed Rm near SGH,201775246,Hillary,FALSE,44,TRUE,Bukit Merah,Central Region,1.28355,103.83323,Private room in rental unit,Private room,1,1,1,1,19.17,92,1125,0,30,60,335,0,0,,,,,,,,,,,0,0,44,FALSE,19.17,26,FALSE
37219971,prewar Tiong Bahru BIG window Queenbed Rm near SGH,97878860,Chess,FALSE,59,TRUE,Bukit Merah,Central Region,1.28456,103.83405,Private room in rental unit,Private room,1,1,1,1,18.83,92,1125,0,30,60,335,2,0,15-10-2019,25-01-2020,5,5,4.5,5,5,5,5,0.02,0,0,59,TRUE,18.83,26,FALSE
37234668,"FAMILY 2BR IN NOVENA, SINGAPORE",138649185,Sidharth,FALSE,492,TRUE,Novena,Central Region,1.31875,103.84413,Entire serviced apartment,Entire home/apt,4,1,2,4,114.63,92,1125,28,58,88,363,0,0,,,,,,,,,,,0,0,215,FALSE,28.6575,31,FALSE
37334803,"Fully Furnished 3 Bedroom at Clementi, Singapore",238891646,Neha,FALSE,131,TRUE,Clementi,West Region,1.31259,103.75838,Entire condo,Entire home/apt,6,1,3,6,194.91,92,1125,28,58,88,363,2,0,18-08-2019,02-01-2020,5,4.5,4.5,4.5,5,4.5,4.5,0.02,0,0,131,TRUE,32.485,16,FALSE
37484436,Bedok area contact host 4 offer rate,225705538,Kelvin,FALSE,1,TRUE,Bedok,East Region,1.32668,103.94586,Private room in condo,Private room,2,1,1,2,17.68,92,1125,29,59,89,210,69,0,12-08-2019,06-06-2021,4.38,4.59,4.36,4.62,4.68,4.72,4.38,0.82,0,0,1,TRUE,8.84,21,FALSE
37586357,partial Ensuite with own washer/dryer,8948251,Joey,FALSE,73,TRUE,Kallang,Central Region,1.31045,103.86321,Private room in rental unit,Private room,1,1,1,1,19.05,92,1125,0,30,60,335,0,0,,,,,,,,,,,0,0,73,FALSE,19.05,30,FALSE
37587133,"FULLY FURNISHED 3 BEDROOM, CLEMENTI",238891646,Neha,FALSE,131,TRUE,Clementi,West Region,1.31354,103.75811,Entire rental unit,Entire home/apt,6,1,3,6,184.1,92,1125,28,58,88,363,1,0,21-08-2019,21-08-2019,5,5,5,5,5,4,5,0.01,0,0,131,TRUE,30.683333333333334,16,FALSE
37905248,"lavLoftbed *RmKc, no-sharing, wifi, mrt",2413412,Kaurus,FALSE,91,TRUE,Kallang,Central Region,1.31101,103.86232,Private room in rental unit,Private room,1,1,1,1,11.6,92,1125,0,30,60,335,1,0,29-08-2019,29-08-2019,5,5,5,5,5,5,5,0.01,0,0,91,TRUE,11.6,26,FALSE
37916346,Habyt Cantonment - The Extra Large,287240181,Habyt Cantonment,FALSE,5,TRUE,Bukit Merah,Central Region,1.27427,103.84092,Room in aparthotel,Private room,2,1,1,1,233,6,1125,29,59,89,364,135,6,07-10-2019,05-05-2026,4.56,4.5,4.56,4.76,4.66,4.71,4.33,1.65,72,16776,5,TRUE,116.5,48,FALSE
37924217,Budget Hotel Room near Masjid Abdul Gafoor,108773366,RedDoorz,FALSE,25,TRUE,Rochor,Central Region,1.3042,103.85488,Room in hotel,Private room,2,1,1,2,45.9,92,1125,29,59,89,180,0,0,,,,,,,,,,,0,0,24,FALSE,22.95,9,FALSE
37947662,Top Floor Suite with Private Bathroom and Terrace,243474450,Mark,FALSE,2,TRUE,Pasir Ris,East Region,1.36321,103.96706,Private room in townhouse,Private room,2,1,1,2,26.29,92,1125,29,59,89,364,1,0,26-05-2020,26-05-2020,5,5,5,5,5,5,5,0.01,0,0,2,TRUE,13.145,22,FALSE
37958355,"STUDIO SPACE @ TANJONG PAGAR, CBD.",138649185,Sidharth,FALSE,492,TRUE,Downtown Core,Central Region,1.27384,103.84411,Entire serviced apartment,Entire home/apt,2,1,1,2,67.14,92,1125,28,58,88,363,0,0,,,,,,,,,,,0,0,215,FALSE,33.57,34,FALSE
37981411,RedDoorz Hotel Singapore Rochor,108773366,RedDoorz,FALSE,25,TRUE,Rochor,Central Region,1.30619,103.85316,Room in hotel,Private room,2,1,1,2,45.79,92,1125,29,59,89,180,1,0,24-09-2019,24-09-2019,4,5,4,5,5,5,5,0.01,0,0,24,TRUE,22.895,9,FALSE
37981670,Comfy Room Hotel in the Heart of Tourist places,108773366,RedDoorz,FALSE,25,TRUE,Rochor,Central Region,1.30464,103.85324,Room in hotel,Private room,2,1,1,2,45.76,92,1125,29,59,89,180,0,0,,,,,,,,,,,0,0,24,FALSE,22.88,9,FALSE
37981883,RedDoorz Plus @ Little India,108773366,RedDoorz,FALSE,25,TRUE,Rochor,Central Region,1.30418,103.8535,Room in hotel,Private room,2,1,1,2,50.67,92,1125,29,59,89,180,0,0,,,,,,,,,,,0,0,24,FALSE,25.335,9,FALSE
37984003,Premium Hotel @ Balestier Rd Singapore,108773366,RedDoorz,FALSE,25,TRUE,Novena,Central Region,1.3245,103.85045,Room in hotel,Private room,1,1,1,1,29.49,92,1125,29,59,89,180,3,0,20-10-2019,03-01-2020,5,5,4.67,5,5,3.67,4.67,0.04,0,0,24,TRUE,29.49,9,FALSE
37984441,Boutique Hotel in the Heart of Novena,108773366,RedDoorz,FALSE,25,TRUE,Novena,Central Region,1.32449,103.84881,Room in hotel,Private room,1,1,1,1,29.38,92,1125,29,59,89,180,0,0,,,,,,,,,,,0,0,24,FALSE,29.38,9,FALSE
37984524,Budget Hotel Room @ Balestier Rd | RedDoorz,108773366,RedDoorz,FALSE,25,TRUE,Novena,Central Region,1.32585,103.85087,Room in hotel,Private room,1,1,1,1,29.39,92,1125,29,59,89,364,2,0,09-01-2021,28-02-2021,4.5,4.5,4,5,5,4.5,4.5,0.03,0,0,24,TRUE,29.39,9,FALSE
37986704,RedDoorz Hotel Singapore Novena,108773366,RedDoorz,FALSE,25,TRUE,Novena,Central Region,1.32441,103.85074,Room in hotel,Private room,2,1,1,2,39.19,92,1125,29,59,89,180,0,0,,,,,,,,,,,0,0,24,FALSE,19.595,9,FALSE
37999599,Habyt Cantonment - The Medium,287240181,Habyt Cantonment,FALSE,5,TRUE,Bukit Merah,Central Region,1.2737913,103.8406014,Room in aparthotel,Private room,2,1,1,1,178.67,6,1125,27,57,87,362,260,48,06-10-2019,23-05-2026,4.7,4.65,4.63,4.81,4.76,4.78,4.62,3.17,255,45561,5,TRUE,89.335,41,FALSE
38005247,"1970s singlebed *RmKe, no-sharing",8948251,Joey,FALSE,73,TRUE,Geylang,Central Region,1.3147,103.88163,Private room in rental unit,Private room,1,1,1,1,15.94,92,1125,0,30,60,335,1,0,30-11-2019,30-11-2019,5,5,4,5,5,4,4,0.01,0,0,73,TRUE,15.94,28,FALSE
38026889,Furnished Studio Apt - 550m to Bugis MRT,148161755,Jan,TRUE,26,TRUE,Rochor,Central Region,1.29906,103.85187,Entire serviced apartment,Entire home/apt,2,1,1,2,302.67,6,90,26,56,86,328,27,0,02-12-2019,24-05-2025,4.81,4.85,4.89,4.89,4.89,4.96,4.7,0.34,0,0,26,TRUE,151.335,41,FALSE
38035489,1960s Queenbed Rm1* @ lavender bugis,8948251,Joey,FALSE,73,TRUE,Kallang,Central Region,1.31068,103.86118,Private room in rental unit,Private room,1,1,1,1,15.7,92,1125,0,30,60,335,1,0,16-11-2019,16-11-2019,5,5,5,5,5,5,5,0.01,0,0,73,TRUE,15.7,28,FALSE
38134989,Habyt Cantonment - The Small,287240181,Habyt Cantonment,FALSE,5,TRUE,Bukit Merah,Central Region,1.2737913,103.8406014,Room in aparthotel,Private room,2,1,1,1,164.83,6,1125,28,58,88,363,340,7,28-10-2019,19-06-2026,4.69,4.62,4.67,4.83,4.83,4.73,4.53,4.19,84,13846,5,TRUE,82.415,38,FALSE
38136195,Studio Apt 500m to City Hall MRT | Raffles City,148161755,Jan,TRUE,26,TRUE,Downtown Core,Central Region,1.29722,103.85346,Private room in serviced apartment,Private room,2,1,1,1,296.83,6,90,26,56,86,328,7,2,24-09-2019,12-04-2026,4.86,4.86,5,4.86,4.86,4.86,4.71,0.08,24,7124,26,TRUE,148.415,42,FALSE
38305984,ONE BEDROOM PREMIUM @ SERANGOON MRT,291243757,JJH Serviced Apartment,FALSE,4,FALSE,Serangoon,North-East Region,1.34595,103.87039,Private room in serviced apartment,Private room,2,1,1,2,57.45,92,1125,29,59,89,364,1,0,28-09-2019,28-09-2019,5,5,5,5,5,5,5,0.01,0,0,4,TRUE,28.725,20,FALSE
38307308,STUDIO-SUITES @JJH SERVICED APARTMENT,291243757,JJH Serviced Apartment,FALSE,4,FALSE,Serangoon,North-East Region,1.34549,103.87029,Private room in serviced apartment,Private room,2,0.5,1,1,202.5,6,365,0,29,59,220,1,1,11-07-2025,11-07-2025,5,5,5,5,5,5,4,0.08,12,2430,4,TRUE,101.25,28,FALSE
38307486,Orchard Road Area Room for Rent,47298338,Sebastian,FALSE,1,TRUE,River Valley,Central Region,1.30244,103.82695,Private room in rental unit,Private room,1,1,1,1,37.17,92,365,22,52,82,263,0,0,,,,,,,,,,,0,0,1,FALSE,37.17,10,FALSE
38388737,【REST】Bugis/ Single Room no window-POOL,292133113,Qi,FALSE,42,TRUE,Rochor,Central Region,1.3052,103.85982,Room in hotel,Private room,1,1,1,1,191,1,365,9,27,55,152,30,1,31-12-2020,17-03-2026,4.73,4.9,4.8,4.9,4.73,4.83,4.7,0.45,6,1146,17,TRUE,191,20,FALSE
38399837,A Cozy all ladies' home,275261096,L Peng,FALSE,2,TRUE,Pasir Ris,East Region,1.37175,103.94875,Private room in rental unit,Private room,2,1,2,2,7.86,180,1125,29,59,89,270,4,0,14-09-2019,12-11-2019,4,4.25,4.25,5,5,5,5,0.05,0,0,1,TRUE,3.93,2,TRUE
38498535,S - Spacious Beautiful City Apartment,239242652,Shasha,FALSE,2,TRUE,Bukit Merah,Central Region,1.28302,103.83199,Entire rental unit,Entire home/apt,3,1,2,3,146.79,92,1125,29,59,89,364,0,0,,,,,,,,,,,0,0,2,FALSE,48.93,12,FALSE
38526126,"COZY 2 BEDROOM FURNISHED APARTMENT, NOVENA",238891646,Neha,FALSE,131,TRUE,Novena,Central Region,1.31681,103.84071,Entire serviced apartment,Entire home/apt,4,1,2,4,110.76,92,1125,28,58,88,363,0,0,,,,,,,,,,,0,0,131,FALSE,27.69,21,FALSE
38639800,kEnsuite Brickwall8 @ Chinatown/CBD (Non-Tourist),2413412,Kaurus,FALSE,91,TRUE,Outram,Central Region,1.28352,103.8432,Private room in rental unit,Private room,1,1,1,1,20.87,92,1125,0,30,60,335,1,0,29-06-2021,29-06-2021,5,5,5,5,5,5,5,0.02,0,0,91,TRUE,20.87,28,FALSE
38837741,"Mins to Mt. Elizabeth Orchard, calm & peaceful 2BR",138649185,Sidharth,FALSE,492,TRUE,Tanglin,Central Region,1.31405,103.82495,Entire serviced apartment,Entire home/apt,4,2,2,4,766.17,6,1125,28,58,88,363,0,0,,,,,,,,,,,0,0,215,FALSE,191.5425,52,FALSE
38910295,"24hr self-checkin Queenbed *RmC, 5min city center",201775246,Hillary,FALSE,44,TRUE,Kallang,Central Region,1.31068,103.86118,Private room in rental unit,Private room,1,1,1,1,15.71,92,1125,0,30,60,335,1,0,01-11-2019,01-11-2019,3,4,2,5,5,4,4,0.01,0,0,44,TRUE,15.71,28,FALSE
38914093,【REST】Bugis/Superior Twin Room no window - POOL,292133113,Qi,FALSE,42,TRUE,Rochor,Central Region,1.3045,103.85812,Room in hotel,Hotel room,2,1,1,2,191,1,365,8,38,68,166,42,9,26-01-2020,09-06-2026,4.57,4.6,4.71,4.9,4.76,4.76,4.55,0.54,54,10314,17,TRUE,95.5,21,FALSE
38915453,"Prime location, Family 2BR@ Orchard, Singapore",138649185,Sidharth,FALSE,492,TRUE,Tanglin,Central Region,1.31237,103.82479,Entire serviced apartment,Entire home/apt,5,2,2,4,960.83,6,1125,28,58,88,363,0,0,,,,,,,,,,,0,0,215,FALSE,192.166,46,FALSE
38916143,【REST】Bugis/Cinematic Superior Twin Room- Pool,292133113,Qi,FALSE,42,TRUE,Rochor,Central Region,1.30342,103.85841,Room in hotel,Hotel room,2,1,1,2,262,1,365,7,33,63,162,167,13,22-01-2020,27-05-2026,4.5,4.5,4.53,4.77,4.69,4.71,4.42,2.13,78,20436,17,TRUE,131,18,FALSE
38935611,1960s singlebed Rm2 @ lavender bugis.,8948251,Joey,FALSE,73,TRUE,Kallang,Central Region,1.3119,103.86136,Private room in rental unit,Private room,1,1,1,1,15.7,92,1125,0,30,60,335,3,0,12-11-2020,31-01-2021,5,4.67,4.67,5,4.67,5,5,0.04,0,0,73,TRUE,15.7,28,FALSE
38939902,【REST】Bugis/ Sup Queen no window - POOL,292133113,Qi,FALSE,42,TRUE,Rochor,Central Region,1.30488,103.85845,Room in hotel,Hotel room,2,1,1,1,179,1,365,18,48,78,176,66,1,23-03-2020,24-08-2025,4.23,4.47,4.27,4.8,4.68,4.74,4.23,0.86,6,1074,17,TRUE,89.5,24,FALSE
38951604,Nice Entire Condo Apt 150m f. Downtown MRT Station,20715591,Clem,FALSE,2,FALSE,Downtown Core,Central Region,1.29149,103.84976,Entire condo,Entire home/apt,6,1,2,6,98.79,92,1125,29,59,89,364,3,0,23-11-2019,21-01-2020,5,4.33,5,4.67,5,5,4.67,0.04,0,0,2,TRUE,16.465,37,FALSE
38965851,Condo Bedroom 150m f. Downtown MRT Station,20715591,Clem,FALSE,2,FALSE,Downtown Core,Central Region,1.28956,103.85074,Private room in condo,Private room,5,1,1,5,41.42,92,1125,29,59,89,364,5,0,08-11-2019,31-12-2021,4.6,4.6,4.2,4.4,4.6,5,4.4,0.06,0,0,2,TRUE,8.284,33,FALSE
38986386,【REST 】Bugis/ Cinematic Deluxe Skylight - POOL,292133113,Qi,FALSE,42,TRUE,Rochor,Central Region,1.30329,103.85847,Room in hotel,Hotel room,2,1,1,1,298,1,365,24,54,84,183,14,4,29-11-2019,12-04-2026,4.29,4.29,4.71,4.57,4.36,4.64,4.21,0.17,24,7152,17,TRUE,149,23,FALSE
38986709,【REST】 Bugis/Superior Double Room - POOL,292133113,Qi,FALSE,42,TRUE,Rochor,Central Region,1.30442,103.85835,Room in hotel,Hotel room,2,1,1,1,215,1,365,17,46,76,175,27,3,15-01-2020,03-06-2026,4.48,4.48,4.7,4.78,4.67,4.59,4.44,0.34,18,3870,17,TRUE,107.5,20,FALSE
38987390,【REST 】Bugis/Cinematic  Deluxe Twin Room - POOL,292133113,Qi,FALSE,42,TRUE,Rochor,Central Region,1.30303,103.85958,Room in hotel,Private room,2,1,1,2,262,1,365,23,53,83,182,19,5,02-07-2022,30-04-2026,4.21,4.21,4.53,4.68,4.53,4.68,4.16,0.39,30,7860,17,TRUE,131,21,FALSE
39014250,【REST】Bugis/Cinematic Deluxe Double - pool,292133113,Qi,FALSE,42,TRUE,Rochor,Central Region,1.30456,103.85851,Room in hotel,Hotel room,2,1,1,1,238,1,365,24,54,84,183,27,4,16-02-2022,27-02-2026,4.44,4.37,4.63,4.85,4.44,4.67,4.37,0.51,24,5712,17,TRUE,119,21,FALSE
39014610,【REST】Bugis/Cinematic Premium Family - POOL,292133113,Qi,FALSE,42,TRUE,Rochor,Central Region,1.30457,103.86025,Room in hotel,Hotel room,4,1,1,3,607,1,365,11,38,68,167,38,8,18-12-2020,07-06-2026,4.74,4.76,4.55,4.82,4.71,4.71,4.32,0.56,48,29136,17,TRUE,151.75,24,FALSE
39115031,"24hr self-checkin QueenBed *RmK, 5min city center",201775246,Hillary,FALSE,44,TRUE,Kallang,Central Region,1.31158,103.8609,Private room in rental unit,Private room,1,1,1,1,15.42,92,1125,0,30,60,335,1,0,15-11-2019,15-11-2019,5,5,5,5,5,5,5,0.01,0,0,44,TRUE,15.42,28,FALSE
39158146,绿和园,129356836,Lu,FALSE,2,TRUE,Jurong East,West Region,1.33358,103.73832,Private room in condo,Private room,1,1,1,1,11.82,92,365,29,29,29,237,4,0,16-11-2019,02-04-2024,4.5,4.25,3.75,4.25,4.5,4.5,4.5,0.05,0,0,1,TRUE,11.82,6,FALSE
39212348,Luxurious Family 2-Bedroom Dual Key @Balestier,138649185,Sidharth,FALSE,492,TRUE,Novena,Central Region,1.32204,103.85153,Entire serviced apartment,Entire home/apt,4,2,2,3,652.37,30,1125,28,58,88,363,0,0,,,,,,,,,,,0,0,215,FALSE,163.0925,53,FALSE
39212874,Studio Queen at Outram Park near Sentosa (1),101145755,Yulie,FALSE,19,TRUE,Bukit Merah,Central Region,1.27222,103.83564,Entire serviced apartment,Entire home/apt,2,1,1,2,69.16,92,1125,29,59,89,182,4,0,07-03-2020,05-09-2021,4.25,4,4,4.25,4.25,3.75,4.25,0.05,0,0,19,TRUE,34.58,20,FALSE
39293936,"Private lift, jacuzzi steam bath, kitchen & train",263039672,Joyce,FALSE,1,TRUE,Bishan,Central Region,1.35789,103.82738,Entire home,Entire home/apt,2,1,2,2,55.38,93,1125,0,30,60,335,8,0,08-02-2020,31-01-2022,5,5,4.88,5,5,5,5,0.1,0,0,1,TRUE,27.69,34,FALSE
39338786,Habyt Cantonment - The Large,287240181,Habyt Cantonment,FALSE,5,TRUE,Bukit Merah,Central Region,1.2747798622027278,103.84089969647658,Room in aparthotel,Private room,2,1,1,1,206.67,6,1125,28,58,88,363,59,1,16-11-2019,01-02-2026,4.49,4.53,4.53,4.71,4.64,4.59,4.27,0.73,12,2480,5,TRUE,103.335,45,FALSE
39345579,prewar doublebed Rm1 > lavender MRT,97878860,Chess,FALSE,59,TRUE,Kallang,Central Region,1.3097,103.86076,Private room in rental unit,Private room,1,1,1,1,18.14,92,1125,0,30,60,335,0,0,,,,,,,,,,,0,0,59,FALSE,18.14,28,FALSE
39380253,Lavender QueenBed *Rm: 5m walk MRT,2413412,Kaurus,FALSE,91,TRUE,Kallang,Central Region,1.30959,103.86141,Private room in rental unit,Private room,1,1,1,1,15.89,92,1125,0,30,60,335,1,0,15-04-2020,15-04-2020,5,5,5,5,5,5,5,0.01,0,0,91,TRUE,15.89,28,FALSE
39401038,Riverside 3 BR Family Space @ RQ,138649185,Sidharth,FALSE,492,TRUE,Singapore River,Central Region,1.29027,103.84169,Entire serviced apartment,Entire home/apt,6,3,3,4,1130.83,6,1125,22,52,82,357,1,0,03-04-2022,03-04-2022,5,5,5,5,5,5,4,0.02,0,0,215,TRUE,188.47166666666666,37,FALSE
39403510,Extravagant 2-Bedroom Apartment @ Anthony Road,138649185,Sidharth,FALSE,492,TRUE,Newton,Central Region,1.31055,103.83819,Entire serviced apartment,Entire home/apt,4,1,2,4,138.41,92,1125,28,58,88,363,0,0,,,,,,,,,,,0,0,215,FALSE,34.6025,35,FALSE
39404728,Extravagant 3-Bedroom Apartment @ Anthony Road,138649185,Sidharth,FALSE,492,TRUE,Newton,Central Region,1.31047,103.83981,Entire serviced apartment,Entire home/apt,6,1,3,6,177.76,92,1125,28,58,88,363,0,0,,,,,,,,,,,0,0,215,FALSE,29.626666666666665,37,FALSE
39405623,PALATIAL 3-BR SPACE @ SCOTT'S RD.,138649185,Sidharth,FALSE,492,TRUE,Orchard,Central Region,1.30644,103.83257,Entire serviced apartment,Entire home/apt,7,1,3,7,206.89,92,1125,28,58,88,363,0,0,,,,,,,,,,,0,0,215,FALSE,29.555714285714284,39,FALSE
39451138,Luxury 1BR+Private Bath with Amazing Gym & Pools,41383223,Patrick,FALSE,1,TRUE,Bukit Timah,Central Region,1.31456,103.80414,Private room in condo,Private room,1,1,1,1,25.28,92,1125,14,14,14,162,4,0,29-03-2020,16-04-2025,5,5,5,5,5,4.75,4.75,0.05,0,0,1,TRUE,25.28,37,FALSE
39451764,Lavender QueenBed *RmA : 5m walk MRT,2413412,Kaurus,FALSE,91,TRUE,Kallang,Central Region,1.30953,103.86042,Private room in rental unit,Private room,1,1,1,1,15.71,92,1125,0,30,60,335,1,0,01-03-2020,01-03-2020,5,5,5,5,5,5,5,0.01,0,0,91,TRUE,15.71,28,FALSE
39488084,1960s Balcony Queenbed *Rm @ lavender bugis,8948251,Joey,FALSE,73,TRUE,Kallang,Central Region,1.30973,103.86054,Private room in rental unit,Private room,1,1,1,1,18.56,92,1125,0,30,60,335,2,0,06-12-2019,08-02-2020,4,3.5,3,5,2.5,5,4,0.02,0,0,73,TRUE,18.56,28,FALSE
39589304,【REST 】Bugis/Cinematic Del-triple Room - Pool,292133113,Qi,FALSE,42,TRUE,Rochor,Central Region,1.30507,103.85975,Room in hotel,Private room,3,1,1,3,369,1,365,12,42,72,171,111,29,12-11-2019,13-06-2026,4.74,4.77,4.8,4.9,4.82,4.86,4.63,1.37,174,64206,17,TRUE,123,22,FALSE
39638066,Lavender SingleBed RmA: 5m walk MRT,2413412,Kaurus,FALSE,91,TRUE,Kallang,Central Region,1.30968,103.86086,Private room in rental unit,Private room,1,1,1,1,15.42,92,1125,0,30,60,335,4,0,14-12-2019,29-08-2021,4.5,4.5,4,4.25,4.5,4,4.5,0.05,0,0,91,TRUE,15.42,28,FALSE
39653480,prewar singlebed Rm1 > lavender MRT,97878860,Chess,FALSE,59,TRUE,Kallang,Central Region,1.31162,103.86048,Private room in rental unit,Private room,1,1,1,1,15.59,92,1125,0,30,60,335,0,0,,,,,,,,,,,0,0,59,FALSE,15.59,28,FALSE
39657837,Spacious 1-bedroom in the heart of the city,1563123,Caroline,FALSE,1,TRUE,Downtown Core,Central Region,1.27316,103.84638,Entire condo,Entire home/apt,4,1,1,4,68.12,92,1125,0,0,0,151,3,0,17-11-2019,01-01-2020,5,5,5,5,5,5,5,0.04,0,0,1,TRUE,17.03,24,FALSE
39679521,Lion City Garden View,65982503,Wei,FALSE,2,TRUE,Yishun,North Region,1.4156825115363902,103.84504683849076,Private room in condo,Private room,1,1,1,1,24.43,92,1125,29,59,89,364,2,0,13-11-2019,05-11-2023,5,5,5,5,5,5,5,0.02,0,0,2,TRUE,24.43,71,FALSE
39689162,All-new fully furnished Loft Studio in CBD w MRT,13468566,Andy,FALSE,12,TRUE,Bukit Merah,Central Region,1.2758,103.84006,Entire serviced apartment,Entire home/apt,2,1.5,1,1,193,6,1125,27,36,66,341,14,7,05-01-2020,06-06-2026,5,5,4.86,5,5,5,4.86,0.18,84,16212,12,TRUE,96.5,22,FALSE
39811470,Spacious room to rent (city living Singapore),226861436,Mya The,FALSE,1,TRUE,Rochor,Central Region,1.3014,103.84833,Private room in rental unit,Private room,2,1,1,2,442.48,92,1125,29,59,89,270,0,0,,,,,,,,,,,0,0,1,FALSE,221.24,10,FALSE
39822559,1960s Queenbed RmKh @ lavender bugis,8948251,Joey,FALSE,73,TRUE,Kallang,Central Region,1.30965,103.86186,Private room in rental unit,Private room,1,1,1,1,15.42,92,1125,0,30,60,335,1,0,01-03-2021,01-03-2021,5,5,5,5,5,5,5,0.02,0,0,73,TRUE,15.42,29,FALSE
39824181,room for rental,109545738,Cheng,FALSE,1,TRUE,Queenstown,Central Region,1.29351,103.76325,Boat,Entire home/apt,6,1,2,6,104.12,92,1125,29,59,89,364,4,0,24-11-2019,01-01-2020,5,5,4.5,5,5,4.5,4.5,0.05,0,0,1,TRUE,17.353333333333335,17,FALSE
40043690,MINS TO ORCHARD; CHARMING 2BR @ANDERSON RD.,138649185,Sidharth,FALSE,492,TRUE,Tanglin,Central Region,1.3084,103.82597,Entire serviced apartment,Entire home/apt,5,1,2,5,183.04,92,1125,28,58,88,363,0,0,,,,,,,,,,,0,0,215,FALSE,36.608,38,FALSE
40149431,Queen Bed  Aircon NTUC  Market  MRT,176867619,Thian Yin,FALSE,1,TRUE,Bukit Merah,Central Region,1.2907,103.82812,Private room in rental unit,Private room,2,1,1,2,19.77,92,1125,28,58,88,269,0,0,,,,,,,,,,,0,0,1,FALSE,9.885,12,FALSE
40185785,"Close to Hougang 1 Mall, Lush 2BR Space",138649185,Sidharth,FALSE,492,TRUE,Hougang,North-East Region,1.37667,103.87967,Entire serviced apartment,Entire home/apt,4,2,2,3,658.17,6,1125,28,58,88,363,0,0,,,,,,,,,,,0,0,215,FALSE,164.5425,37,FALSE
40198092,"Modern Bedroom with En-Suite, Lap Pool & Kitchen",3989090,Songren,FALSE,1,TRUE,Clementi,West Region,1.3223,103.75713,Private room in home,Private room,2,1,1,2,38.59,92,1125,29,59,89,270,16,0,06-12-2019,10-05-2023,5,5,4.94,5,5,4.69,4.94,0.2,0,0,1,TRUE,19.295,66,FALSE
40211954,1960s singlebed *Rm @ lavender bugis.,8948251,Joey,FALSE,73,TRUE,Kallang,Central Region,1.31131,103.86041,Private room in rental unit,Private room,1,1,1,1,15.42,92,1125,0,30,60,335,1,0,23-03-2020,23-03-2020,5,5,4,5,5,5,5,0.01,0,0,73,TRUE,15.42,28,FALSE
40213569,市区主臥室近地铁Master room near MRT station,310302453,Derrick,FALSE,1,TRUE,Downtown Core,Central Region,1.27634,103.84507,Private room in rental unit,Private room,4,1,1,4,44.78,92,1125,26,56,86,177,4,0,28-12-2019,30-01-2020,4.75,4.75,4.5,4.75,4.75,5,4.75,0.05,0,0,1,TRUE,11.195,8,FALSE
40294463,International Service Apartments @ Raeburn Park,311294849,Joanne,FALSE,1,TRUE,Bukit Merah,Central Region,1.27368,103.83432,Entire serviced apartment,Entire home/apt,2,1,1,2,54.95,92,1125,28,58,88,179,0,0,,,,,,,,,,,0,0,1,FALSE,27.475,11,FALSE
40354419,Contemporary Studio Apartment With Twin Beds,138649185,Sidharth,FALSE,492,TRUE,Bukit Merah,Central Region,1.27229,103.83286,Entire serviced apartment,Entire home/apt,2,1,1,2,67.9,92,1125,28,58,88,363,0,0,,,,,,,,,,,0,0,215,FALSE,33.95,31,FALSE
40361907,371 L2R2 Master bedroom w Private toilet,33096269,E C,FALSE,13,TRUE,Geylang,Central Region,1.31237,103.88693,Private room in rental unit,Private room,4,1,1,4,29.65,92,1125,28,58,88,269,9,0,03-01-2020,02-01-2022,4.22,4.33,3.78,4.56,4.67,4.56,4.33,0.11,0,0,11,TRUE,7.4125,11,FALSE
40384948,Private Minimalist Stay in Landed House,80852936,Radiance,FALSE,1,TRUE,Geylang,Central Region,1.31399,103.89803,Private room in home,Private room,1,1,1,1,18.86,92,1125,26,56,86,361,0,0,,,,,,,,,,,0,0,1,FALSE,18.86,9,FALSE
40456301,(2 mins to MRT) RM 1: 8-Bed Family Room,313008662,Derrick,FALSE,4,TRUE,Geylang,Central Region,1.31648,103.88486,Private room in bed and breakfast,Private room,8,2,1,8,306,1,365,20,47,73,228,35,9,01-01-2020,02-03-2026,4.6,4.63,4.37,4.8,4.86,4.69,4.66,0.44,54,16524,4,TRUE,38.25,31,FALSE
40509365,Clean & tidy,160703921,KayGek,FALSE,2,TRUE,Bukit Panjang,West Region,1.36942,103.77689,Private room in bed and breakfast,Private room,2,1,0,2,53.6,92,1125,28,58,88,269,0,0,,,,,,,,,,,0,0,2,FALSE,26.8,16,FALSE
40516462,Huge and Cozy luxurious condo room Near MRTs.,16689899,Phyu Mya,FALSE,1,TRUE,Woodlands,North Region,1.44418,103.80652,Private room in condo,Private room,1,1,1,1,30.62,92,1125,28,58,88,269,1,0,17-01-2020,17-01-2020,5,5,5,5,5,5,5,0.01,0,0,1,TRUE,30.62,30,FALSE
40551114,prewar doublebed RmP > lavender MRT,97878860,Chess,FALSE,59,TRUE,Kallang,Central Region,1.31017,103.85999,Private room in rental unit,Private room,1,1,1,1,15.42,92,1125,0,30,60,335,0,0,,,,,,,,,,,0,0,59,FALSE,15.42,28,FALSE
40605925,"Perfect family 4 BR Apartment, Clementi",238891646,Neha,FALSE,131,TRUE,Clementi,West Region,1.31094,103.76303,Entire serviced apartment,Entire home/apt,6,1,4,6,173.71,92,1125,28,58,88,363,0,0,,,,,,,,,,,0,0,131,FALSE,28.951666666666668,18,FALSE
40634584,Marina Bay Condo Apartment,4276812,David,FALSE,1,TRUE,Downtown Core,Central Region,1.28021,103.85311,Private room in condo,Private room,2,1,1,2,44.32,92,1125,27,57,87,362,0,0,,,,,,,,,,,0,0,1,FALSE,22.16,14,FALSE
40641448,Studio Queen near Outram Park and Sentosa (5),101145755,Yulie,FALSE,19,TRUE,Bukit Merah,Central Region,1.27454,103.83258,Entire serviced apartment,Entire home/apt,2,1,1,2,69.2,92,1125,28,58,88,363,6,0,23-12-2019,30-09-2021,4.5,4.67,4.67,5,5,4.17,4.5,0.08,0,0,19,TRUE,34.6,20,FALSE
40642051,prewar TiongBahru BIGwindow Queenbed *Rm near SGH,97878860,Chess,FALSE,59,TRUE,Bukit Merah,Central Region,1.28387,103.835,Private room in rental unit,Private room,1,1,1,1,18.56,92,1125,0,30,60,335,1,0,09-01-2020,09-01-2020,4,5,4,5,5,5,4,0.01,0,0,59,TRUE,18.56,26,FALSE
40642810,Studio Twin (2 Single Beds) at Outram Park (2),101145755,Yulie,FALSE,19,TRUE,Bukit Merah,Central Region,1.27292,103.83383,Entire serviced apartment,Entire home/apt,2,1,1,2,73.98,92,1125,29,59,89,364,3,0,30-12-2019,02-02-2020,3.67,5,4.67,4.67,5,4.33,4,0.04,0,0,19,TRUE,36.99,20,FALSE
40687175,An instant and cosy home away from home,11782171,Eugene,FALSE,1,TRUE,Bukit Merah,Central Region,1.28656,103.82586,Private room in condo,Private room,2,1,2,2,18,188,1125,29,59,89,364,0,0,,,,,,,,,,,0,0,1,FALSE,9,16,FALSE
40690201,Central CBD Serviced Studio w subway station (MRT),13468566,Andy,FALSE,12,TRUE,Bukit Merah,Central Region,1.27454,103.84002,Entire serviced apartment,Entire home/apt,2,1,1,1,138.67,6,1125,3,26,56,331,23,13,01-01-2020,25-04-2026,4.91,4.78,4.91,5,4.91,4.96,4.74,0.29,156,21633,12,TRUE,69.335,25,FALSE
40708485,Studio Queen near Outram Park and Sentosa (4),101145755,Yulie,FALSE,19,TRUE,Bukit Merah,Central Region,1.27233,103.83318,Private room in serviced apartment,Private room,2,1,1,2,69.31,92,1125,29,59,89,364,10,0,27-12-2019,05-09-2021,4.3,4.5,4.3,4.6,4.5,3.6,4.2,0.13,0,0,19,TRUE,34.655,20,FALSE
40712481,Popular Studio Apartment at Raeburn Park,238891646,Neha,FALSE,131,TRUE,Bukit Merah,Central Region,1.27407,103.83426,Entire serviced apartment,Entire home/apt,2,1,1,2,79.13,92,1125,28,58,88,363,0,0,,,,,,,,,,,0,0,131,FALSE,39.565,9,FALSE
40715608,Studio King at Outram Park near Sentosa (3),101145755,Yulie,FALSE,19,TRUE,Bukit Merah,Central Region,1.27504,103.83424,Private room in serviced apartment,Private room,2,1,1,2,35.14,92,1125,5,5,5,227,0,0,,,,,,,,,,,0,0,19,FALSE,17.57,20,FALSE
40736423,CBD Spacious Studio Apartment with Dryer & Washer,148161755,Jan,TRUE,26,TRUE,Rochor,Central Region,1.29919,103.8537,Entire rental unit,Entire home/apt,2,1,1,1,347.17,6,90,26,56,86,334,5,0,07-01-2020,18-05-2023,4.6,4.6,5,4.6,4.6,5,4.2,0.06,0,0,26,TRUE,173.585,42,FALSE
40736566,Furnished Studio Serviced Apartment | 350m to SMU,148161755,Jan,TRUE,26,TRUE,Downtown Core,Central Region,1.2974,103.85334,Entire serviced apartment,Entire home/apt,2,1,1,1,342.5,6,90,26,56,86,334,2,0,31-01-2020,15-02-2020,5,5,5,5,5,5,5,0.03,0,0,26,TRUE,171.25,34,FALSE
40748133,Studio King at Outram Park near Sentosa (2),101145755,Yulie,FALSE,19,TRUE,Bukit Merah,Central Region,1.27483,103.8347,Private room in serviced apartment,Private room,2,1,1,2,70.8,92,1125,28,58,88,363,0,0,,,,,,,,,,,0,0,19,FALSE,35.4,20,FALSE
40769351,BALCONY rm1C* @ tiong bahru near SGH,2413412,Kaurus,FALSE,91,TRUE,Bukit Merah,Central Region,1.28338,103.8352,Private room in rental unit,Private room,1,1,1,1,18.84,92,1125,0,30,60,335,3,0,21-10-2020,19-05-2021,5,4.67,4.67,4.67,4.67,4.67,4.67,0.04,0,0,91,TRUE,18.84,27,FALSE
40809878,Studio King near Outram Park and Sentosa (5),101145755,Yulie,FALSE,19,TRUE,Bukit Merah,Central Region,1.27497,103.83395,Entire serviced apartment,Entire home/apt,2,1,1,2,70.8,92,1125,28,58,88,363,2,0,23-11-2020,02-04-2021,4,3.5,4.5,3.5,4.5,3.5,4.5,0.03,0,0,19,TRUE,35.4,21,FALSE
40831251,Condo Room in Clementi for Rent mid-August,48307592,Julie,FALSE,5,TRUE,Clementi,West Region,1.31806,103.7621,Private room in rental unit,Private room,1,1,1,1,28.07,92,1125,22,52,82,263,0,0,,,,,,,,,,,0,0,5,FALSE,28.07,13,FALSE
40833390,"NTU home, Near to Gek Poh",290685432,Aveline Hon,FALSE,1,TRUE,Jurong West,West Region,1.3523,103.69923,Private room in condo,Private room,1,1,1,1,18.47,92,900,0,0,0,268,3,0,07-11-2021,31-10-2024,4.67,5,5,4.33,5,4.67,4.33,0.05,0,0,1,TRUE,18.47,19,FALSE
40875632,Spacious Studio Apartment near Bencoolen MRT,148161755,Jan,TRUE,26,TRUE,Rochor,Central Region,1.29754,103.85168,Entire serviced apartment,Entire home/apt,2,1,1,1,399.5,6,90,25,55,85,333,4,0,08-12-2021,19-05-2023,5,5,5,5,5,4.75,4.75,0.07,0,0,26,TRUE,199.75,41,FALSE
40902252,Condo in Yishun - long-term leasing,65982503,Wei,FALSE,2,TRUE,Yishun,North Region,1.415820122716067,103.84562389928642,Private room in condo,Private room,1,1,2,1,21.27,92,1125,29,59,89,364,0,0,,,,,,,,,,,0,0,2,FALSE,21.27,38,FALSE
40904017,Studio Queen at Outram Park near Sentosa (2),101145755,Yulie,FALSE,19,TRUE,Bukit Merah,Central Region,1.27484,103.83239,Entire serviced apartment,Entire home/apt,2,1,1,2,69.31,92,1125,29,59,89,364,20,0,18-02-2020,21-04-2022,4.85,4.8,4.75,4.9,4.9,4.1,4.75,0.26,0,0,19,TRUE,34.655,21,FALSE
40930074,Studio Apartment Kitchenette -39 mins walk to MBS,148161755,Jan,TRUE,26,TRUE,Museum,Central Region,1.29732,103.8514,Private room in serviced apartment,Private room,2,1,1,1,350.5,6,90,26,56,86,334,0,0,,,,,,,,,,,0,0,26,FALSE,175.25,41,FALSE
40974363,Cozy & Affordable Ensuite w/Balcony @NUS NUH (304),1439258,K2Guesthouse,FALSE,44,TRUE,Queenstown,Central Region,1.28125,103.78541,Room in boutique hotel,Private room,3,1,1,3,274,1,999,7,29,59,142,3,0,07-02-2020,15-09-2023,3.67,4.33,4,3.67,3.67,4.67,4.67,0.04,0,0,44,TRUE,91.33333333333333,28,FALSE
40974569,Comfort Plus Room 10 min walk to MRT & NUS (103),1439258,K2Guesthouse,FALSE,44,TRUE,Queenstown,Central Region,1.28114,103.78561,Room in boutique hotel,Private room,4,1,1,3,315,1,999,12,26,56,308,2,0,07-06-2023,24-06-2023,5,5,4.5,5,5,4.5,5,0.05,0,0,44,TRUE,78.75,33,FALSE
40975409,Comfortable Room for 2@NUS & Haw Par Villa (105),1439258,K2Guesthouse,FALSE,44,TRUE,Queenstown,Central Region,1.28187,103.78712,Room in boutique hotel,Private room,2,1,1,1,206,1,999,7,28,58,313,3,1,09-02-2020,05-07-2025,3.33,3.33,4,4.33,4.33,3.33,3.67,0.04,6,1236,44,TRUE,103,29,FALSE
40975518,Clean Cozy Ensuite w/Balcony @ 10min NUH NUS (308),1439258,K2Guesthouse,FALSE,44,TRUE,Queenstown,Central Region,1.28147,103.78536,Room in boutique hotel,Private room,4,1,1,3,320,1,999,7,12,42,122,0,0,,,,,,,,,,,0,0,44,FALSE,80,25,FALSE
40975603,Affordable Family Room for 6!@NUS &hawparMRT (207),1439258,K2Guesthouse,FALSE,44,TRUE,Queenstown,Central Region,1.28127,103.78577,Room in boutique hotel,Private room,6,1,1,5,323,1,999,4,21,51,128,17,1,29-04-2023,18-12-2025,4.41,4.41,4.71,4.94,4.76,4.35,4.35,0.44,6,1938,44,TRUE,53.833333333333336,33,FALSE
40975736,The Group Getaway Room for 6pax! near NUS! & MRT,1439258,K2Guesthouse,FALSE,44,TRUE,Queenstown,Central Region,1.2796,103.78536,Room in boutique hotel,Private room,6,1,1,6,279,1,999,3,33,63,146,8,0,29-07-2022,18-02-2025,4.63,4.75,4.5,4.38,4.63,4.5,4.75,0.17,0,0,44,TRUE,46.5,26,FALSE
40983826,Straits Enclave. Experience Sgp's rich culture.,319617044,Clarence,FALSE,1,TRUE,Marine Parade,Central Region,1.31011,103.90284,Room in boutique hotel,Private room,2,1,1,2,265.61,92,1125,29,59,89,270,0,0,,,,,,,,,,,0,0,1,FALSE,132.805,13,FALSE
41014693,Studio King at Outram Park near Sentosa (4),101145755,Yulie,FALSE,19,TRUE,Bukit Merah,Central Region,1.27489,103.83246,Entire serviced apartment,Entire home/apt,2,1,1,2,70.8,92,1125,28,58,88,363,2,0,04-02-2022,09-03-2022,4,4.5,4.5,5,3,3,4,0.04,0,0,19,TRUE,35.4,22,FALSE
41032597,Suite with Outdoor Tub [Hotel Soloha @ Chinatown],319117748,Bryan,FALSE,4,TRUE,Outram,Central Region,1.28038,103.84195,Room in boutique hotel,Private room,2,1,1,2,82.36,92,1125,29,59,89,180,10,0,31-12-2019,04-04-2020,5,4.9,4.7,5,4.9,5,4.8,0.13,0,0,4,TRUE,41.18,13,FALSE
41032819,Studio Serviced Apt 18 mins to Marina Bay Sands,148161755,Jan,TRUE,26,TRUE,Rochor,Central Region,1.29684,103.85194,Entire rental unit,Entire home/apt,2,1,1,1,296.83,6,90,17,30,58,292,38,10,23-01-2020,15-03-2026,4.87,4.92,4.97,4.92,4.87,4.92,4.84,0.49,120,35620,26,TRUE,148.415,36,FALSE
41032965,Loft Room [Hotel Soloha @ Chinatown],319117748,Bryan,FALSE,4,TRUE,Outram,Central Region,1.28038,103.84195,Room in boutique hotel,Private room,2,1,1,2,90.6,92,1125,29,59,89,180,1,0,24-01-2020,24-01-2020,5,5,5,5,5,5,4,0.01,0,0,4,TRUE,45.3,11,FALSE
41033189,Studio Apartment 23 mins to Merlion park,148161755,Jan,TRUE,26,TRUE,Rochor,Central Region,1.29918,103.85212,Entire serviced apartment,Entire home/apt,2,1,1,1,296.83,6,90,26,56,86,328,12,1,31-10-2020,18-07-2025,4.83,4.75,4.92,4.83,4.75,4.75,4.5,0.17,12,3562,26,TRUE,148.415,37,FALSE
41069184,Family Suites Studio,101145755,Yulie,FALSE,19,TRUE,Bukit Merah,Central Region,1.2752,103.83414,Private room in serviced apartment,Private room,2,1,1,2,95.9,92,365,28,58,88,269,1,0,07-11-2023,07-11-2023,5,5,5,5,5,5,5,0.03,0,0,19,TRUE,47.95,21,FALSE
41070234,Studio Apt 13 mins drive to Mt Elizabeth Hospital,148161755,Jan,TRUE,26,TRUE,Rochor,Central Region,1.29692,103.85195,Entire serviced apartment,Entire home/apt,2,1,1,1,342.5,6,90,27,57,87,335,9,1,29-02-2020,31-07-2025,4.67,4.44,4.78,4.33,4.67,5,4.33,0.12,12,4110,26,TRUE,171.25,38,FALSE
41087343,Common Room,18722224,Nehl,FALSE,2,TRUE,Bukit Batok,West Region,1.35835,103.76498,Private room in condo,Private room,2,1,1,2,44.32,92,1125,28,58,88,269,0,0,,,,,,,,,,,0,0,2,FALSE,22.16,14,FALSE
41089548,"Luxury in West Singapore, 3BR Close to NUS",138649185,Sidharth,FALSE,492,TRUE,Clementi,West Region,1.30442,103.76693,Entire serviced apartment,Entire home/apt,6,1,3,6,144.21,92,1125,28,58,88,363,1,0,29-01-2020,29-01-2020,5,5,5,5,5,5,4,0.01,0,0,215,TRUE,24.035,39,FALSE
41090834,Family Private Room w/ attached bathroom (203),1439258,K2Guesthouse,FALSE,44,TRUE,Queenstown,Central Region,1.28165,103.78733,Room in boutique hotel,Private room,4,1,1,3,327,1,999,0,15,38,293,3,1,08-05-2022,03-10-2025,4.67,4.67,4.67,5,5,4,4.67,0.06,6,1962,44,TRUE,81.75,27,FALSE
41090879,Budget Room @NUS & Haw Par MRT -NoWindow (202),1439258,K2Guesthouse,FALSE,44,TRUE,Queenstown,Central Region,1.28156,103.78553,Room in hotel,Private room,1,1,1,1,160,1,999,6,21,51,139,4,0,31-01-2020,04-06-2024,4,4.25,4.75,4.75,4.75,4,4.5,0.05,0,0,44,TRUE,160,40,FALSE
41091240,Spacious Family Rm @ NUS & Haw Par Villa MRT (303),1439258,K2Guesthouse,FALSE,44,TRUE,Queenstown,Central Region,1.28153,103.78572,Room in boutique hotel,Private room,4,1,1,3,320,1,999,10,11,41,122,6,0,14-07-2022,22-09-2024,4.17,4.17,4,4,4.83,4.17,4.5,0.12,0,0,44,TRUE,80,30,FALSE
41091895,"Economy Single Room @NUS NUH, Mrt HawPar (106)",1439258,K2Guesthouse,FALSE,44,TRUE,Queenstown,Central Region,1.28152,103.78567,Room in boutique hotel,Private room,1,1,1,1,160,1,999,14,30,53,315,3,0,30-09-2022,17-01-2024,4,4.33,5,5,5,4.67,4.33,0.07,0,0,44,TRUE,160,24,FALSE
41116039,Budget Rm Bunkbed @NUS&Haw Par MRT-NoWindow (206),1439258,K2Guesthouse,FALSE,44,TRUE,Queenstown,Central Region,1.28098,103.78765,Room in boutique hotel,Private room,2,1,1,2,192,1,999,4,28,58,320,0,0,,,,,,,,,,,0,0,44,FALSE,96,27,FALSE
41116137,Budget Couple Room near NUS&MRT -No Window (306),1439258,K2Guesthouse,FALSE,44,TRUE,Queenstown,Central Region,1.27971,103.78764,Room in boutique hotel,Private room,2,1,1,1,233,1,999,9,36,66,324,7,0,10-03-2020,19-03-2024,3.29,3.57,3.71,3.43,2.86,4.43,4.14,0.09,0,0,44,TRUE,116.5,24,FALSE
41116342,"Large Family Room w/balcony at NUH&NUS, (307)",1439258,K2Guesthouse,FALSE,44,TRUE,Queenstown,Central Region,1.27987,103.78742,Room in boutique hotel,Private room,6,1,1,5,295,1,999,7,34,64,324,22,2,28-01-2020,23-09-2025,4.45,4.45,4.32,4.82,4.68,4.27,4.45,0.28,12,3540,44,TRUE,49.166666666666664,29,FALSE
41117291,Amazing Clean Room @NUS & Haw Par Villa MRT! (309),1439258,K2Guesthouse,FALSE,44,TRUE,Queenstown,Central Region,1.27991,103.78543,Room in boutique hotel,Private room,4,1,1,4,274,1,999,7,23,53,137,14,2,04-05-2022,26-01-2026,4.64,4.64,4.71,5,4.86,4.43,4.5,0.28,12,3288,44,TRUE,68.5,24,FALSE
41158163,Cozy Loft in the Heart of Orchard Road,135298846,Karen,FALSE,9,TRUE,River Valley,Central Region,1.30178,103.83315,Entire serviced apartment,Entire home/apt,2,1,1,1,398,6,1125,25,55,85,360,5,3,30-04-2023,23-04-2026,4.8,4.8,4.8,4.8,4.8,4.8,4.6,0.13,36,14328,9,TRUE,199,37,FALSE
41160357,Private room- 6 bed (Shared toilet). Room 2,46515276,Ark,FALSE,12,TRUE,Kallang,Central Region,1.31159,103.87205,Private room in hostel,Private room,6,1,1,6,35.75,92,1125,29,59,89,364,1,0,29-01-2020,29-01-2020,5,4,5,5,5,5,5,0.01,0,0,12,TRUE,5.958333333333333,9,FALSE
41202185,Best view clean central highfloor studio@MarinaBay,104729824,B,FALSE,1,TRUE,Downtown Core,Central Region,1.2805,103.8518,Entire condo,Entire home/apt,1,1,1,1,133.12,92,1125,28,58,88,363,0,0,,,,,,,,,,,0,0,1,FALSE,133.12,15,FALSE
41299496,Lavender QueenBed *rmAd: 5m walk MRT,2413412,Kaurus,FALSE,91,TRUE,Kallang,Central Region,1.3116,103.86012,Private room in rental unit,Private room,1,1,1,1,15.77,92,1125,0,30,60,335,1,0,09-01-2020,09-01-2020,5,5,5,5,5,5,5,0.01,0,0,91,TRUE,15.77,28,FALSE
41388877,prewar Tiong Bahru NEW Window Rm1 near SGH,97878860,Chess,FALSE,59,TRUE,Bukit Merah,Central Region,1.28378,103.83318,Private room in rental unit,Private room,1,1,1,1,18.82,92,1125,0,30,60,335,1,0,30-06-2020,30-06-2020,5,5,5,5,5,5,5,0.01,0,0,59,TRUE,18.82,26,FALSE
41406564,Get extra freeeeeeee stay when you find loopholes,31940201,Di,FALSE,1,TRUE,Bedok,East Region,1.3174,103.91527,Shared room in cave,Shared room,1,1,1,1,0.08,92,1125,29,59,89,364,0,0,,,,,,,,,,,0,0,1,FALSE,0.08,1,TRUE
41439736,Deluxe Twin Room in  hotel  along  West Coast,326090835,The Quay Hotel West Coast,FALSE,5,TRUE,Queenstown,Central Region,1.29194,103.76775,Room in hotel,Private room,2,1,1,2,181,1,365,17,44,74,349,11,0,23-09-2021,31-08-2024,4.36,4.27,4.64,4.36,4.18,4.64,4.18,0.19,0,0,5,TRUE,90.5,27,FALSE
41460941,Deluxe Double Room in  hotel  along  West Coast,326090835,The Quay Hotel West Coast,FALSE,5,TRUE,Queenstown,Central Region,1.29196,103.7697,Room in hotel,Private room,2,1,1,1,184,1,365,18,47,77,350,8,1,10-07-2021,31-08-2025,4.38,4.38,4.63,4.38,4.25,4.75,4.38,0.13,6,1104,5,TRUE,92,28,FALSE
41476885,Superior Double Room (no windows) along West Coast,326090835,The Quay Hotel West Coast,FALSE,5,TRUE,Queenstown,Central Region,1.29133,103.76769,Room in hotel,Private room,2,1,1,1,178,1,365,18,48,78,349,2,0,17-02-2022,30-11-2022,4,3,4.5,5,3,4,4,0.04,0,0,5,TRUE,89,27,FALSE
41566195,Lavender DoubleBed *rmJ: 5m walk MRT,2413412,Kaurus,FALSE,91,TRUE,Kallang,Central Region,1.3119,103.86177,Private room in rental unit,Private room,1,1,1,1,15.66,92,1125,0,30,60,335,1,0,16-03-2020,16-03-2020,5,5,5,5,5,5,5,0.01,0,0,91,TRUE,15.66,28,FALSE
41568582,PREMIUM 2BR SPACE in VIBRANT LITTLE INDIA,138649185,Sidharth,FALSE,492,TRUE,Rochor,Central Region,1.30599,103.85248,Entire serviced apartment,Entire home/apt,4,1,2,4,240.8,92,1125,28,58,88,363,1,0,18-01-2020,18-01-2020,5,5,5,5,5,5,5,0.01,0,0,215,TRUE,60.2,57,FALSE
41570615,Guest Room @ Anchorvale,326217063,Janak,FALSE,1,TRUE,Sengkang,North-East Region,1.38784,103.89001,Private room in rental unit,Private room,2,1,1,2,23.1,92,1125,29,59,89,270,7,0,05-02-2020,16-01-2021,4.57,5,4.86,5,5,4.43,4.57,0.09,0,0,1,TRUE,11.55,15,FALSE
41611248,Near Somerset modern bedroom with small  balcony,96718721,Irene,FALSE,11,TRUE,River Valley,Central Region,1.2984,103.83397,Private room in condo,Private room,1,1,1,1,86.99,92,1125,29,59,89,270,1,0,17-11-2021,17-11-2021,1,1,3,1,1,3,1,0.02,0,0,11,TRUE,86.99,17,FALSE
41626102,Centrally located 2 br apt at Orchard  Road,238891646,Neha,FALSE,131,TRUE,River Valley,Central Region,1.29529,103.84,Entire serviced apartment,Entire home/apt,4,1,2,4,197.34,92,1125,28,58,88,363,0,0,,,,,,,,,,,0,0,131,FALSE,49.335,17,FALSE
41650236,Excellent apartment located at Orchard,238891646,Neha,FALSE,131,TRUE,River Valley,Central Region,1.2951,103.84071,Entire rental unit,Entire home/apt,2,1,1,2,122.43,92,1125,28,58,88,363,0,0,,,,,,,,,,,0,0,131,FALSE,61.215,19,FALSE
41753013,Super Host Serviced Apt near City Hall/Bugis MRT,148161755,Jan,TRUE,26,TRUE,Rochor,Central Region,1.29701,103.85215,Entire serviced apartment,Entire home/apt,2,1,1,2,350.5,6,90,26,56,86,334,1,0,13-02-2021,13-02-2021,4,4,4,4,4,4,4,0.02,0,0,26,TRUE,175.25,38,FALSE
41889066,Ensuite Double Room w/balcony @NUS-Twin Bed (204),1439258,K2Guesthouse,FALSE,44,TRUE,Queenstown,Central Region,1.28064,103.78581,Room in boutique hotel,Private room,2,1,1,2,200,1,999,4,32,57,312,1,0,30-09-2022,30-09-2022,4,4,5,3,1,4,3,0.02,0,0,44,TRUE,100,23,FALSE
41942466,Studio Loft at Wanderlust,265978206,Wanderlust,FALSE,1,TRUE,Rochor,Central Region,1.30583,103.85355,Room in boutique hotel,Private room,2,1,1,2,61.25,92,1125,29,59,89,364,0,0,,,,,,,,,,,0,0,1,FALSE,30.625,10,FALSE
42011728,Spacious Rooms @ Bishan 8,332871273,Ray,FALSE,1,TRUE,Bishan,Central Region,1.34622,103.84229,Private room in condo,Private room,6,1,4,6,462.84,92,1125,29,59,89,270,0,0,,,,,,,,,,,0,0,1,FALSE,77.14,12,FALSE
42079535,"Double, Window, Private Bathroom near Bugis MRT",333673909,Linda,FALSE,3,TRUE,Downtown Core,Central Region,1.29795,103.85562,Room in boutique hotel,Private room,2,1,1,1,150,1,1125,0,0,0,52,272,6,10-02-2020,02-03-2026,4.34,4.29,4.31,4.61,4.71,4.64,4.18,3.5,36,5400,3,TRUE,75,24,FALSE
42079889,"Twin, private bathroom, 2 mins walk to Bugis MRT",333673909,Linda,FALSE,3,TRUE,Downtown Core,Central Region,1.29647,103.8577,Room in boutique hotel,Private room,2,1,1,1,150,1,365,0,0,0,52,85,3,29-02-2020,14-11-2025,4.35,4.4,4.33,4.49,4.75,4.81,4.26,1.1,18,2700,3,TRUE,75,24,FALSE
42104353,Deluxe Room with Window [Hotel Soloha @ Chinatown],319117748,Bryan,FALSE,4,TRUE,Outram,Central Region,1.28146,103.84125,Room in boutique hotel,Private room,2,1,1,2,57.1,92,1125,29,59,89,364,0,0,,,,,,,,,,,0,0,4,FALSE,28.55,12,FALSE
42104603,Junior Suite [Hotel Soloha @ Chinatown],319117748,Bryan,FALSE,4,TRUE,Outram,Central Region,1.27919,103.84277,Room in boutique hotel,Private room,2,1,1,2,93.34,92,1125,29,59,89,364,1,0,10-02-2020,10-02-2020,5,5,5,5,5,5,5,0.01,0,0,4,TRUE,46.67,12,FALSE
42124141,"Somerset Bencoolen, 2-Bedroom Serviced Apartment",329805371,Somerset,FALSE,1,TRUE,Rochor,Central Region,1.30056,103.85104,Entire serviced apartment,Entire home/apt,4,1,2,4,134.1,92,1125,29,59,89,364,0,0,,,,,,,,,,,0,0,1,FALSE,33.525,26,FALSE
42144452,1960s Queenbed Rm1 @ lavender bugis,8948251,Joey,FALSE,73,TRUE,Kallang,Central Region,1.30963,103.86018,Private room in rental unit,Private room,1,1,1,1,15.61,92,1125,0,30,60,335,1,0,22-08-2021,22-08-2021,5,5,5,5,5,5,5,0.02,0,0,73,TRUE,15.61,28,FALSE
42186946,"postwar singlebed rm2, 3min to aljunied mrt",97878860,Chess,FALSE,59,TRUE,Geylang,Central Region,1.31473,103.8816,Private room in rental unit,Private room,1,1,1,1,15.69,92,1125,0,30,60,335,0,0,,,,,,,,,,,0,0,59,FALSE,15.69,29,FALSE
42190445,"24hr selfcheckin Balcony rmA, 5min city center",201775246,Hillary,FALSE,44,TRUE,Kallang,Central Region,1.31161,103.86259,Private room in rental unit,Private room,1,1,1,1,18.69,92,1125,0,30,60,335,1,0,01-03-2020,01-03-2020,5,5,5,5,5,5,5,0.01,0,0,44,TRUE,18.69,28,FALSE
42238629,Family Apartment near Little India/Heritage Center,138649185,Sidharth,FALSE,492,TRUE,Rochor,Central Region,1.30297,103.84918,Entire serviced apartment,Entire home/apt,12,1,4,12,162.64,92,1125,28,58,88,363,0,0,,,,,,,,,,,0,0,215,FALSE,13.553333333333333,22,FALSE
42239864,Modern bedroom . Near river valley point  .,96718721,Irene,FALSE,11,TRUE,Newton,Central Region,1.31149,103.83788,Private room in condo,Private room,2,1,1,2,42.41,92,1125,29,59,89,364,0,0,,,,,,,,,,,0,0,11,FALSE,21.205,6,FALSE
42240675,Cosy  bedroom near Sophia road,96718721,Irene,FALSE,11,TRUE,Novena,Central Region,1.31994,103.8535,Private room in condo,Private room,1,1,1,1,42.25,92,1125,29,59,89,364,0,0,,,,,,,,,,,0,0,11,FALSE,42.25,12,FALSE
42545364,Clean Newly renovated aircondition double bedroom,2351356,Reggie,FALSE,2,TRUE,Yishun,North Region,1.42035,103.84671,Private room in rental unit,Private room,2,1,1,2,16.69,92,928,29,59,89,364,6,0,19-03-2020,24-02-2023,4.67,4.67,4.67,4.67,4.67,4.83,4.5,0.08,0,0,2,TRUE,8.345,25,FALSE
42555446,"Citadines Mount Sophia Singapore, Studio Executive",329787478,Mohd Zaini,FALSE,2,TRUE,Rochor,Central Region,1.30179,103.85071,Entire serviced apartment,Entire home/apt,2,1,1,1,13000,6,1125,29,59,89,364,1,0,18-06-2023,18-06-2023,4,4,5,4,4,5,5,0.03,0,0,2,TRUE,6500,17,TRUE
42555518,"Citadines Mount Sophia, 1 Bedroom Deluxe Apt",329787478,Mohd Zaini,FALSE,2,TRUE,Rochor,Central Region,1.30338,103.84882,Entire serviced apartment,Entire home/apt,3,1,1,2,13000,6,1125,29,59,89,364,0,0,,,,,,,,,,,0,0,2,FALSE,4333.333333333333,29,TRUE
42672097,Short term lease studio,291243757,JJH Serviced Apartment,FALSE,4,FALSE,Serangoon,North-East Region,1.34548,103.87174,Private room in serviced apartment,Private room,2,1,1,2,59.27,92,365,29,59,89,364,0,0,,,,,,,,,,,0,0,4,FALSE,29.635,16,FALSE
42693235,prewar Balcony queenbed Rm w Shower/Wash cubicle,97878860,Chess,FALSE,59,TRUE,Kallang,Central Region,1.30966,103.86045,Private room in rental unit,Private room,1,1,1,1,18.77,92,1125,0,30,60,335,0,0,,,,,,,,,,,0,0,59,FALSE,18.77,28,FALSE
42696868,ROOM WITH MULTI AMENITIES *,194085596,Keith,FALSE,6,TRUE,Jurong West,West Region,1.34552,103.70525,Private room in home,Private room,2,1,1,2,20.46,100,1125,29,59,89,364,27,0,19-03-2020,05-12-2022,4.96,4.96,4.85,5,5,4.81,4.89,0.35,0,0,4,TRUE,10.23,22,FALSE
42697304,A private room near NTU *,194085596,Keith,FALSE,6,TRUE,Jurong West,West Region,1.34535,103.70508,Private room in home,Private room,2,1,1,2,21.72,93,1125,29,59,89,364,6,1,04-05-2020,22-12-2025,5,4.83,4.67,5,5,5,4.83,0.08,186,4040,4,TRUE,10.86,24,FALSE
42750393,Private Room near Jurong Point Shopping Mall *,194085596,Keith,FALSE,6,TRUE,Jurong West,West Region,1.34406,103.70405,Private room in home,Private room,2,1,1,2,23.26,93,1125,29,59,89,364,1,0,29-06-2021,29-06-2021,5,5,5,5,5,5,5,0.02,0,0,4,TRUE,11.63,26,FALSE
42752743,Lavender Balcony Room: 5m MRT (Not For Tourist),2413412,Kaurus,FALSE,91,TRUE,Kallang,Central Region,1.30968,103.8616,Private room in rental unit,Private room,1,1,1,1,21.94,92,1125,0,30,60,335,1,0,29-08-2020,29-08-2020,4,5,4,5,5,5,5,0.01,0,0,91,TRUE,21.94,28,FALSE
42753075,24hr selfcheckin Single NoWin rm* 5min city center,201775246,Hillary,FALSE,44,TRUE,Kallang,Central Region,1.31121,103.86082,Private room in rental unit,Private room,1,1,1,1,15.36,92,1125,0,30,60,335,1,0,15-07-2020,15-07-2020,5,5,5,5,5,5,5,0.01,0,0,44,TRUE,15.36,28,FALSE
42813500,A SIMPLE ROOM,340996484,Shawn,FALSE,1,TRUE,Bishan,Central Region,1.35965,103.8458,Private room in rental unit,Private room,2,1,1,2,12.58,92,1125,29,59,89,270,0,0,,,,,,,,,,,0,0,1,FALSE,6.29,5,FALSE
42872451,selfcheckin singlebed room* @ aljunied near MRT,201775246,Hillary,FALSE,44,TRUE,Geylang,Central Region,1.31583,103.88123,Private room in rental unit,Private room,1,1,1,1,15.71,92,1125,0,30,60,335,1,0,30-03-2020,30-03-2020,5,5,5,5,5,5,5,0.01,0,0,44,TRUE,15.71,25,FALSE
42885911,"Double Room, Short overnight, 8 hours: 11:59pm-8am",337654877,Don,FALSE,2,TRUE,Rochor,Central Region,1.30607,103.85583,Room in hotel,Private room,2,1,1,2,74,1,365,28,58,88,170,132,2,26-04-2020,29-03-2026,4.54,4.67,4.47,4.47,4.66,4.68,4.53,1.75,12,888,1,TRUE,37,20,FALSE
42913012,Cosy Balinese private room for rent,11463785,Dianne,FALSE,9,TRUE,Ang Mo Kio,North-East Region,1.3707529520366353,103.82924638688564,Private room in townhouse,Private room,1,1,1,1,14.53,92,1125,29,35,35,239,1,0,31-12-2023,31-12-2023,5,5,5,5,5,5,5,0.03,0,0,9,TRUE,14.53,17,FALSE
43080765,1960s singlebed Rm1 @ lavender bugis.,8948251,Joey,FALSE,73,TRUE,Kallang,Central Region,1.31135,103.86035,Private room in rental unit,Private room,1,1,1,1,15.71,92,1125,0,30,60,335,0,0,,,,,,,,,,,0,0,73,FALSE,15.71,28,FALSE
43089999,Cozy bedroom suits  your stay,252274843,Ka Wai,FALSE,1,TRUE,Sengkang,North-East Region,1.3958,103.87773,Private room in rental unit,Private room,2,1,1,2,20.28,92,1125,29,59,89,364,5,1,31-12-2020,02-01-2026,4.2,3.8,3.8,4,3.8,4.2,3.6,0.07,184,3732,1,TRUE,10.14,14,FALSE
43108706,postwar queenbed rm > 3min walk aljunied mrt,97878860,Chess,FALSE,59,TRUE,Geylang,Central Region,1.31447,103.88277,Private room in rental unit,Private room,1,1,1,1,15.69,92,1125,0,30,60,335,1,0,09-12-2022,09-12-2022,4,3,3,5,5,4,2,0.02,0,0,59,TRUE,15.69,27,FALSE
43112898,Lavender QueenBed *rm: 5m walk MRT,2413412,Kaurus,FALSE,91,TRUE,Kallang,Central Region,1.31033,103.86028,Private room in rental unit,Private room,1,1,1,1,15.62,92,1125,0,30,60,335,1,0,07-04-2020,07-04-2020,5,5,5,5,5,5,5,0.01,0,0,91,TRUE,15.62,28,FALSE
43145924,Central and Comforting Studio @ Orchard Rd,138649185,Sidharth,FALSE,492,TRUE,Tanglin,Central Region,1.31278,103.82472,Entire serviced apartment,Entire home/apt,3,1,1,2,368.67,6,1125,28,58,88,363,0,0,,,,,,,,,,,0,0,215,FALSE,122.89,52,FALSE
43249498,"Laid back, relaxed quiet room in Siglap house",17056252,Jayram,FALSE,1,TRUE,Bedok,East Region,1.31476,103.91763,Private room in home,Private room,2,1,1,2,21.02,92,1125,29,59,89,270,0,0,,,,,,,,,,,0,0,1,FALSE,10.51,16,FALSE
43313632,Da cozy lounge,344918208,Lang,FALSE,1,TRUE,Novena,Central Region,1.31664,103.84124,Entire rental unit,Entire home/apt,6,1,3,6,70.35,92,1125,26,56,86,361,0,0,,,,,,,,,,,0,0,1,FALSE,11.725,13,FALSE
43313813,Superior Twin Room in City Center,155244964,The Quay,FALSE,7,TRUE,Singapore River,Central Region,1.28753,103.84724,Room in hotel,Private room,2,1.5,1,1,149,1,365,6,12,23,251,22,7,06-09-2020,11-04-2026,4.91,4.95,4.86,5,4.82,5,4.77,0.31,42,6258,7,TRUE,74.5,13,FALSE
43354292,Deluxe Private Studio room Senyum-4 with pool,68059127,Wei,TRUE,50,TRUE,Bedok,East Region,1.3221,103.91389,Private room in villa,Private room,3,1,1,3,36.03,92,1125,0,0,24,299,3,0,30-06-2020,31-07-2022,5,5,5,5,5,5,5,0.04,0,0,50,TRUE,12.01,15,FALSE
43354914,Deluxe Private Studio Room Sen-5 with shared pool,68059127,Wei,TRUE,50,TRUE,Bedok,East Region,1.32382,103.91331,Private room in villa,Private room,3,1,1,3,44,92,1125,0,14,44,319,3,0,31-05-2020,05-12-2021,5,5,5,5,5,5,5,0.04,0,0,50,TRUE,14.666666666666666,16,FALSE
43355016,Deluxe One bedroom studio Sen-6 with shared pool,68059127,Wei,TRUE,50,TRUE,Bedok,East Region,1.3243,103.91535,Private room in bungalow,Private room,3,1,1,3,41.19,92,1125,0,0,0,155,1,0,31-05-2020,31-05-2020,5,5,5,5,5,5,5,0.01,0,0,50,TRUE,13.729999999999999,16,FALSE
43359021,Modern one bedroom studio SEN-7 at topfloor w pool,24496358,Katherine,TRUE,53,TRUE,Bedok,East Region,1.32285,103.9135,Private room in bungalow,Private room,3,1,1,3,47.45,92,1125,0,0,0,212,1,0,22-06-2020,22-06-2020,5,5,5,5,5,5,5,0.01,0,0,53,TRUE,15.816666666666668,16,FALSE
43359426,Luxury & Bright studio room SEN-4 with shared pool,24496358,Katherine,TRUE,53,TRUE,Bedok,East Region,1.32412,103.91374,Private room in bungalow,Private room,3,1,1,3,32.96,92,1125,0,0,24,299,2,0,31-05-2020,26-11-2021,4.5,4.5,4.5,5,5,5,4.5,0.03,0,0,53,TRUE,10.986666666666666,17,FALSE
43406519,Paradise,345911177,Jerry,FALSE,2,TRUE,Bukit Timah,Central Region,1.34126,103.76739,Private room in home,Private room,1,1,1,1,20.35,92,1125,29,59,89,364,0,0,,,,,,,,,,,0,0,2,FALSE,20.35,22,FALSE
43414572,民宿公寓出租,345911177,Jerry,FALSE,2,TRUE,Bukit Timah,Central Region,1.34129,103.76615,Private room in rental unit,Private room,1,1,1,1,23.92,92,1125,29,59,89,364,0,0,,,,,,,,,,,0,0,2,FALSE,23.92,14,FALSE
43424855,"Great place, quiet, near to 24hrs eateries n park",346107846,Chris,FALSE,1,TRUE,Central Water Catchment,North Region,1.35147,103.81887,Private room,Private room,4,1,0,4,109.76,92,1125,28,58,88,269,0,0,,,,,,,,,,,0,0,1,FALSE,27.44,20,FALSE
43481271,Brand New- Private One bedroom studio Senyum-2,68059127,Wei,TRUE,50,TRUE,Bedok,East Region,1.32431,103.91367,Private room in bungalow,Private room,3,1,1,3,50.76,92,1125,29,59,89,364,0,0,,,,,,,,,,,0,0,50,FALSE,16.919999999999998,16,FALSE
43481361,Luxury & Bright Private Studio room Senyum-2,24496358,Katherine,TRUE,53,TRUE,Bedok,East Region,1.3242,103.91339,Private room in bungalow,Private room,3,1,1,3,49.9,92,1125,29,59,89,364,0,0,,,,,,,,,,,0,0,53,FALSE,16.633333333333333,16,FALSE
43492077,Deluxe Private Studio room Senyum-3 with pool,68059127,Wei,TRUE,50,TRUE,Bedok,East Region,1.32424,103.91317,Private room in villa,Private room,2,1,1,2,36.92,92,1125,0,0,0,260,0,0,,,,,,,,,,,0,0,50,FALSE,18.46,14,FALSE
43492196,Garden room with private bathroom / shared pool,68059127,Wei,TRUE,50,TRUE,Bedok,East Region,1.32428,103.91346,Private room in bungalow,Private room,2,1,1,2,29.09,92,1125,0,0,0,92,8,0,26-06-2020,19-04-2025,4.88,4.75,4.63,5,4.88,5,4.75,0.11,0,0,50,TRUE,14.545,15,FALSE
43493128,Garden master room,24496358,Katherine,TRUE,53,TRUE,Bedok,East Region,1.32435,103.91531,Private room in bungalow,Private room,2,1,1,2,28.71,92,1125,0,0,0,100,0,0,,,,,,,,,,,0,0,53,FALSE,14.355,16,FALSE
43584129,Hippy heritage new window room1 (tiong bahru),8948251,Joey,FALSE,73,TRUE,Bukit Merah,Central Region,1.28542,103.83445,Private room in rental unit,Private room,1,1,1,1,18.89,92,1125,0,30,60,335,0,0,,,,,,,,,,,0,0,73,FALSE,18.89,28,FALSE
43706347,Beautiful one bedroom apartment at Common Wealth,238891646,Neha,FALSE,131,TRUE,Queenstown,Central Region,1.29687,103.80467,Entire serviced apartment,Entire home/apt,2,1,1,2,91.3,92,1125,28,58,88,363,0,0,,,,,,,,,,,0,0,131,FALSE,45.65,21,FALSE
43922476,Stunning 1BR Suite (3 MRT right at doorstep),15257023,Lim,FALSE,2,TRUE,Outram,Central Region,1.27943,103.84106,Entire condo,Entire home/apt,3,1,1,3,77.26,92,1125,29,59,89,364,2,0,04-01-2021,21-06-2021,5,5,5,5,4.5,5,4.5,0.03,0,0,2,TRUE,25.753333333333334,63,FALSE
44042639,selfcheckin window bunkbed room @aljunied near MRT,201775246,Hillary,FALSE,44,TRUE,Geylang,Central Region,1.31557,103.88199,Private room in rental unit,Private room,1,1,1,1,15.71,92,1125,0,30,60,335,0,0,,,,,,,,,,,0,0,44,FALSE,15.71,11,FALSE
44069414,Massive & Quaint 1970's Walk Up Apartment,9899270,Peir,FALSE,6,TRUE,Geylang,Central Region,1.31496,103.88963,Entire rental unit,Entire home/apt,4,1,3,4,74.63,92,1125,11,11,11,177,1,0,07-07-2020,07-07-2020,5,5,5,5,5,5,5,0.01,0,0,6,TRUE,18.6575,24,FALSE
44090296,STYLISH 1BR APARTMENT AT BUKIT TIMAH,138649185,Sidharth,FALSE,492,TRUE,Bukit Timah,Central Region,1.33278,103.78869,Entire serviced apartment,Entire home/apt,2,1,1,2,71.28,92,1125,28,58,88,363,0,0,,,,,,,,,,,0,0,215,FALSE,35.64,22,FALSE
44255450,近市区CBD 豪华公寓一房一卫,163103462,Pokey,FALSE,1,TRUE,Novena,Central Region,1.32899,103.84263,Entire condo,Entire home/apt,4,1,1,4,39.67,92,1125,29,59,89,270,0,0,,,,,,,,,,,0,0,1,FALSE,9.9175,18,FALSE
44294078,Common Room,18722224,Nehl,FALSE,2,TRUE,Bukit Batok,West Region,1.35814,103.76357,Private room in condo,Private room,2,1,1,2,58.18,92,1125,28,58,88,269,0,0,,,,,,,,,,,0,0,2,FALSE,29.09,13,FALSE
44420536,"Triple room, shared bathroom in Chinatown",223971227,Fang,FALSE,32,TRUE,Outram,Central Region,1.28263,103.84572,Room in boutique hotel,Private room,3,1,1,2,153,1,365,22,49,79,169,223,46,19-04-2022,20-06-2026,4.55,4.54,4.5,4.6,4.7,4.85,4.42,4.36,255,39015,6,TRUE,51,18,FALSE
44525671,Walk to Marina Bay MRT/ Aesthetic 2BR Space,138649185,Sidharth,FALSE,492,TRUE,Downtown Core,Central Region,1.27767,103.84902,Entire serviced apartment,Entire home/apt,4,1,2,4,333.35,92,1125,28,58,88,363,0,0,,,,,,,,,,,0,0,215,FALSE,83.3375,55,FALSE
45280147,Master bedroom in Geylang East Ave. / Aljunied MRT,138649185,Sidharth,FALSE,492,TRUE,Geylang,Central Region,1.31784,103.88605,Entire serviced apartment,Entire home/apt,1,1,1,1,32.47,92,1125,28,58,88,363,0,0,,,,,,,,,,,0,0,215,FALSE,32.47,27,FALSE
45319306,1 Bedroom Loft Jurong East MRT Singapore,238891646,Neha,FALSE,131,TRUE,Jurong East,West Region,1.3354,103.74302,Entire rental unit,Entire home/apt,2,1,1,2,83.17,92,1125,28,58,88,363,0,0,,,,,,,,,,,0,0,131,FALSE,41.585,16,FALSE
45474953,Elegant 1 bedroom at Novena,238891646,Neha,FALSE,131,TRUE,Novena,Central Region,1.31681,103.84136,Entire rental unit,Entire home/apt,2,1,1,2,95.07,92,1125,28,58,88,363,1,0,02-12-2020,02-12-2020,4,4,4,4,4,4,4,0.01,0,0,131,TRUE,47.535,19,FALSE
45524524,EXQUISITE 3BR SUITE W/D TERRACE@SENTOSA ISLAND,138649185,Sidharth,FALSE,492,TRUE,Southern Islands,Central Region,1.24826,103.82401,Entire serviced apartment,Entire home/apt,6,1,3,6,443.67,92,1125,28,58,88,363,0,0,,,,,,,,,,,0,0,215,FALSE,73.94500000000001,51,FALSE
45626850,Family studio at Outram Park at best price,238891646,Neha,FALSE,131,TRUE,Bukit Merah,Central Region,1.27498,103.83238,Entire rental unit,Entire home/apt,3,1,1,3,121.8,92,1125,28,58,88,363,0,0,,,,,,,,,,,0,0,131,FALSE,40.6,13,FALSE
45777993,Pet friendly-Open plan studio@5-Mins to Orchard,138649185,Sidharth,FALSE,492,TRUE,River Valley,Central Region,1.29673,103.83746,Entire serviced apartment,Entire home/apt,2,1,1,1,380.33,6,1125,28,58,88,363,0,0,,,,,,,,,,,0,0,215,FALSE,190.165,43,FALSE
45778518,"400sq.ft.1BR@Perfect spot in the city, Orchard",138649185,Sidharth,FALSE,492,TRUE,River Valley,Central Region,1.296,103.83673,Entire serviced apartment,Entire home/apt,2,1,1,2,121.15,92,1125,28,58,88,363,1,0,08-04-2023,08-04-2023,2,2,1,3,2,4,2,0.03,0,0,215,TRUE,60.575,45,FALSE
45779393,"Welcoming Pets@Sparkling 1BR, Orchard",138649185,Sidharth,FALSE,492,TRUE,River Valley,Central Region,1.29651,103.83883,Entire serviced apartment,Entire home/apt,2,1,1,2,134.36,92,1125,28,58,88,363,2,0,14-11-2021,19-12-2021,5,5,5,5,5,5,5,0.04,0,0,215,TRUE,67.18,43,FALSE
45803322,D'HOTEL Singapore - Executive Room,366300043,D'Hotel,FALSE,2,TRUE,Bukit Merah,Central Region,1.28471,103.83391,Room in boutique hotel,Private room,2,1,1,2,80.59,92,1125,29,59,89,364,0,0,,,,,,,,,,,0,0,2,FALSE,40.295,16,FALSE
45803343,D'HOTEL Singapore - Deluxe Room,366300043,D'Hotel,FALSE,2,TRUE,Bukit Merah,Central Region,1.28332,103.83424,Room in boutique hotel,Private room,2,1,1,2,80.59,92,1125,29,59,89,364,0,0,,,,,,,,,,,0,0,2,FALSE,40.295,11,FALSE
45835431,Spacious 3BR Apartment near Far East Plaza,135298846,Karen,FALSE,9,TRUE,Newton,Central Region,1.30617,103.83466,Entire condo,Entire home/apt,7,1,3,7,131.77,92,1125,0,0,0,182,0,0,,,,,,,,,,,0,0,9,FALSE,18.824285714285715,52,FALSE
45871999,Charming 3BR Apt in the Heart of Orchard Road,135298846,Karen,FALSE,9,TRUE,River Valley,Central Region,1.30172,103.83166,Entire serviced apartment,Entire home/apt,7,2,3,4,1638,6,365,12,42,72,347,1,0,17-11-2023,17-11-2023,5,5,5,5,5,5,5,0.03,0,0,9,TRUE,234,35,TRUE
45902566,Studio Superior Apt- Urban Living in Orchard,372124974,Randell,TRUE,9,TRUE,Orchard,Central Region,1.3006,103.84089,Entire serviced apartment,Entire home/apt,2,1,1,1,469,6,1125,22,50,80,324,2,0,13-11-2020,24-05-2025,5,5,5,5,5,5,5,0.03,0,0,9,TRUE,234.5,35,FALSE
45960413,Delightful Studio Superior Apartment in Orchard,372124974,Randell,TRUE,9,TRUE,Orchard,Central Region,1.30048,103.84149,Entire serviced apartment,Entire home/apt,2,1,1,1,422,6,1125,19,47,77,321,0,0,,,,,,,,,,,0,0,9,FALSE,211,34,FALSE
45961316,Stylish 2BR Superior apartment in Orchard,372124974,Randell,TRUE,9,TRUE,Orchard,Central Region,1.30056,103.84139,Entire serviced apartment,Entire home/apt,5,1,2,3,1083,6,1125,22,37,67,299,4,0,16-07-2022,27-02-2025,5,4.75,5,5,5,4.75,4.25,0.08,0,0,9,TRUE,216.6,34,FALSE
45961358,Charming 2BR Superior Apartment in Orchard,372124974,Randell,TRUE,9,TRUE,Orchard,Central Region,1.3003,103.84143,Entire serviced apartment,Entire home/apt,5,1,2,3,920.67,6,1125,22,37,67,324,1,0,27-09-2021,27-09-2021,5,5,5,5,5,5,5,0.02,0,0,9,TRUE,184.134,33,FALSE
45962405,Contemporary 2BR Apartment in Orchard,372124974,Randell,TRUE,9,TRUE,Orchard,Central Region,1.30047,103.8431,Entire serviced apartment,Entire home/apt,5,1,2,3,966,6,1125,19,34,64,296,3,3,21-02-2026,19-06-2026,5,5,5,5,5,5,4.67,0.7,36,34776,9,TRUE,193.2,33,FALSE
45962495,Modern Studio Superior Apartment in Orchard,372124974,Randell,TRUE,9,TRUE,River Valley,Central Region,1.2984,103.84087,Entire serviced apartment,Entire home/apt,2,1,1,1,398,6,1125,22,50,80,348,0,0,,,,,,,,,,,0,0,9,FALSE,199,34,FALSE
45962749,3BR Deluxe Urban Living in Orchard,372124974,Randell,TRUE,9,TRUE,Orchard,Central Region,1.30065,103.84175,Entire serviced apartment,Entire home/apt,7,2,3,4,1444,6,1125,21,51,81,314,4,2,22-09-2022,28-12-2025,5,5,5,5,5,5,4.75,0.09,24,34656,9,TRUE,206.28571428571428,34,TRUE
45962895,Spacious 3BR Deluxe Apartment in Orchard,372124974,Randell,TRUE,9,TRUE,River Valley,Central Region,1.29845,103.84129,Entire serviced apartment,Entire home/apt,7,2,3,4,1228,6,1125,21,51,81,339,14,7,04-11-2023,02-05-2026,5,4.86,4.93,5,5,4.93,4.79,0.43,84,103152,9,TRUE,175.42857142857142,32,FALSE
45963002,Contemporary 3BR Apartment in Orchard,372124974,Randell,TRUE,9,TRUE,Museum,Central Region,1.29899,103.84313,Entire serviced apartment,Entire home/apt,7,2,3,4,1300,6,1125,21,51,81,314,0,0,,,,,,,,,,,0,0,9,FALSE,185.71428571428572,32,TRUE
45963685,In The Heart of Orchard  Free Wi-Fi & Utilities,31975096,Clarence,FALSE,6,TRUE,River Valley,Central Region,1.29557,103.83844,Entire condo,Entire home/apt,2,1,1,2,48.51,92,730,0,0,0,232,6,1,16-02-2022,02-05-2026,5,5,4.83,5,5,5,4.67,0.11,184,8926,2,TRUE,24.255,31,FALSE
46000906,"2 Bedroom Apartment at Queenstown, Singapore",238891646,Neha,FALSE,131,TRUE,Queenstown,Central Region,1.29021,103.80631,Entire rental unit,Entire home/apt,4,1,2,4,127.3,92,1125,28,58,88,363,0,0,,,,,,,,,,,0,0,131,FALSE,31.825,24,FALSE
46057282,Comfy 2BR Deluxe in Northeast Singapore,373313984,Celin,FALSE,6,TRUE,Hougang,North-East Region,1.37691,103.8791,Entire serviced apartment,Entire home/apt,4,1,2,3,692,6,1125,13,42,72,168,11,3,12-07-2022,21-02-2026,4.55,4.64,4.73,4.91,4.64,4.55,4.64,0.23,36,24912,6,TRUE,173,40,FALSE
46057773,Cozy 2BR Deluxe in Northeast Singapore,373313984,Celin,FALSE,6,TRUE,Hougang,North-East Region,1.37655,103.88002,Entire serviced apartment,Entire home/apt,4,1,2,3,623,6,1125,13,42,72,168,18,8,26-02-2024,03-04-2026,4.89,4.89,4.94,4.83,4.78,4.67,4.72,0.63,96,59808,6,TRUE,155.75,38,FALSE
46057791,Serene 2BR Deluxe Apartment in Northeast Singapore,373313984,Celin,FALSE,6,TRUE,Hougang,North-East Region,1.37499,103.87899,Entire serviced apartment,Entire home/apt,4,2,2,3,589,6,1125,13,42,72,168,4,2,21-01-2023,10-12-2025,4.5,4.25,4.75,3.75,3.75,4.5,3.75,0.1,24,14136,6,TRUE,147.25,39,FALSE
46073890,Spacious 3BR Superior in Northeast Singapore,373313984,Celin,FALSE,6,TRUE,Hougang,North-East Region,1.37525,103.88057,Entire serviced apartment,Entire home/apt,5,2,3,4,979.33,6,1125,29,59,89,185,14,3,25-07-2022,23-02-2026,4.43,4.64,4.43,4.64,4.36,4.5,4.29,0.29,36,35256,6,TRUE,195.866,38,FALSE
46075495,3BR Superior Family Apartment in Northeast area,373313984,Celin,FALSE,6,TRUE,Hougang,North-East Region,1.37689,103.87992,Entire serviced apartment,Entire home/apt,6,2,3,4,903,6,1125,26,56,86,182,1,0,12-09-2021,12-09-2021,5,5,4,5,5,5,4,0.02,0,0,6,TRUE,150.5,38,FALSE
46096669,Beautiful Staycation with Private Pool,9748143,Marcus,FALSE,1,TRUE,Toa Payoh,Central Region,1.3427,103.86753,Entire condo,Entire home/apt,2,1,1,2,56.47,92,1125,29,59,89,364,8,0,01-11-2020,30-11-2020,4.63,4.75,4.25,4.88,5,5,4.63,0.12,0,0,1,TRUE,28.235,32,FALSE
46108799,Stay in Northeast Singapore - 3 Bedroom Superior,373313984,Celin,FALSE,6,TRUE,Hougang,North-East Region,1.37475,103.88005,Entire serviced apartment,Entire home/apt,5,2,3,4,832,6,1125,29,59,89,185,1,0,09-09-2022,09-09-2022,5,5,5,3,5,4,5,0.02,0,0,6,TRUE,166.4,36,FALSE
46114490,"Lavender singlebed window rmC, 4minMRT, 8minBugis",2413412,Kaurus,FALSE,91,TRUE,Kallang,Central Region,1.31009,103.86171,Private room in rental unit,Private room,1,1,1,1,15.55,92,1125,0,30,60,335,0,0,,,,,,,,,,,0,0,91,FALSE,15.55,28,FALSE
46321781,ONE BEDROOM APT WITH BALCONY/STUDY AREA- FORT ROAD,138649185,Sidharth,FALSE,492,TRUE,Marine Parade,Central Region,1.30059,103.88561,Entire serviced apartment,Entire home/apt,2,1,1,1,324.43,7,1125,28,58,88,353,1,0,26-04-2025,26-04-2025,5,5,4,5,5,5,5,0.07,0,0,215,TRUE,162.215,30,FALSE
46456107,"Masterbedroom with bathroom beside train, new reno",250308470,Ky,FALSE,1,TRUE,Bukit Panjang,West Region,1.37694,103.76786,Private room in condo,Private room,4,1,1,4,30.74,92,365,28,58,88,363,0,0,,,,,,,,,,,0,0,1,FALSE,7.685,44,FALSE
46473348,2BR Superior Family Apartment in Robertson Quay,375833318,Celin,TRUE,9,TRUE,River Valley,Central Region,1.29247,103.84089,Entire serviced apartment,Entire home/apt,5,2,2,3,1003,6,1125,21,44,74,337,3,1,01-01-2025,31-03-2026,5,5,5,5,5,5,5,0.17,12,12036,9,TRUE,200.6,41,FALSE
46474181,Stay in Robertson Quay - 2 Bedroom Superior,375833318,Celin,TRUE,9,TRUE,Singapore River,Central Region,1.29244,103.84253,Entire serviced apartment,Entire home/apt,5,2,2,3,903,6,1125,19,42,72,335,9,4,21-10-2023,28-05-2026,5,4.67,5,5,4.89,5,4.67,0.27,48,43344,9,TRUE,180.6,40,FALSE
46475439,Serene 2BR Superior at Robertson Quay,375833318,Celin,TRUE,9,TRUE,Singapore River,Central Region,1.29046,103.84247,Entire serviced apartment,Entire home/apt,5,2,2,3,852,6,1125,21,44,74,337,3,0,12-09-2022,21-04-2023,4.67,4,4.67,5,5,5,4.67,0.06,0,0,9,TRUE,170.4,40,FALSE
46475535,Comfy 3BR Deluxe at Robertson Quay,375833318,Celin,TRUE,9,TRUE,River Valley,Central Region,1.29191,103.84025,Entire serviced apartment,Entire home/apt,6,2,3,4,1565.67,6,1125,29,59,89,352,7,0,03-03-2023,01-04-2024,4.86,4.86,4.71,4.86,4.86,5,4.57,0.17,0,0,9,TRUE,260.945,41,TRUE
46475821,Explore Fort Canning - 3BR Deluxe Apartment,375833318,Celin,TRUE,9,TRUE,River Valley,Central Region,1.29197,103.84052,Entire serviced apartment,Entire home/apt,6,2,3,4,1442,6,1125,26,56,86,349,5,1,04-11-2023,26-09-2025,4.8,4.8,4.6,4.4,5,4.8,4.6,0.15,12,17304,9,TRUE,240.33333333333334,41,TRUE
46475943,3BR Deluxe Family Apartment in Robertson Quay,375833318,Celin,TRUE,9,TRUE,River Valley,Central Region,1.29225,103.84032,Entire serviced apartment,Entire home/apt,5,2,3,4,1331.17,6,1125,29,59,89,352,4,0,08-06-2022,22-12-2022,5,5,4.75,5,4.75,5,4.5,0.08,0,0,9,TRUE,266.23400000000004,41,TRUE
46476119,Studio Superior Apartment in Robertson Quay,375833318,Celin,TRUE,9,TRUE,Singapore River,Central Region,1.2904,103.84162,Entire serviced apartment,Entire home/apt,2,1,1,2,550,6,1125,28,58,88,351,1,0,31-07-2024,31-07-2024,4,5,3,5,5,5,4,0.04,0,0,9,TRUE,275,41,FALSE
46476300,Studio Superior Apartment near Fort Canning,375833318,Celin,TRUE,9,TRUE,Singapore River,Central Region,1.29222,103.84234,Entire serviced apartment,Entire home/apt,2,1,1,1,495,6,1125,26,56,86,349,0,0,,,,,,,,,,,0,0,9,FALSE,247.5,40,FALSE
46476407,Cozy Studio Superior Apartment in Robertson Quay,375833318,Celin,TRUE,9,TRUE,Singapore River,Central Region,1.29093,103.84029,Entire serviced apartment,Entire home/apt,2,1,1,1,468,6,1125,28,58,88,351,0,0,,,,,,,,,,,0,0,9,FALSE,234,40,FALSE
46589101,Beautiful 3 bedroom Apartment at Jurong East,238891646,Neha,FALSE,131,TRUE,Jurong East,West Region,1.33596,103.74445,Entire condo,Entire home/apt,6,1,3,6,184.77,92,1125,28,58,88,363,0,0,,,,,,,,,,,0,0,131,FALSE,30.795,23,FALSE
46589304,Large 3BR Deluxe Apartment near West Coast Plaza,376693750,Randell,FALSE,2,TRUE,Clementi,West Region,1.30449,103.76522,Entire condo,Entire home/apt,7,1,3,7,126.85,92,1125,29,59,89,364,0,0,,,,,,,,,,,0,0,2,FALSE,18.12142857142857,40,FALSE
46590239,Modern 1BR Deluxe Apartment in West Coast,376700307,Randell,FALSE,6,TRUE,Clementi,West Region,1.29869,103.76417,Entire serviced apartment,Entire home/apt,3,1,1,1,397.83,6,1125,27,57,87,362,0,0,,,,,,,,,,,0,0,6,FALSE,132.60999999999999,43,FALSE
46590765,2BR Deluxe Family Apartment in West Coast,376700307,Randell,FALSE,6,TRUE,Clementi,West Region,1.30016,103.76376,Entire serviced apartment,Entire home/apt,5,1,2,2,828,6,1125,19,49,79,335,0,0,,,,,,,,,,,0,0,6,FALSE,165.6,45,FALSE
46591065,Tranquil 2BR Deluxe Apartment near West Coast Park,376700307,Randell,FALSE,6,TRUE,Clementi,West Region,1.29995,103.76604,Entire serviced apartment,Entire home/apt,5,1,2,2,704,6,1125,19,49,79,335,0,0,,,,,,,,,,,0,0,6,FALSE,140.8,46,FALSE
46605955,Recharge with us - 2BR Deluxe Apt in the West,376700307,Randell,FALSE,6,TRUE,Clementi,West Region,1.29996,103.76571,Entire serviced apartment,Entire home/apt,5,1,2,2,746,6,1125,16,46,76,332,6,5,01-05-2025,27-06-2026,5,5,5,5,5,4.8,5,0.42,60,44760,6,TRUE,149.2,48,FALSE
46606151,Comfy 1BR Deluxe Apartment near West Coast Park,376700307,Randell,FALSE,6,TRUE,Clementi,West Region,1.29834,103.76583,Entire serviced apartment,Entire home/apt,3,1,1,1,338.33,6,1125,27,57,87,362,0,0,,,,,,,,,,,0,0,6,FALSE,112.77666666666666,46,FALSE
46606472,1BR Deluxe Apartment in the West,376700307,Randell,FALSE,6,TRUE,Clementi,West Region,1.29869,103.76415,Entire serviced apartment,Entire home/apt,2,1,1,1,348,6,1125,24,54,84,359,0,0,,,,,,,,,,,0,0,6,FALSE,174,47,FALSE
46669109,Spacious and beautiful 3 bedroom at Clementi,238891646,Neha,FALSE,131,TRUE,Central Water Catchment,North Region,1.351,103.81921,Entire rental unit,Entire home/apt,6,1,3,6,129.46,92,1125,28,58,88,363,1,0,28-02-2021,28-02-2021,4,4,5,5,5,5,4,0.02,0,0,131,TRUE,21.576666666666668,18,FALSE
46698429,WEST COAST WALK 3-BR / 4-MINS TO BUS-STOP,138649185,Sidharth,FALSE,492,TRUE,Clementi,West Region,1.30919,103.76177,Entire serviced apartment,Entire home/apt,6,1,3,6,127.16,92,1125,28,58,88,363,2,0,24-02-2021,03-04-2023,5,4.5,4.5,4,5,4.5,4.5,0.03,0,0,215,TRUE,21.19333333333333,43,FALSE
46698961,"500 M to Jurong East MRT, 3BR Space",138649185,Sidharth,FALSE,492,TRUE,Jurong East,West Region,1.3349,103.74079,Entire serviced apartment,Entire home/apt,5,1,3,5,128.88,92,1125,28,58,88,363,1,0,31-05-2023,31-05-2023,4,5,3,5,5,5,4,0.03,0,0,215,TRUE,25.776,41,FALSE
46803536,Private Room-Panoramic View near MRT,8978331,Jane,FALSE,11,TRUE,Downtown Core,Central Region,1.28091,103.85189,Private room in condo,Private room,2,1,1,2,36.29,92,1125,27,57,87,362,0,0,,,,,,,,,,,0,0,11,FALSE,18.145,14,FALSE
46933172,Beautiful 2 bedroom apartment at Clementi,238891646,Neha,FALSE,131,TRUE,Clementi,West Region,1.31027,103.76033,Entire condo,Entire home/apt,4,1,2,4,147.89,92,1125,28,58,88,363,0,0,,,,,,,,,,,0,0,131,FALSE,36.9725,16,FALSE
46973148,Spacious and new 2 bedroom apartment,238891646,Neha,FALSE,131,TRUE,Queenstown,Central Region,1.29231,103.80741,Entire condo,Entire home/apt,4,1,2,4,175.47,92,1125,28,58,88,363,0,0,,,,,,,,,,,0,0,131,FALSE,43.8675,15,FALSE
47124048,Master/ common bedroom near MBFC 2 mins to DMRT,8978331,Jane,FALSE,11,TRUE,Downtown Core,Central Region,1.2802,103.85392,Private room in condo,Private room,2,1,1,2,38.83,92,1125,28,58,88,363,0,0,,,,,,,,,,,0,0,11,FALSE,19.415,14,FALSE
47295571,舒适小屋！快捷方便。,337425554,静,FALSE,3,TRUE,Kallang,Central Region,1.3145,103.84687,Private room in rental unit,Private room,1,1,1,1,146.37,92,365,29,59,89,364,1,0,02-01-2022,02-01-2022,5,5,5,5,5,5,5,0.02,0,0,1,TRUE,146.37,15,FALSE
47477733,Quiet Window *Rm1 @ tiong bahru heritage,2413412,Kaurus,FALSE,91,TRUE,Bukit Merah,Central Region,1.28367,103.83527,Private room in rental unit,Private room,1,1,1,1,19.21,92,1125,0,30,60,335,1,0,27-01-2021,27-01-2021,5,5,5,5,5,5,5,0.02,0,0,91,TRUE,19.21,29,FALSE
47555385,Relax Seaview Staycation Apartment near Sentosa,44321809,Kate,FALSE,1,TRUE,Bukit Merah,Central Region,1.26611,103.8096,Entire rental unit,Entire home/apt,6,1,2,6,125.76,92,1125,29,59,89,270,3,0,01-02-2021,15-02-2021,4.67,4.67,4.33,5,5,4.67,4.67,0.05,0,0,1,TRUE,20.96,34,FALSE
47774321,Queen size bed room near downtown 2 mins to MRT,8978331,Jane,FALSE,11,TRUE,Downtown Core,Central Region,1.28152,103.85391,Private room in condo,Private room,2,1,1,2,32.26,92,1125,29,59,89,364,0,0,,,,,,,,,,,0,0,11,FALSE,16.13,13,FALSE
47789812,Cozy 2 bedroom apartment at Jurong East,238891646,Neha,FALSE,131,TRUE,Jurong East,West Region,1.33728,103.74627,Entire rental unit,Entire home/apt,4,1,2,4,149.88,92,1125,28,58,88,363,0,0,,,,,,,,,,,0,0,131,FALSE,37.47,18,FALSE
47819395,Cozy studio at River Valley,238891646,Neha,FALSE,131,TRUE,River Valley,Central Region,1.2958,103.84179,Entire condo,Entire home/apt,2,1,1,2,129.46,92,1125,28,58,88,363,0,0,,,,,,,,,,,0,0,131,FALSE,64.73,18,FALSE
47838915,"Grand 2BR Penthouse apartment, Moonstone Singapore",138649185,Sidharth,FALSE,492,TRUE,Kallang,Central Region,1.3277,103.86393,Entire serviced apartment,Entire home/apt,5,1,2,5,84.8,92,1125,28,58,88,363,0,0,,,,,,,,,,,0,0,215,FALSE,16.96,27,FALSE
47931824,2 Bedroom apartment at Queenstown,238891646,Neha,FALSE,131,TRUE,Queenstown,Central Region,1.29575,103.80359,Entire rental unit,Entire home/apt,4,1,2,4,148.26,92,1125,28,58,88,363,0,0,,,,,,,,,,,0,0,131,FALSE,37.065,20,FALSE
47945468,"Single room, shared bathroom in Tanjong Pagar",299971996,Ling,TRUE,7,TRUE,Outram,Central Region,1.2795,103.84329,Room in boutique hotel,Private room,1,1,1,1,68,1,1125,29,59,89,187,1492,245,13-02-2021,28-06-2026,4.78,4.84,4.76,4.76,4.87,4.92,4.66,22.8,255,17340,7,TRUE,68,17,FALSE
47945578,"Single room,Window,Private Bathroom- Tanjong Pagar",299971996,Ling,TRUE,7,TRUE,Downtown Core,Central Region,1.27829,103.84552,Room in boutique hotel,Private room,1,1,1,1,116,1,1125,27,57,87,184,20,4,02-05-2021,04-12-2025,4.45,4.65,4.85,4.35,4.4,4.8,4.3,0.32,24,2784,7,TRUE,116,17,FALSE
47945703,"Double room, shared bathroom in Tanjong Pagar",299971996,Ling,TRUE,7,TRUE,Outram,Central Region,1.27752,103.84409,Room in boutique hotel,Private room,2,1,1,1,84,1,1125,28,58,88,184,151,48,27-04-2021,23-06-2026,4.82,4.82,4.77,4.75,4.85,4.91,4.64,2.4,255,21420,7,TRUE,42,17,FALSE
47945986,"Double room,window, private bathroom-Tanjong Pagar",299971996,Ling,TRUE,7,TRUE,Outram,Central Region,1.27933,103.8434,Room in boutique hotel,Private room,2,1,1,1,132,1,1125,28,58,88,187,45,11,12-03-2021,19-05-2026,4.67,4.69,4.6,4.73,4.89,4.98,4.49,0.7,66,8712,7,TRUE,66,17,FALSE
48007776,COMFORTABLE & CLEAN Private Room near Orchard,340446929,Danny,FALSE,1,TRUE,Tanglin,Central Region,1.31544,103.83089,Private room in condo,Private room,2,1,1,2,40.88,92,1125,29,59,89,364,0,0,,,,,,,,,,,0,0,1,FALSE,20.44,18,FALSE
48019222,"Single room, shared bathroom in Chinatown",223971227,Fang,FALSE,32,TRUE,Outram,Central Region,1.2813,103.84443,Room in boutique hotel,Private room,1,1,1,1,64,1,1125,29,59,89,183,899,176,19-12-2021,16-06-2026,4.78,4.84,4.68,4.82,4.89,4.96,4.68,16.31,255,16320,6,TRUE,64,18,FALSE
48019325,"Double room, shared bathroom in Chinatown",223971227,Fang,FALSE,32,TRUE,Outram,Central Region,1.28267,103.84564,Room in boutique hotel,Private room,2,1,1,1,76,1,1125,25,55,85,177,88,22,24-04-2022,27-06-2026,4.66,4.74,4.55,4.78,4.92,4.97,4.45,1.73,132,10032,6,TRUE,38,18,FALSE
48019417,"Double room, shared bathroom in Chinatown",223971227,Fang,FALSE,32,TRUE,Outram,Central Region,1.28283,103.84501,Room in boutique hotel,Private room,2,1,1,1,114,1,1125,22,52,81,175,123,13,24-03-2022,04-03-2026,4.7,4.76,4.53,4.67,4.88,4.95,4.52,2.37,78,8892,6,TRUE,57,18,FALSE
48019515,"Twin room, shared bathroom in Chinatown",223971227,Fang,FALSE,32,TRUE,Outram,Central Region,1.2808,103.84586,Room in boutique hotel,Private room,2,1,1,2,140,1,365,11,31,56,143,82,20,15-05-2022,26-06-2026,4.63,4.78,4.6,4.63,4.8,4.9,4.62,1.63,120,16800,6,TRUE,70,18,FALSE
48033280,"Double,shared bathroom,near to Jalan Besar MRT",328013026,Alex H,FALSE,6,TRUE,Rochor,Central Region,1.30658,103.85367,Room in boutique hotel,Private room,2,1,1,1,76,1,1125,25,55,85,186,371,54,15-08-2021,30-05-2026,4.53,4.62,4.4,4.62,4.77,4.78,4.41,6.25,255,19380,6,TRUE,38,17,FALSE
48033351,"Twin,shared bathroom,2mins walk to Jalan Besar MRT",328013026,Alex H,FALSE,6,TRUE,Rochor,Central Region,1.3062,103.85596,Room in boutique hotel,Private room,2,1,1,2,60,1,365,20,46,76,177,1093,171,07-09-2021,26-06-2026,4.55,4.61,4.44,4.72,4.78,4.73,4.49,18.66,255,15300,6,TRUE,30,18,FALSE
48033436,"Double,private bathroom,near to Jalan Besar MRT",328013026,Alex H,FALSE,6,TRUE,Rochor,Central Region,1.30469,103.85578,Room in boutique hotel,Private room,2,1,1,1,80,1,1125,28,58,88,190,148,12,31-07-2021,18-06-2026,4.41,4.55,4.39,4.57,4.74,4.73,4.34,2.47,72,5760,6,TRUE,40,18,FALSE
48034619,422 SQ.FT 1BR  AT WEST COAST/ CLEMENTI MRT STN,138649185,Sidharth,FALSE,492,TRUE,Clementi,West Region,1.30033,103.76588,Entire serviced apartment,Entire home/apt,2,1,1,1,555.67,6,1125,28,58,88,363,0,0,,,,,,,,,,,0,0,215,FALSE,277.835,36,FALSE
48085243,"Luxurious 2 bedroom 2 bath apartment, Jurong East",238891646,Neha,FALSE,131,TRUE,Jurong West,West Region,1.34649,103.72332,Entire rental unit,Entire home/apt,4,1,2,4,147.89,92,1125,28,58,88,363,0,0,,,,,,,,,,,0,0,131,FALSE,36.9725,25,FALSE
48098802,New Queen size bed room 2 mins to Downtown MRT,8978331,Jane,FALSE,11,TRUE,Downtown Core,Central Region,1.28172,103.85342,Private room in condo,Private room,2,1,1,2,35.04,92,1125,29,59,89,364,2,0,03-04-2021,30-12-2022,4.5,4.5,4,5,5,5,4.5,0.03,0,0,11,TRUE,17.52,13,FALSE
48127824,2BR AT WEST COAST NEAR CLEMENTI MRT STN,138649185,Sidharth,FALSE,492,TRUE,Clementi,West Region,1.30038,103.76371,Entire serviced apartment,Entire home/apt,4,2,2,2,810.83,6,1125,28,58,88,363,1,0,11-03-2022,11-03-2022,5,5,5,5,5,5,5,0.02,0,0,215,TRUE,202.7075,38,FALSE
48141144,"High-living 1-BR @ Orchard, Singapore",138649185,Sidharth,FALSE,492,TRUE,Newton,Central Region,1.30351,103.83823,Entire serviced apartment,Entire home/apt,2,1,1,2,192.04,92,1125,28,58,88,363,0,0,,,,,,,,,,,0,0,215,FALSE,96.02,55,FALSE
48153394,STUDIO APARTMENT AT FORT ROAD NEAR EAST COAST PARK,138649185,Sidharth,FALSE,492,TRUE,Marine Parade,Central Region,1.30082,103.88613,Entire serviced apartment,Entire home/apt,2,1,1,1,251.17,6,1125,0,28,58,327,1,0,27-02-2025,27-02-2025,4,5,4,4,3,4,4,0.06,0,0,215,TRUE,125.585,29,FALSE
48176330,STUDIO AT FORT ROAD NEAR EAST COAST PARK,138649185,Sidharth,FALSE,492,TRUE,Kallang,Central Region,1.30053,103.88421,Entire serviced apartment,Entire home/apt,2,1,1,1,221.71,7,1125,28,58,88,363,4,0,04-12-2021,05-06-2024,4.5,4.5,5,4.75,4.5,4.75,4.25,0.07,0,0,215,TRUE,110.855,29,FALSE
48191140,425 SQ FT. STUDIO APARTMENT AT FORT ROAD,138649185,Sidharth,FALSE,492,TRUE,Marine Parade,Central Region,1.30056,103.88594,Entire serviced apartment,Entire home/apt,2,1,1,1,260.86,7,1125,28,58,88,363,0,0,,,,,,,,,,,0,0,215,FALSE,130.43,29,FALSE
48265411,Modern & Relaxing Stay L2 @ Bugis/Orchard/Dhoby,55844797,Steph,FALSE,12,TRUE,Rochor,Central Region,1.30198,103.85033,Private room in rental unit,Private room,2,1,1,2,36.68,92,1125,0,2,32,123,3,0,06-05-2021,09-01-2022,4.67,4,4.67,5,5,5,3.67,0.05,0,0,12,TRUE,18.34,24,FALSE
48313505,Modern Asian Peranakan Gem 2,23874147,Adrian,FALSE,3,TRUE,Woodlands,North Region,1.43064,103.77327,Private room in rental unit,Private room,2,1,1,2,20.25,92,1125,26,56,86,361,8,0,20-04-2021,01-09-2024,4.88,5,4.88,4.88,5,4.75,4.88,0.13,0,0,3,TRUE,10.125,35,FALSE
48531484,设备齐全公寓 Super Host Quiet Studio Apartment in Bugis,148161755,Jan,TRUE,26,TRUE,Rochor,Central Region,1.29888,103.85204,Private room in serviced apartment,Private room,2,1,1,1,349.17,6,90,27,57,87,335,0,0,,,,,,,,,,,0,0,26,FALSE,174.585,51,FALSE
48531971,"500 M to JURONG EAST MRT, 2BR SPACE",138649185,Sidharth,FALSE,492,TRUE,Jurong East,West Region,1.33669,103.74073,Entire serviced apartment,Entire home/apt,4,1,2,4,116.05,92,1125,28,58,88,363,2,0,31-08-2022,20-11-2022,5,5,5,5,5,5,4.5,0.04,0,0,215,TRUE,29.0125,42,FALSE
48613065,【REST】Chinatown/Premier Deluxe Family Quad w Slide,256587033,Feng,FALSE,9,TRUE,Outram,Central Region,1.28303,103.84497,Room in boutique hotel,Private room,4,1,1,2,536,1,365,22,52,82,181,46,28,27-12-2021,23-05-2026,4.46,4.61,4.61,4.63,4.52,4.72,4.35,0.84,168,90048,9,TRUE,134,14,FALSE
48743492,[Chinatown]Executive Family Quad w Slide/2mins MRT,256587033,Feng,FALSE,9,TRUE,Outram,Central Region,1.28207,103.84271,Room in boutique hotel,Private room,2,1,1,2,429,1,365,9,28,58,155,3,0,08-02-2022,09-12-2022,4,4.33,4.33,4.67,5,4,4,0.06,0,0,9,TRUE,214.5,14,FALSE
49048346,"Double room,window,private bathroom -Tanjong Pagar",299971996,Ling,TRUE,7,TRUE,Outram,Central Region,1.27919,103.84514,Room in boutique hotel,Private room,2,1,1,1,124,1,1125,26,56,86,180,242,58,26-06-2021,07-06-2026,4.64,4.68,4.61,4.63,4.79,4.9,4.52,3.97,255,31620,7,TRUE,62,22,FALSE
49048569,"Double room, shared bathroom in Tanjong Pagar",299971996,Ling,TRUE,7,TRUE,Downtown Core,Central Region,1.27773,103.84547,Room in boutique hotel,Private room,2,1,1,1,84,1,1125,10,34,63,155,162,76,01-05-2021,26-06-2026,4.8,4.83,4.79,4.74,4.85,4.9,4.64,2.58,255,21420,7,TRUE,42,15,FALSE
49081728,"FOUR SEASONS HOTEL SINGAPORE, PREMIER ROOM",328368210,Luxury Hotel,FALSE,6,TRUE,River Valley,Central Region,1.30431,103.82952,Room in hotel,Private room,2,1,1,2,283.43,92,1125,29,59,89,364,0,0,,,,,,,,,,,0,0,6,FALSE,141.715,15,FALSE
49082424,"FOUR SEASONS HOTEL SINGAPORE, BOULEVARD ROOM",328368210,Luxury Hotel,FALSE,6,TRUE,Orchard,Central Region,1.30454,103.82954,Room in hotel,Private room,2,1,1,2,230.41,92,1125,29,59,89,364,0,0,,,,,,,,,,,0,0,6,FALSE,115.205,15,FALSE
49082585,"FOUR SEASONS HOTEL SINGAPORE, HYPOALLERGENIC ROOM",328368210,Luxury Hotel,FALSE,6,TRUE,Orchard,Central Region,1.30544,103.8296,Room in hotel,Private room,2,1,1,2,201.78,92,1125,29,59,89,364,0,0,,,,,,,,,,,0,0,6,FALSE,100.89,15,FALSE
49083516,"FOUR SEASONS HOTEL SINGAPORE, EXECUTIVE SUITE",328368210,Luxury Hotel,FALSE,6,TRUE,Orchard,Central Region,1.30487,103.8293,Room in hotel,Private room,2,1,1,2,226.6,92,1125,29,59,89,364,0,0,,,,,,,,,,,0,0,6,FALSE,113.3,15,FALSE
49083651,"FOUR SEASONS HOTEL SINGAPORE, ONE BEDROOM SUITE",328368210,Luxury Hotel,FALSE,6,TRUE,Orchard,Central Region,1.30457,103.82774,Room in hotel,Private room,2,1,1,2,311.6,92,1125,29,59,89,364,0,0,,,,,,,,,,,0,0,6,FALSE,155.8,15,FALSE
49099456,One Bedroom Executive Apartment at River Valley,238891646,Neha,FALSE,131,TRUE,River Valley,Central Region,1.29649,103.84203,Entire condo,Entire home/apt,2,1,1,2,129.46,92,1125,28,58,88,363,0,0,,,,,,,,,,,0,0,131,FALSE,64.73,16,FALSE
49428269,Lavender QueenBed Rm2: 5m walk MRT,2413412,Kaurus,FALSE,91,TRUE,Kallang,Central Region,1.30956,103.86201,Private room in rental unit,Private room,1,1,1,1,15.62,92,1125,0,30,60,335,0,0,,,,,,,,,,,0,0,91,FALSE,15.62,30,FALSE
49445304,Brilliant 4BR in the heart of Clementi,300765938,Xacco,FALSE,149,TRUE,Clementi,West Region,1.31974,103.7525,Entire serviced apartment,Entire home/apt,6,1,4,6,106.96,92,1125,29,59,89,364,0,0,,,,,,,,,,,0,0,52,FALSE,17.826666666666664,19,FALSE
49597391,Rent to 1 lady,342075612,Jane,FALSE,1,TRUE,Kallang,Central Region,1.31822,103.85549,Entire home,Entire home/apt,2,1,1,2,28.62,92,1125,29,59,89,364,0,0,,,,,,,,,,,0,0,1,FALSE,14.31,6,FALSE
49693917,Super Single Room in Marina Boulevard mins to MRT,8978331,Jane,FALSE,11,TRUE,Downtown Core,Central Region,1.28097,103.85391,Private room in rental unit,Private room,1,1,1,1,23.14,92,360,29,59,89,364,0,0,,,,,,,,,,,0,0,11,FALSE,23.14,7,FALSE
49863259,Heritage Collection on Seah Premium Loft Plus,23336011,Heritage,TRUE,82,TRUE,Downtown Core,Central Region,1.2958459854125977,103.85504150390624,Room in aparthotel,Entire home/apt,2,1,1,1,118,2,365,27,55,85,357,263,77,01-06-2021,28-06-2026,4.8,4.84,4.89,4.65,4.89,4.92,4.73,4.25,255,30090,71,TRUE,59,27,FALSE
49936029,【REST COLLECTION】牛车水-尊享豪华家庭房（滑梯)/距地铁站步行2分钟/超大屏幕投影,256587033,Feng,FALSE,9,TRUE,Outram,Central Region,1.28405,103.84357,Room in hotel,Private room,3,1,1,2,405,1,365,16,39,69,168,6,5,12-06-2025,19-02-2026,4.67,4.5,4.67,4.67,4.67,4.83,4.67,0.47,30,12150,9,TRUE,135,15,FALSE
49937277,"Classy 1-BR@CW Towers, Singapore",138649185,Sidharth,FALSE,492,TRUE,Queenstown,Central Region,1.2999,103.79909,Entire serviced apartment,Entire home/apt,2,1,1,2,90.63,92,1125,28,58,88,363,0,0,,,,,,,,,,,0,0,215,FALSE,45.315,44,FALSE
49951302,Single Pod (Front Entry) Mixed Shared Room,209260798,The Pod,TRUE,9,TRUE,Rochor,Central Region,1.30147,103.86155,Shared room in boutique hotel,Shared room,1,1,1,1,74,1,9999,29,59,89,361,24,2,25-05-2022,22-12-2025,4.58,4.71,4.5,4.96,4.88,4.83,4.71,0.48,12,888,9,TRUE,74,7,FALSE
50220613,"Economical & Equipped, Studio@Orchard, Singapore",138649185,Sidharth,FALSE,492,TRUE,River Valley,Central Region,1.2970244612475954,103.83638612584062,Entire serviced apartment,Entire home/apt,2,1,4,1,257.17,6,365,28,58,88,269,0,0,,,,,,,,,,,0,0,215,FALSE,128.585,44,FALSE
50229786,Lofty Ambitions | Incredible 360 View,300765938,Xacco,FALSE,149,TRUE,Clementi,West Region,1.31816,103.76098,Entire serviced apartment,Entire home/apt,8,1,4,8,140.02,92,1125,27,57,87,362,0,0,,,,,,,,,,,0,0,52,FALSE,17.5025,27,FALSE
50294480,"Cozy, comfortable and convenient supersingle bed room with free parking in CBD area, backyard of Orchard road. 3mins to Somerset MRT and 6mins to Dhoby Ghaut MRT, more than 25 bus lines, many famous shopping centers and Fort Canning Park nearby.",108476315,Jane,FALSE,3,TRUE,Orchard,Central Region,1.30124,103.83952,Private room in condo,Private room,1,1,1,1,17.75,92,1125,29,59,89,270,6,0,28-06-2021,05-04-2023,4.67,4.5,4.5,4.5,4.5,4.83,4.67,0.1,0,0,3,TRUE,17.75,29,FALSE
50340792,Lavender QueenBed Rm1: 5m walk MRT,2413412,Kaurus,FALSE,91,TRUE,Kallang,Central Region,1.30965,103.86018,Private room in rental unit,Private room,1,1,1,1,15.59,92,1125,0,30,60,335,0,0,,,,,,,,,,,0,0,91,FALSE,15.59,30,FALSE
50433019,Boat Stay (Floating Chalet),367322686,Zulfaizal,FALSE,1,TRUE,Punggol,North-East Region,1.4148,103.89859,Boat,Entire home/apt,5,1,1,5,115.61,92,1125,29,59,89,270,16,0,05-10-2021,25-09-2024,4.88,4.81,4.69,5,5,4.88,4.81,0.28,0,0,1,TRUE,23.122,56,FALSE
50476069,Cozy and Relaxing Single Ensuite @NUS (104),1439258,K2Guesthouse,FALSE,44,TRUE,Queenstown,Central Region,1.27971,103.78613,Room in boutique hotel,Private room,1,1,1,1,206,1,1125,12,27,57,141,2,0,17-08-2024,24-12-2024,4,4.5,4.5,4.5,4.5,4.5,3.5,0.09,0,0,44,TRUE,206,21,FALSE
50493423,STROLL FROM LAKESIDE MRT/JURONG Dist.,138649185,Sidharth,FALSE,492,TRUE,Jurong West,West Region,1.34652,103.72554,Entire serviced apartment,Entire home/apt,4,1,2,4,110.3,92,1125,28,58,88,363,0,0,,,,,,,,,,,0,0,215,FALSE,27.575,42,FALSE
50562391,Luxurious Master bedroom In City Centre,8978331,Jane,FALSE,11,TRUE,Downtown Core,Central Region,1.28142,103.85374,Private room in condo,Private room,2,1,1,2,39.61,92,665,27,57,87,362,1,0,15-08-2021,15-08-2021,5,5,5,5,5,5,5,0.02,0,0,11,TRUE,19.805,12,FALSE
50707898,Modern City View Apartment 3 min - Bras Basah MRT,148161755,Jan,TRUE,26,TRUE,Rochor,Central Region,1.29889,103.85178,Entire serviced apartment,Entire home/apt,2,1,1,1,350.5,6,90,27,57,87,335,1,0,13-12-2021,13-12-2021,5,5,5,5,5,5,5,0.02,0,0,26,TRUE,175.25,49,FALSE
50708702,City View Serviced Apartment National Library,148161755,Jan,TRUE,26,TRUE,Downtown Core,Central Region,1.29769,103.8536,Entire serviced apartment,Entire home/apt,2,1,1,1,342.5,6,90,26,56,86,334,7,3,07-10-2021,13-12-2025,5,5,5,5,5,5,4.86,0.12,36,12330,26,TRUE,171.25,49,FALSE
50719175,"PLEASANT STUDIO APARTMENT, 10 MINS WALK TO MRT",138649185,Sidharth,FALSE,492,TRUE,Downtown Core,Central Region,1.27433,103.84194,Entire serviced apartment,Entire home/apt,2,1,1,2,87.05,92,1125,28,58,88,363,0,0,,,,,,,,,,,0,0,215,FALSE,43.525,29,FALSE
50732473,Studio,409974776,The Initial,FALSE,5,TRUE,Novena,Central Region,1.32535,103.85167,Private room in serviced apartment,Private room,2,1,1,2,49.97,92,365,29,59,89,364,0,0,,,,,,,,,,,0,0,5,FALSE,24.985,9,FALSE
50732541,1 Bedroom Standard,409974776,The Initial,FALSE,5,TRUE,Novena,Central Region,1.3255,103.85017,Private room in serviced apartment,Private room,2,1,1,2,56.41,92,365,29,59,89,364,0,0,,,,,,,,,,,0,0,5,FALSE,28.205,9,FALSE
50732900,1 Bedroom Garden,409974776,The Initial,FALSE,5,TRUE,Novena,Central Region,1.32557,103.85022,Private room in serviced apartment,Private room,2,1,1,2,62.86,92,365,29,59,89,364,0,0,,,,,,,,,,,0,0,5,FALSE,31.43,9,FALSE
50733196,I bedroom Deluxe,409974776,The Initial,FALSE,5,TRUE,Novena,Central Region,1.32347,103.85145,Private room in serviced apartment,Private room,2,1,1,2,69.31,92,365,29,59,89,364,0,0,,,,,,,,,,,0,0,5,FALSE,34.655,9,FALSE
50733227,1 Bedroom Suite,409974776,The Initial,FALSE,5,TRUE,Novena,Central Region,1.32321,103.84982,Private room in serviced apartment,Private room,2,1,1,2,75.76,92,365,29,59,89,364,0,0,,,,,,,,,,,0,0,5,FALSE,37.88,9,FALSE
50737006,Comfy Service Apartment 2 mins to Bras Basah MRT,148161755,Jan,TRUE,26,TRUE,Rochor,Central Region,1.29726,103.85199,Entire serviced apartment,Entire home/apt,2,1,1,1,342.5,6,90,26,56,86,328,21,4,28-08-2021,31-12-2025,4.86,4.86,4.95,4.81,4.95,4.95,4.81,0.36,48,16440,26,TRUE,171.25,38,FALSE
50822490,Spacious Studio Apartment 现代住宅城市公寓 | 包括无线网络和家政服务,148161755,Jan,TRUE,26,TRUE,Downtown Core,Central Region,1.29714,103.8535,Private room in serviced apartment,Private room,2,1,1,1,350.5,6,90,27,57,87,329,3,0,11-12-2021,24-09-2024,5,5,5,5,5,5,5,0.05,0,0,26,TRUE,175.25,41,FALSE
50822918,宁静 干净  CBD Central Studio Apartment | 免费WiFi 服务式公寓,148161755,Jan,TRUE,26,TRUE,Rochor,Central Region,1.29706,103.85196,Entire serviced apartment,Entire home/apt,2,1,1,1,342.5,6,90,26,56,86,334,13,0,27-08-2021,11-10-2024,4.77,4.85,4.77,4.54,4.85,4.92,4.69,0.22,0,0,26,TRUE,171.25,40,FALSE
50823263,City Studio Apartment near City Hall 物超所值优质性服务式公寓,148161755,Jan,TRUE,26,TRUE,Downtown Core,Central Region,1.29692,103.85279,Entire serviced apartment,Entire home/apt,2,1,1,1,342.5,6,90,27,57,87,335,0,0,,,,,,,,,,,0,0,26,FALSE,171.25,49,FALSE
50823476,CBD Modern Studio Apartment Singapore Flyer View,148161755,Jan,TRUE,26,TRUE,Rochor,Central Region,1.29888,103.85315,Entire serviced apartment,Entire home/apt,2,1,1,1,399.5,6,90,25,55,85,333,1,0,31-07-2023,31-07-2023,5,5,5,5,5,5,5,0.03,0,0,26,TRUE,199.75,40,FALSE
50823783,Spacious Studio Apartment | 城市漂亮观景 | 高速互联网 适合居家办公,148161755,Jan,TRUE,26,TRUE,Rochor,Central Region,1.29686,103.85213,Entire serviced apartment,Entire home/apt,2,1,1,1,411.33,6,90,25,55,85,333,0,0,,,,,,,,,,,0,0,26,FALSE,205.665,41,FALSE
50844665,En suite double room in a loft penthouse,32232191,Anthony,FALSE,3,TRUE,Tanglin,Central Region,1.2931220531463623,103.83050537109376,Private room in condo,Private room,1,1,1,1,43.49,92,1125,22,22,22,233,2,0,03-10-2022,04-12-2023,5,5,5,5,5,5,5,0.04,0,0,3,TRUE,43.49,46,FALSE
51002244,Private room nearby NUS/Clementi at west coast,67840264,Jeremy,FALSE,1,TRUE,Clementi,West Region,1.31979,103.75252,Private room in condo,Private room,1,1,1,1,55.31,92,365,29,59,89,270,0,0,,,,,,,,,,,0,0,1,FALSE,55.31,17,FALSE
51075717,"Single room, window, shared bathroom in Chinatown",223971227,Fang,FALSE,32,TRUE,Outram,Central Region,1.282564961084461,103.8458408184433,Room in boutique hotel,Private room,1,1,1,1,114,1,365,24,54,84,178,236,49,24-11-2021,26-06-2026,4.65,4.72,4.51,4.63,4.8,4.91,4.54,4.22,255,29070,6,TRUE,114,18,FALSE
51076382,"Double,window,private bathroom -Jalan Besar MRT",328013026,Alex H,FALSE,6,TRUE,Rochor,Central Region,1.30663,103.85602,Room in boutique hotel,Private room,2,1,1,1,84,1,1125,29,59,89,191,336,82,31-07-2021,28-06-2026,4.53,4.5,4.47,4.67,4.77,4.67,4.38,5.62,255,21420,6,TRUE,42,20,FALSE
51131949,"Single room,window shared bathroom  Tanjong Pagar",299971996,Ling,TRUE,7,TRUE,Downtown Core,Central Region,1.27793,103.84522,Room in boutique hotel,Private room,1,1,1,1,76,1,365,27,57,87,183,84,22,25-08-2021,08-06-2026,4.69,4.76,4.76,4.68,4.87,4.9,4.52,1.42,132,10032,7,TRUE,76,17,FALSE
51223656,Luxurious Queen Sized Room In City Centre,8978331,Jane,FALSE,11,TRUE,Downtown Core,Central Region,1.28101,103.85378,Private room in condo,Private room,2,1,1,2,29.65,92,356,29,59,89,364,1,0,02-09-2023,02-09-2023,5,5,5,5,5,5,5,0.03,0,0,11,TRUE,14.825,12,FALSE
51337824,1BR IN THE HEART OF SINGAPORE NEAR ORCHARD MRT,138649185,Sidharth,FALSE,492,TRUE,River Valley,Central Region,1.2983,103.83294,Entire serviced apartment,Entire home/apt,2,1,1,2,89.46,92,1125,28,58,88,363,0,0,,,,,,,,,,,0,0,215,FALSE,44.73,39,FALSE
51338514,RUSH FROM YOUR 1BR TO MEI LING MRKT/QUEENSTOWN MRT,138649185,Sidharth,FALSE,492,TRUE,Queenstown,Central Region,1.29509,103.80579,Entire serviced apartment,Entire home/apt,2,1,1,2,91.17,92,1125,28,58,88,363,0,0,,,,,,,,,,,0,0,215,FALSE,45.585,39,FALSE
51357661,400 SQFT STUDIO NEAR KENT RIDGE PARK,138649185,Sidharth,FALSE,492,TRUE,Queenstown,Central Region,1.2824,103.78262,Entire serviced apartment,Entire home/apt,2,1,1,2,85.13,92,1125,28,58,88,363,0,0,,,,,,,,,,,0,0,215,FALSE,42.565,34,FALSE
51548417,ENJOY THE SUNSET EVERYDAY AT BISHAN ST. 2BR/2BATH,138649185,Sidharth,FALSE,492,TRUE,Bishan,Central Region,1.34837,103.8536,Entire serviced apartment,Entire home/apt,4,1,2,4,97.75,92,1125,28,58,88,363,0,0,,,,,,,,,,,0,0,215,FALSE,24.4375,38,FALSE
51573604,MODERN 3BR APARTMENT IN THE VIBRANT WEST COAST DR,138649185,Sidharth,FALSE,492,TRUE,Clementi,West Region,1.31715,103.76133,Entire serviced apartment,Entire home/apt,6,1,3,6,99.58,92,1125,28,58,88,363,0,0,,,,,,,,,,,0,0,215,FALSE,16.596666666666668,35,FALSE
51593286,"Haig Rd/East Coast 1BR, Dakota MRT Station",138649185,Sidharth,FALSE,492,TRUE,Marine Parade,Central Region,1.30567,103.89778,Entire serviced apartment,Entire home/apt,2,1,1,2,68.48,92,1125,28,58,88,363,0,0,,,,,,,,,,,0,0,215,FALSE,34.24,40,FALSE
51660574,Boat Quay Studio Premium Plus (Quayside Wing),23336011,Heritage,TRUE,82,TRUE,Singapore River,Central Region,1.2882570028305054,103.84925842285156,Room in aparthotel,Entire home/apt,2,1,1,1,144.5,2,365,28,58,88,360,23,8,13-06-2022,05-04-2026,4.74,4.7,4.78,4.65,4.91,4.7,4.61,0.47,48,6936,71,TRUE,72.25,25,FALSE
51660773,Boat Quay Studio (Quayside Wing),23336011,Heritage,TRUE,82,TRUE,Singapore River,Central Region,1.2882570028305054,103.84925842285156,Room in aparthotel,Entire home/apt,2,1,1,1,129,1,365,27,57,87,362,188,22,15-02-2022,28-06-2026,4.77,4.79,4.86,4.57,4.91,4.79,4.66,3.53,132,17028,71,TRUE,64.5,18,FALSE
51661055,Boat Quay Studio Plus No Window (Quayside Wing),23336011,Heritage,TRUE,82,TRUE,Singapore River,Central Region,1.2882570028305054,103.84925842285156,Room in aparthotel,Entire home/apt,2,1,1,1,165,2,365,25,55,85,360,103,52,17-09-2022,27-06-2026,4.89,4.95,4.92,4.7,4.89,4.96,4.8,2.24,255,42075,71,TRUE,82.5,23,FALSE
51661224,Boat Quay Studio No Window (Quayside Wing),23336011,Heritage,TRUE,82,TRUE,Singapore River,Central Region,1.2882570028305054,103.84925842285156,Room in aparthotel,Entire home/apt,2,1,1,1,212,1,365,17,43,73,348,214,31,12-09-2021,23-06-2026,4.86,4.91,4.93,4.65,4.92,4.91,4.77,3.66,186,39432,71,TRUE,106,23,FALSE
51759139,Vibrant 1BR Located in the Heart of CBD-Singapore,138649185,Sidharth,FALSE,492,TRUE,Downtown Core,Central Region,1.27751,103.8474,Entire serviced apartment,Entire home/apt,2,1,1,2,226.07,92,1125,28,58,88,363,3,0,25-06-2022,03-04-2024,5,5,5,4.67,5,5,4.67,0.06,0,0,215,TRUE,113.035,48,FALSE
51898390,"CLASSY 2-BR@CW Towers/Queenstown, Singapore",138649185,Sidharth,FALSE,492,TRUE,Queenstown,Central Region,1.29978,103.79959,Entire serviced apartment,Entire home/apt,4,1,2,4,116.04,92,1125,28,58,88,363,2,0,05-11-2021,29-05-2022,4.5,5,5,4.5,4.5,5,4.5,0.04,0,0,215,TRUE,29.01,40,FALSE
51931255,Boat Quay Premium Loft River view(Quayside Wing),23336011,Heritage,TRUE,82,TRUE,Singapore River,Central Region,1.2882570028305054,103.84925842285156,Room in aparthotel,Entire home/apt,2,1,1,1,251,1,365,18,48,78,344,77,8,03-03-2022,29-05-2026,4.88,4.86,4.86,4.62,4.95,4.96,4.68,1.46,48,12048,71,TRUE,125.5,22,FALSE
51931450,Boat Quay Studio Plus (Quayside Wing),23336011,Heritage,TRUE,82,TRUE,Singapore River,Central Region,1.2882570028305054,103.84925842285156,Room in aparthotel,Entire home/apt,2,1,1,1,137.5,2,365,28,58,88,359,32,6,03-05-2022,19-04-2026,4.91,4.91,4.97,4.69,5,4.75,4.84,0.63,36,4950,71,TRUE,68.75,22,FALSE
51931632,Boat Quay Studio Premium River View(Quayside Wing),23336011,Heritage,TRUE,82,TRUE,Singapore River,Central Region,1.2882570028305054,103.84925842285156,Room in aparthotel,Entire home/apt,2,1,1,1,258,2,365,18,40,70,334,22,4,05-12-2021,21-06-2026,4.68,4.68,4.86,4.77,4.91,4.77,4.73,0.4,24,6192,71,TRUE,129,21,FALSE
51946794,Boat Quay Loft Apartment (Quayside Wing),23336011,Heritage,TRUE,82,TRUE,Singapore River,Central Region,1.2882570028305054,103.84925842285156,Room in aparthotel,Entire home/apt,2,1,1,1,162,1,365,22,50,80,355,21,2,31-10-2021,11-06-2026,4.62,4.71,4.9,4.57,4.81,4.67,4.33,0.37,12,1944,71,TRUE,81,23,FALSE
51946940,Boat Quay Loft No Window Apartment (Quayside Wing),23336011,Heritage,TRUE,82,TRUE,Singapore River,Central Region,1.2882570028305054,103.84925842285156,Room in aparthotel,Entire home/apt,2,1,1,1,197,1,365,10,29,56,328,33,3,31-03-2022,29-01-2026,4.64,4.67,4.76,4.36,4.82,4.73,4.61,0.64,18,3546,71,TRUE,98.5,21,FALSE
51947045,Boat Quay Studio Single No Window (Quayside Wing),23336011,Heritage,TRUE,82,TRUE,Singapore River,Central Region,1.2882570028305054,103.84925842285156,Room in aparthotel,Entire home/apt,1,1,1,1,143,1,365,25,55,85,356,50,8,28-02-2022,26-06-2026,4.78,4.84,4.9,4.64,4.92,4.86,4.74,0.95,48,6864,71,TRUE,143,25,FALSE
51996111,1BR AT CANTONMENT ROAD IN THE HEART OF DOWNTOWN,138649185,Sidharth,FALSE,492,TRUE,Outram,Central Region,1.27477,103.84228,Entire serviced apartment,Entire home/apt,2,1,1,2,98.08,92,1125,28,58,88,363,0,0,,,,,,,,,,,0,0,215,FALSE,49.04,32,FALSE
51997726,"NEWLY LAUNCHED 3BR@CLEMENTI, SINGAPORE",138649185,Sidharth,FALSE,492,TRUE,Clementi,West Region,1.30701,103.76976,Entire serviced apartment,Entire home/apt,6,1,3,6,138.58,92,1125,28,58,88,363,0,0,,,,,,,,,,,0,0,215,FALSE,23.096666666666668,41,FALSE
52062009,Raffles Loft (with DeluxeBalcony & iconic MBSView),23336011,Heritage,TRUE,82,TRUE,Singapore River,Central Region,1.28905,103.84844,Room in aparthotel,Entire home/apt,2,1,1,1,421,1,365,12,33,51,316,27,3,04-11-2021,21-03-2026,4.44,4.44,4.85,4.56,4.85,4.37,4.22,0.48,18,7578,71,TRUE,210.5,19,FALSE
52062197,Stamford Studio (with Balcony & iconic MBS View),23336011,Heritage,TRUE,82,TRUE,Singapore River,Central Region,1.28717,103.84836,Room in aparthotel,Entire home/apt,2,1,1,1,428,1,365,18,38,68,327,28,5,17-10-2021,27-06-2026,4.46,4.68,4.93,4.25,4.68,4.61,4.36,0.49,30,12840,71,TRUE,214,19,FALSE
52157275,Spacious and comfortable 3 bedroom apartment,238891646,Neha,FALSE,131,TRUE,Clementi,West Region,1.30785,103.76787,Entire condo,Entire home/apt,6,1,3,6,162.64,92,1125,28,58,88,363,2,0,07-03-2022,04-05-2023,3,2.5,4.5,3,3.5,4,2.5,0.04,0,0,131,TRUE,27.106666666666666,14,FALSE
52289477,One bedroom unit at Jurong East,238891646,Neha,FALSE,131,TRUE,Jurong East,West Region,1.33546,103.74329,Entire condo,Entire home/apt,2,1,1,2,111.02,92,1125,28,58,88,363,0,0,,,,,,,,,,,0,0,131,FALSE,55.51,12,FALSE
52357276,Heritage Collection on Arab - Studio No Window,23336011,Heritage,TRUE,82,TRUE,Rochor,Central Region,1.301373005,103.85912322998048,Room in aparthotel,Entire home/apt,2,1,1,1,120,1,365,13,31,59,328,190,34,23-12-2021,28-06-2026,4.74,4.82,4.83,4.67,4.89,4.87,4.67,3.45,204,24480,71,TRUE,60,24,FALSE
52357563,Heritage Collection on Arab -  Studio,23336011,Heritage,TRUE,82,TRUE,Rochor,Central Region,1.301373005,103.85912322998048,Room in aparthotel,Entire home/apt,2,1,1,1,114,1,365,19,39,63,335,25,5,29-01-2022,28-12-2025,4.56,4.52,4.96,4.72,4.92,4.76,4.32,0.46,30,3420,71,TRUE,57,25,FALSE
52357696,Heritage Collection on Arab - Studio Single,23336011,Heritage,TRUE,82,TRUE,Rochor,Central Region,1.301373005,103.85912322998048,Room in aparthotel,Entire home/apt,1,1,1,1,155,1,365,12,37,64,335,45,13,20-04-2022,12-06-2026,4.73,4.6,4.76,4.56,4.89,4.67,4.44,0.88,78,12090,71,TRUE,155,25,FALSE
52357956,Heritage Collection on Arab - Loft (with Balcony),23336011,Heritage,TRUE,82,TRUE,Rochor,Central Region,1.301373005,103.85912322998048,Room in aparthotel,Entire home/apt,2,1,1,1,237,1,365,10,26,52,304,33,6,09-01-2022,01-06-2026,4.7,4.79,4.79,4.82,4.91,4.88,4.58,0.61,36,8532,71,TRUE,118.5,20,FALSE
52358231,Premium studio at Havelock road,238891646,Neha,FALSE,131,TRUE,Bukit Merah,Central Region,1.29044,103.83248,Entire condo,Entire home/apt,2,1,1,2,85.22,92,1125,28,58,88,363,0,0,,,,,,,,,,,0,0,131,FALSE,42.61,15,FALSE
52359332,"Heritage Vibes in 2BR, River Valley-Singapore",138649185,Sidharth,FALSE,492,TRUE,River Valley,Central Region,1.29308,103.84129,Entire serviced apartment,Entire home/apt,3,1,2,3,100.46,90,1125,28,58,88,363,14,0,21-01-2022,18-02-2024,4.5,4.43,4.43,4.93,4.79,4.86,4.5,0.26,0,0,215,TRUE,33.486666666666665,43,FALSE
52396348,"Central & Comfort Studio @Queen Street, Singapore",138649185,Sidharth,FALSE,492,TRUE,Downtown Core,Central Region,1.29714,103.85355,Entire serviced apartment,Entire home/apt,2,1,1,2,73.74,92,1125,28,58,88,363,0,0,,,,,,,,,,,0,0,215,FALSE,36.87,42,FALSE
52522468,Walk to Marina Bay MRT/ Up-Scale 2BR Space,138649185,Sidharth,FALSE,492,TRUE,Downtown Core,Central Region,1.27757,103.84827,Entire serviced apartment,Entire home/apt,4,1,2,4,519.01,92,1125,28,58,88,363,0,0,,,,,,,,,,,0,0,215,FALSE,129.7525,39,FALSE
52575543,Heritage Collection on Arab Studio Single NoWindow,23336011,Heritage,TRUE,82,TRUE,Rochor,Central Region,1.301373005,103.85912322998048,Room in aparthotel,Entire home/apt,1,1,1,1,131,1,365,8,22,38,285,38,9,10-03-2022,07-05-2026,4.82,4.74,4.89,4.66,4.87,4.89,4.5,0.72,54,7074,71,TRUE,131,17,FALSE
52575637,Heritage Collection on Arab- Loft Single No Window,23336011,Heritage,TRUE,82,TRUE,Rochor,Central Region,1.301373005,103.85912322998048,Room in aparthotel,Entire home/apt,1,1,1,1,112,2,365,5,29,59,334,80,12,04-09-2022,17-06-2026,4.86,4.85,4.91,4.7,4.9,4.9,4.71,1.72,72,8064,71,TRUE,112,25,FALSE
52663333,"BALESTIER STUDIO, MINS DRIVE TO MALL & HOSPITAL",138649185,Sidharth,FALSE,492,TRUE,Novena,Central Region,1.32013,103.85287,Entire serviced apartment,Entire home/apt,2,1,1,2,386.17,6,1125,28,58,88,363,0,0,,,,,,,,,,,0,0,215,FALSE,193.085,45,FALSE
52664352,"35sqm 1-BR NOVENA, MINS DRIVE TO MALL & HOSPITAL",138649185,Sidharth,FALSE,492,TRUE,Novena,Central Region,1.32004,103.85217,Entire serviced apartment,Entire home/apt,2,1,1,1,436.33,6,1125,28,58,88,363,0,0,,,,,,,,,,,0,0,215,FALSE,218.165,49,FALSE
52680716,"Smartly Designed 1 BR in Novena, 6 mins to MRT",138649185,Sidharth,FALSE,492,TRUE,Novena,Central Region,1.32005,103.85216,Entire serviced apartment,Entire home/apt,2,1,1,2,113.71,92,1125,28,58,88,363,0,0,,,,,,,,,,,0,0,215,FALSE,56.855,39,FALSE
52681365,2BR in Central Area with a Luxurious Touch,138649185,Sidharth,FALSE,492,TRUE,Museum,Central Region,1.29873,103.8494,Entire serviced apartment,Entire home/apt,4,2,2,2,1243.5,6,1125,28,58,88,363,2,0,19-11-2023,16-06-2024,4.5,5,4.5,4.5,5,5,4.5,0.06,0,0,215,TRUE,310.875,34,TRUE
52767590,"Homey 1BR in Bukit Timah Rd, stroll from MRT",138649185,Sidharth,FALSE,492,TRUE,Tanglin,Central Region,1.31834,103.8278,Entire serviced apartment,Entire home/apt,2,1,1,2,62.58,92,1125,28,58,88,363,0,0,,,,,,,,,,,0,0,215,FALSE,31.29,33,FALSE
52786412,MINS TO ORCHARD; CHARMING 3BR @ANDERSON RD,138649185,Sidharth,FALSE,492,TRUE,Tanglin,Central Region,1.31032,103.82681,Entire serviced apartment,Entire home/apt,6,1,3,6,182.09,92,1125,28,58,88,363,0,0,,,,,,,,,,,0,0,215,FALSE,30.348333333333333,39,FALSE
52815766,Super single room in CBD minutes away from MRT,8978331,Jane,FALSE,11,TRUE,Downtown Core,Central Region,1.28159,103.85183,Private room in rental unit,Private room,1,1,1,1,29.8,92,365,28,58,88,363,0,0,,,,,,,,,,,0,0,11,FALSE,29.8,7,FALSE
52911736,"Pleasant 2 BR in Clarke Quay, 3 mins stroll to MRT",138649185,Sidharth,FALSE,492,TRUE,Singapore River,Central Region,1.29131,103.842,Entire serviced apartment,Entire home/apt,4,1,2,4,148.1,92,1125,28,58,88,363,5,0,28-01-2022,21-09-2024,4.2,4,4,4.4,4.2,5,3.8,0.09,0,0,215,TRUE,37.025,38,FALSE
52929689,"Walk to Mt. Elizabeth, Splendid Studio (37sqm)",138649185,Sidharth,FALSE,492,TRUE,Novena,Central Region,1.32563,103.84532,Entire serviced apartment,Entire home/apt,2,1,1,1,442.5,6,1125,28,58,88,363,0,0,,,,,,,,,,,0,0,215,FALSE,221.25,35,FALSE
52970813,Lovely 3 bedroom,405511511,Lim,FALSE,2,TRUE,Kallang,Central Region,1.32001,103.86503,Room in hotel,Private room,6,1,3,6,80.32,92,1125,29,59,89,270,0,0,,,,,,,,,,,0,0,2,FALSE,13.386666666666665,16,FALSE
52977792,"Heritage Vibes in 1BR, River Valley-Singapore",138649185,Sidharth,FALSE,492,TRUE,River Valley,Central Region,1.29334,103.8396,Entire serviced apartment,Entire home/apt,2,1,1,2,89.13,90,1125,28,58,88,363,4,0,26-08-2022,15-03-2024,4.75,5,4.75,4.5,4.75,5,4.5,0.09,0,0,215,TRUE,44.565,44,FALSE
53014553,Double Aircon Room Near Changi Airport Singapore,391575732,Herman,FALSE,2,TRUE,Sengkang,North-East Region,1.38917,103.89659,Private room in condo,Private room,2,1,1,2,35.97,92,1125,29,59,89,364,1,0,12-12-2021,12-12-2021,5,5,5,5,5,5,5,0.02,0,0,2,TRUE,17.985,26,FALSE
53035232,Lovely 1 private bedroom available,429335705,Farisha,FALSE,1,TRUE,Yishun,North Region,1.43915,103.83648,Private room in rental unit,Private room,1,1,1,1,18.45,92,365,29,59,89,364,0,0,,,,,,,,,,,0,0,1,FALSE,18.45,3,FALSE
53038612,Premium 2BR in Central Area with a Luxurious Touch,138649185,Sidharth,FALSE,492,TRUE,Rochor,Central Region,1.29829,103.85164,Entire serviced apartment,Entire home/apt,4,2,2,2,1351,6,1125,28,58,88,363,1,0,03-08-2023,03-08-2023,5,5,5,5,5,5,5,0.03,0,0,215,TRUE,337.75,34,TRUE
53057197,Studio Executive Suite,429031523,Serenena,FALSE,2,TRUE,River Valley,Central Region,1.29854,103.8416,Room in hotel,Private room,4,1,1,4,93.68,92,1125,29,59,89,364,0,0,,,,,,,,,,,0,0,2,FALSE,23.42,9,FALSE
53057294,Studio Suite with kitchen,429031523,Serenena,FALSE,2,TRUE,Orchard,Central Region,1.2992,103.84138,Room in hotel,Private room,4,1,1,4,86.49,92,1125,29,59,89,364,0,0,,,,,,,,,,,0,0,2,FALSE,21.6225,8,FALSE
53070791,Beautiful 2BR Apartment in River Valley,138649185,Sidharth,FALSE,492,TRUE,River Valley,Central Region,1.29915,103.83961,Entire serviced apartment,Entire home/apt,4,2,2,3,954,6,1125,28,58,88,363,1,0,25-10-2022,25-10-2022,5,5,5,5,5,5,5,0.02,0,0,215,TRUE,238.5,36,FALSE
53073961,Novena Serviced apartment-Executive one bedroom 11,24496358,Katherine,TRUE,53,TRUE,Novena,Central Region,1.31763,103.84865,Entire serviced apartment,Entire home/apt,4,1,1,1,274,6,365,4,34,64,308,8,0,03-01-2022,23-12-2023,4.75,4.75,4.88,4.88,4.88,4.88,4.5,0.15,0,0,53,TRUE,68.5,31,FALSE
53100793,Super Single room in CBD - Mins away from MRT,8978331,Jane,FALSE,11,TRUE,Downtown Core,Central Region,1.28149,103.85163,Private room in rental unit,Private room,1,1,1,1,27.85,92,365,28,58,88,363,0,0,,,,,,,,,,,0,0,11,FALSE,27.85,7,FALSE
53103357,Deluxe Studio Located In The Hear Of Central,138649185,Sidharth,FALSE,492,TRUE,Downtown Core,Central Region,1.27743,103.84837,Entire serviced apartment,Entire home/apt,2,1,1,2,166.21,92,1125,28,58,88,363,0,0,,,,,,,,,,,0,0,215,FALSE,83.105,31,FALSE
53119442,Novena City Apt_Modern Deluxe Queen Suite 02,50965838,Yiyi,TRUE,16,TRUE,Novena,Central Region,1.318528,103.847511,Entire serviced apartment,Entire home/apt,3,1,1,1,241.17,6,365,29,59,89,245,6,2,05-04-2023,13-02-2026,4.67,4.83,4.83,4.67,4.83,4.83,4.33,0.15,24,5788,16,TRUE,80.39,50,FALSE
53122920,Novena Serviced Apartment-Executive One bedroom 7,68059127,Wei,TRUE,50,TRUE,Novena,Central Region,1.318528,103.847511,Entire serviced apartment,Entire home/apt,4,1,1,1,274,6,1125,18,48,78,322,2,0,05-01-2023,21-09-2023,5,5,5,5,5,5,5,0.05,0,0,50,TRUE,68.5,27,FALSE
53123488,Novena Serviced Apartment-Premium One bedroom 4,68059127,Wei,TRUE,50,TRUE,Novena,Central Region,1.3178,103.8483,Entire serviced apartment,Entire home/apt,3,1,1,3,71.75,92,1125,7,37,67,311,1,0,22-02-2022,22-02-2022,5,5,5,5,5,5,5,0.02,0,0,50,TRUE,23.916666666666668,27,FALSE
53137763,Lovely one bedroom apartment at Novena,238891646,Neha,FALSE,131,TRUE,Novena,Central Region,1.31734,103.84217,Entire condo,Entire home/apt,2,1,1,2,111.02,92,365,29,59,89,364,0,0,,,,,,,,,,,0,0,131,FALSE,55.51,7,FALSE
53138620,STAY AT THE 1BR LUXURY AT BUSTLING- ORCHARD RD,138649185,Sidharth,FALSE,492,TRUE,Orchard,Central Region,1.30274,103.83989,Entire serviced apartment,Entire home/apt,2,1,1,1,503.83,6,1125,28,58,88,363,0,0,,,,,,,,,,,0,0,215,FALSE,251.915,39,FALSE
53166174,Novena Serviced Apartment-Premium One bedroom 8,68059127,Wei,TRUE,50,TRUE,Novena,Central Region,1.31921,103.84676,Entire serviced apartment,Entire home/apt,4,1,1,1,229.5,6,1125,16,46,76,320,14,2,01-01-2022,03-05-2026,4.71,4.86,4.79,4.93,4.86,4.71,4.5,0.26,24,5508,50,TRUE,57.375,23,FALSE
53174768,Novena Serviced Apartment- Premier One bedroom 1,24496358,Katherine,TRUE,53,TRUE,Novena,Central Region,1.318528,103.847511,Entire serviced apartment,Entire home/apt,4,1,1,1,254.17,6,300,9,39,62,310,36,1,15-01-2022,14-02-2026,4.94,4.92,4.89,4.97,5,4.81,4.64,0.66,12,3050,53,TRUE,63.5425,26,FALSE
53175628,NOVENA Serviced apartment-Executive one bedroom 10,68059127,Wei,TRUE,50,TRUE,Novena,Central Region,1.31781,103.84852,Entire serviced apartment,Entire home/apt,3,1,1,1,274,6,1125,2,32,62,306,1,0,31-01-2024,31-01-2024,4,5,5,5,5,4,4,0.03,0,0,50,TRUE,91.33333333333333,29,FALSE
53175850,NOVENA Serviced Apartment-Premium One bedroom 5,68059127,Wei,TRUE,50,TRUE,Novena,Central Region,1.31761,103.84837,Entire serviced apartment,Entire home/apt,4,1,1,1,252.83,6,1125,10,40,70,314,6,0,03-12-2021,11-03-2024,4.5,5,5,4.83,5,4.33,4.67,0.11,0,0,50,TRUE,63.2075,29,FALSE
53193333,Novena City Comfort Serviced Apt Premium Suite 03,50965838,Yiyi,TRUE,16,TRUE,Novena,Central Region,1.318528,103.847511,Entire serviced apartment,Entire home/apt,4,1,1,1,270,6,365,29,59,89,243,2,1,31-08-2023,07-10-2025,5,5,5,5,5,4,4.5,0.06,12,3240,16,TRUE,67.5,49,FALSE
53196067,Novena City Comfort Serviced Apt Premium Suite 05,50965838,Yiyi,TRUE,16,TRUE,Novena,Central Region,1.318528,103.847511,Entire serviced apartment,Entire home/apt,4,1,1,1,261,6,365,29,59,89,243,11,0,14-12-2021,07-09-2023,4.64,4.55,4.64,4.64,4.64,4.55,4.36,0.2,0,0,16,TRUE,65.25,44,FALSE
53196481,Novena City Apt_Modern Deluxe Queen Suite 01,50965838,Yiyi,TRUE,16,TRUE,Novena,Central Region,1.3196,103.84804,Entire serviced apartment,Entire home/apt,3,1,1,1,242.5,6,365,29,59,89,243,4,0,19-12-2021,31-05-2024,5,4.5,4.75,5,5,4.75,4.5,0.07,0,0,16,TRUE,80.83333333333333,55,FALSE
53209302,Lovely 1 bedroom in condo,96718721,Irene,FALSE,11,TRUE,Kallang,Central Region,1.3115,103.85708,Private room in condo,Private room,1,1,1,1,36.88,92,1125,29,59,89,364,0,0,,,,,,,,,,,0,0,11,FALSE,36.88,3,FALSE
53222711,Novena Serviced apartment- Executive one bedroom 2,24496358,Katherine,TRUE,53,TRUE,Novena,Central Region,1.31758,103.84717,Entire serviced apartment,Entire home/apt,4,1,1,1,238.76,6,730,25,55,85,329,23,3,27-02-2022,03-06-2026,4.91,4.96,4.87,4.91,4.96,4.78,4.48,0.44,36,8595,53,TRUE,59.69,31,FALSE
53260515,Novena Serviced apartment-Executive One Bedroom 10,24496358,Katherine,TRUE,53,TRUE,Novena,Central Region,1.31954,103.84712,Entire serviced apartment,Entire home/apt,4,1,1,1,263.17,6,1125,16,46,76,320,24,5,19-02-2022,30-05-2026,4.92,5,4.92,5,5,4.96,4.79,0.45,60,15790,53,TRUE,65.7925,29,FALSE
53260824,Novena Serviced Apartment-Premier One bedroom 4,24496358,Katherine,TRUE,53,TRUE,Novena,Central Region,1.318528,103.847511,Entire serviced apartment,Entire home/apt,3,1,1,1,254.17,6,1125,4,34,64,308,4,0,15-03-2022,03-06-2024,4.75,5,5,5,5,5,4.75,0.08,0,0,53,TRUE,84.72333333333333,29,FALSE
53270162,Novena City Apt_Modern Deluxe Queen Suite 03,50965838,Yiyi,TRUE,16,TRUE,Novena,Central Region,1.318528,103.847511,Entire serviced apartment,Entire home/apt,3,1,1,1,238.83,6,365,29,59,89,242,4,0,22-10-2022,21-03-2025,5,5,5,4.5,5,4.75,4.75,0.09,0,0,16,TRUE,79.61,55,FALSE
53281701,Novena City Apt_Modern Deluxe Queen Suite 04,50965838,Yiyi,TRUE,16,TRUE,Novena,Central Region,1.318528,103.847511,Entire serviced apartment,Entire home/apt,3,1,1,1,241.5,6,365,29,59,89,242,23,4,19-12-2021,23-02-2026,4.91,4.91,4.91,4.87,4.87,4.87,4.74,0.42,48,11592,16,TRUE,80.5,45,FALSE
53301824,Novena City Comfort Serviced Apt Premium Suite 01,50965838,Yiyi,TRUE,16,TRUE,Novena,Central Region,1.318528,103.847511,Entire serviced apartment,Entire home/apt,4,1,1,1,264.83,6,365,13,43,73,227,10,3,23-01-2022,21-12-2025,5,5,5,4.9,4.9,4.8,4.7,0.19,36,9534,16,TRUE,66.2075,46,FALSE
53346651,Two bedroom apartment at Queenstown,238891646,Neha,FALSE,131,TRUE,Queenstown,Central Region,1.30151,103.79785,Entire condo,Entire home/apt,4,1,2,4,111.02,92,1125,28,58,88,363,0,0,,,,,,,,,,,0,0,131,FALSE,27.755,10,FALSE
53355259,Novena Serviced apartment-Executive one bedroom 7,24496358,Katherine,TRUE,53,TRUE,Novena,Central Region,1.318528,103.847511,Entire serviced apartment,Entire home/apt,4,1,1,3,274,6,729,18,48,58,253,20,9,29-12-2021,10-04-2026,4.9,4.75,4.95,4.95,5,4.8,4.65,0.36,108,29592,53,TRUE,68.5,34,FALSE
53355991,Novena Serviced Apartment-Executive One bedroom 11,68059127,Wei,TRUE,50,TRUE,Novena,Central Region,1.318528,103.847511,Entire serviced apartment,Entire home/apt,4,1,1,1,227.67,6,1125,24,54,84,328,8,0,27-06-2022,27-04-2025,4.88,4.75,4.5,5,5,4.75,4.5,0.16,0,0,50,TRUE,56.9175,29,FALSE
53374606,Novena City Comfort Serviced Apt Premium Suite 02,50965838,Yiyi,TRUE,16,TRUE,Novena,Central Region,1.318528,103.847511,Entire serviced apartment,Entire home/apt,4,1,1,1,258.67,6,365,29,59,89,243,3,0,24-06-2022,20-01-2023,5,5,5,5,5,5,5,0.06,0,0,16,TRUE,64.6675,44,FALSE
53375485,Novena City Comfort Serviced Apt Premium Suite 06,50965838,Yiyi,TRUE,16,TRUE,Novena,Central Region,1.31853,103.84751,Entire serviced apartment,Entire home/apt,4,1,1,1,262.5,6,365,29,59,89,243,0,0,,,,,,,,,,,0,0,16,FALSE,65.625,49,FALSE
53388036,NOVENA Serviced apartment-Executive one bedroom 6,68059127,Wei,TRUE,50,TRUE,Novena,Central Region,1.318528,103.847511,Entire serviced apartment,Entire home/apt,4,1,1,3,205.41,6,730,20,44,74,311,35,12,18-12-2021,19-05-2026,4.91,4.91,4.89,4.86,5,4.97,4.74,0.63,144,29579,50,TRUE,51.3525,29,FALSE
53406678,"Heritage Vibes in 3BR, RIVER VALLEY Singapore",138649185,Sidharth,FALSE,492,TRUE,Singapore River,Central Region,1.29126,103.84117,Entire serviced apartment,Entire home/apt,6,1,3,6,162.73,90,1125,28,58,88,363,5,0,11-01-2022,02-08-2023,4.8,4.8,4.8,5,4.8,5,4.6,0.09,0,0,215,TRUE,27.121666666666666,43,FALSE
53465105,NOVENA Serviced Apartment-Premium One bedroom 1,68059127,Wei,TRUE,50,TRUE,Novena,Central Region,1.318528,103.847511,Entire serviced apartment,Entire home/apt,4,1,1,1,251.17,6,1125,3,25,55,299,29,5,02-06-2022,28-04-2026,4.93,4.93,4.97,4.9,5,4.83,4.83,0.58,60,15070,50,TRUE,62.7925,30,FALSE
53465265,Novena Serviced Apartment-Executive One bedroom 3,68059127,Wei,TRUE,50,TRUE,Novena,Central Region,1.318528,103.847511,Entire serviced apartment,Entire home/apt,4,1,1,1,274,6,1125,4,34,64,308,3,0,03-01-2023,01-03-2025,4.67,4.67,4.67,4.67,4.67,4.67,4.67,0.07,0,0,50,TRUE,68.5,31,FALSE
53465478,Novena Serviced apartment-Executive one bedroom 3,24496358,Katherine,TRUE,53,TRUE,Novena,Central Region,1.318528,103.847511,Entire serviced apartment,Entire home/apt,4,1,1,1,231.06,6,1125,25,55,85,330,22,0,13-02-2022,10-04-2025,4.91,4.95,4.86,4.95,4.91,4.82,4.73,0.41,0,0,53,TRUE,57.765,31,FALSE
53483449,Cosy 1 common bedroom with facilities (1),37964493,Kingsley,FALSE,6,TRUE,Yishun,North Region,1.412,103.83421,Private room in vacation home,Private room,2,1,1,2,19.36,92,999,29,59,89,364,1,0,03-11-2022,03-11-2022,5,5,5,5,5,4,5,0.02,0,0,6,TRUE,9.68,33,FALSE
53503062,Double Heritage Room in Town,391575732,Herman,FALSE,2,TRUE,Bukit Merah,Central Region,1.27928,103.83754,Private room in bed and breakfast,Private room,2,1,1,2,90.24,92,365,29,59,89,364,0,0,,,,,,,,,,,0,0,2,FALSE,45.12,27,FALSE
53564318,Lovely bedroom in condo with pool near Redhill MRT,433772616,Jessica,FALSE,1,TRUE,Bukit Merah,Central Region,1.29304,103.81724,Private room in condo,Private room,1,1,1,1,51.63,92,1125,29,59,89,364,0,0,,,,,,,,,,,0,0,1,FALSE,51.63,25,FALSE
53618034,Novena Serviced Apartment- Spacious One bedroom 12,24496358,Katherine,TRUE,53,TRUE,Novena,Central Region,1.318524,103.847511,Entire serviced apartment,Entire home/apt,3,1,1,2,232.17,6,1125,11,41,71,315,8,0,30-01-2022,01-12-2024,4.88,4.75,4.88,4.88,4.88,4.25,4.5,0.15,0,0,53,TRUE,77.39,36,FALSE
53622188,Novena Serviced Apartment- Spacious One bedroom 9,24496358,Katherine,TRUE,53,TRUE,Novena,Central Region,1.318524,103.847511,Entire serviced apartment,Entire home/apt,3,1,1,2,227.5,6,1125,12,42,72,347,3,0,29-04-2023,20-05-2024,5,5,4.67,5,5,5,5,0.08,0,0,53,TRUE,75.83333333333333,29,FALSE
53632741,Novena Serviced Apartment-Deluxe One bedroom 12,68059127,Wei,TRUE,50,TRUE,Novena,Central Region,1.318524,103.847511,Entire serviced apartment,Entire home/apt,3,1,1,1,262.5,6,1125,5,35,65,309,2,0,18-03-2022,05-07-2022,5,5,5,5,5,5,5,0.04,0,0,50,TRUE,87.5,30,FALSE
53633752,Novena Serviced Apartment-Deluxe One bedroom 9,68059127,Wei,TRUE,50,TRUE,Novena,Central Region,1.318524,103.847511,Entire serviced apartment,Entire home/apt,3,1,1,1,268.33,6,1125,5,35,65,309,2,0,01-05-2022,31-05-2023,5,5,5,5,5,5,4.5,0.04,0,0,50,TRUE,89.44333333333333,28,FALSE
53697187,Novena Serviced Apt Modern One Bedroom Twin Suite,50965838,Yiyi,TRUE,16,TRUE,Novena,Central Region,1.31878,103.84838,Entire serviced apartment,Entire home/apt,3,1,1,2,251.17,6,365,29,59,89,243,1,1,10-10-2025,10-10-2025,4,4,5,5,5,5,4,0.11,12,3014,16,TRUE,83.72333333333333,42,FALSE
53697444,Novena Serviced Apt Modern One Bedroom Twin Suite,50965838,Yiyi,TRUE,16,TRUE,Novena,Central Region,1.31829,103.84646,Entire serviced apartment,Entire home/apt,2,1,1,2,252.67,6,365,29,59,80,233,9,2,07-08-2022,13-12-2025,4.89,4.89,5,5,5,4.78,4.67,0.19,24,6064,16,TRUE,126.335,43,FALSE
53745162,Beautiful 1BR Apartment in River Valley,138649185,Sidharth,FALSE,492,TRUE,Orchard,Central Region,1.30071,103.8403,Entire serviced apartment,Entire home/apt,2,1,1,1,677.5,6,1125,28,58,88,363,0,0,,,,,,,,,,,0,0,215,FALSE,338.75,43,FALSE
53819000,"Superior 2-BR in Clarke Quay, 3 mins stroll to MRT",138649185,Sidharth,FALSE,492,TRUE,Singapore River,Central Region,1.29109,103.84228,Entire serviced apartment,Entire home/apt,4,1,2,4,145.43,92,1125,28,58,88,363,20,0,03-02-2022,01-01-2025,4.85,4.9,4.85,4.7,4.75,5,4.65,0.37,0,0,215,TRUE,36.3575,46,FALSE
53836629,Standard Queen,434862321,New Cape Inn,FALSE,4,TRUE,Bukit Merah,Central Region,1.28522,103.83317,Room in hotel,Private room,2,1,1,1,139,1,9999,26,56,86,355,4,0,09-09-2022,17-08-2023,3.5,3.25,2.75,4.75,4,4.5,3.25,0.09,0,0,4,TRUE,69.5,12,FALSE
53836902,Standard King,434862321,New Cape Inn,FALSE,4,TRUE,Bukit Merah,Central Region,1.28648,103.83366,Room in hotel,Private room,2,1,1,1,159,1,9999,27,57,87,361,1,0,26-12-2021,26-12-2021,1,1,1,2,1,4,2,0.02,0,0,4,TRUE,79.5,12,FALSE
53853183,"Heritage Vibes in 2BR, River Valley, Singapore",138649185,Sidharth,FALSE,492,TRUE,River Valley,Central Region,1.29167,103.83946,Entire serviced apartment,Entire home/apt,2,2,2,3,493.67,6,1125,28,58,88,363,1,0,13-02-2024,13-02-2024,5,5,5,5,5,5,5,0.03,0,0,215,TRUE,246.835,47,FALSE
53855956,1 BR Home Away From Home On Orchard Road,138649185,Sidharth,FALSE,492,TRUE,Orchard,Central Region,1.30044,103.84009,Entire serviced apartment,Entire home/apt,2,1,1,1,543.17,6,1125,28,58,88,363,2,0,16-04-2022,24-12-2022,5,5,5,5,5,5,5,0.04,0,0,215,TRUE,271.585,39,FALSE
53905492,Standard Twin,434862321,New Cape Inn,FALSE,4,TRUE,Bukit Merah,Central Region,1.28668,103.83444,Room in hotel,Private room,2,1,1,2,139,1,9999,27,57,87,359,20,3,04-05-2022,23-08-2025,3.65,3.65,3.3,4.25,3.95,4.1,3.6,0.4,18,2502,4,TRUE,69.5,12,FALSE
53905653,Standard Queen & Single,434862321,New Cape Inn,FALSE,4,TRUE,Bukit Merah,Central Region,1.28509,103.83333,Room in hotel,Private room,3,1,1,2,249,1,9999,27,57,87,359,22,3,06-05-2022,08-03-2026,4,3.86,3.86,4.45,4.36,4.32,3.91,0.44,18,4482,4,TRUE,83,12,FALSE
54008210,Comfy 1 BR Apartment With Access To Pool & Gym,138649185,Sidharth,FALSE,492,TRUE,Novena,Central Region,1.31898,103.84683,Entire serviced apartment,Entire home/apt,2,1,1,2,129.9,92,1125,28,58,88,363,0,0,,,,,,,,,,,0,0,215,FALSE,64.95,32,FALSE
54042568,"In just perfect location, Courtyard view Studio",138649185,Sidharth,FALSE,492,TRUE,River Valley,Central Region,1.29874,103.84127,Entire serviced apartment,Entire home/apt,2,1,1,1,432.67,6,1125,28,58,88,363,0,0,,,,,,,,,,,0,0,215,FALSE,216.335,41,FALSE
54188078,"Spacious & Lavish, 4BR @Clarke Quay Singapore",138649185,Sidharth,FALSE,492,TRUE,Singapore River,Central Region,1.29177,103.84362,Entire serviced apartment,Entire home/apt,8,1,4,8,263.36,92,1125,28,58,88,363,6,0,04-06-2024,03-01-2025,4.83,4.83,4.83,4.83,4.33,5,5,0.24,0,0,215,TRUE,32.92,42,FALSE
54204802,Novena Serviced Apartment - Luxury Penthhouse,68059127,Wei,TRUE,50,TRUE,Novena,Central Region,1.318524,103.847511,Entire serviced apartment,Entire home/apt,5,1,1,3,324.33,6,365,9,32,62,299,27,7,25-05-2022,20-03-2026,4.85,4.96,4.93,4.96,4.93,4.81,4.89,0.54,84,27244,50,TRUE,64.866,32,FALSE
54205551,Novena Serviced apartment- City Unique Penthhouse,24496358,Katherine,TRUE,53,TRUE,Novena,Central Region,1.318524,103.847511,Entire serviced apartment,Entire home/apt,5,1,1,3,323.88,6,365,9,39,69,337,4,2,23-05-2022,02-12-2025,5,5,5,5,5,5,5,0.08,24,7773,53,TRUE,64.776,35,FALSE
54205610,Novena City Comfort Serviced Apt Premium Suite 04,50965838,Yiyi,TRUE,16,TRUE,Novena,Central Region,1.31815,103.84841,Entire serviced apartment,Entire home/apt,4,1,1,1,258.67,6,365,29,59,89,243,5,1,29-01-2022,05-01-2026,4.6,4.6,5,5,5,5,4.6,0.09,12,3104,16,TRUE,64.6675,49,FALSE
54219139,Master bedroom with attached bathroom at CBD,96718721,Irene,FALSE,11,TRUE,Downtown Core,Central Region,1.29835,103.85834,Private room in rental unit,Private room,1,1,1,1,66.38,92,1125,29,59,89,364,0,0,,,,,,,,,,,0,0,11,FALSE,66.38,2,FALSE
54219241,Modern master bedroom at CBD,96718721,Irene,FALSE,11,TRUE,Kallang,Central Region,1.29876,103.86027,Private room in rental unit,Private room,1,1,1,1,55.32,92,365,29,59,89,364,0,0,,,,,,,,,,,0,0,11,FALSE,55.32,2,FALSE
54219324,Modern master bedroom attached bathroom in CBD,96718721,Irene,FALSE,11,TRUE,Downtown Core,Central Region,1.2984,103.86009,Private room in rental unit,Private room,1,1,1,1,55.32,92,1125,29,59,89,364,0,0,,,,,,,,,,,0,0,11,FALSE,55.32,2,FALSE
54219421,Modern master bed room with small balcony at CBD,96718721,Irene,FALSE,11,TRUE,Rochor,Central Region,1.30033,103.85967,Private room in rental unit,Private room,1,1,1,1,55.32,92,1125,29,59,89,364,0,0,,,,,,,,,,,0,0,11,FALSE,55.32,4,FALSE
54237144,Novena Serviced Apt Unique Exclusive Penthouse,50965838,Yiyi,TRUE,16,TRUE,Novena,Central Region,1.3183,103.84652,Entire serviced apartment,Entire home/apt,5,1,1,3,352,6,365,14,22,52,199,36,7,14-08-2022,31-05-2026,4.92,4.86,4.97,4.94,4.94,4.72,4.72,0.76,84,29568,16,TRUE,70.4,44,FALSE
54350213,STAY AT LUXURY STUDIO ON BUSTLING ORCHARD RD,138649185,Sidharth,FALSE,492,TRUE,Orchard,Central Region,1.30191,103.84168,Entire serviced apartment,Entire home/apt,2,1,1,1,465.67,6,1125,28,58,88,363,0,0,,,,,,,,,,,0,0,215,FALSE,232.835,36,FALSE
54381837,Cheerful -bedroom in a house 🏡 near Emily park,96718721,Irene,FALSE,11,TRUE,Newton,Central Region,1.30475,103.84638,Private room in home,Private room,1,1,1,1,24.17,92,365,29,59,89,364,0,0,,,,,,,,,,,0,0,11,FALSE,24.17,5,FALSE
502480461710129750,Fascinating 2 bedroom apartment at Havelock,238891646,Neha,FALSE,131,TRUE,Bukit Merah,Central Region,1.29102,103.82852,Entire serviced apartment,Entire home/apt,6,1,2,6,136.84,92,1125,28,58,88,363,1,0,06-05-2022,06-05-2022,5,5,5,5,5,5,5,0.02,0,0,131,TRUE,22.80666666666667,24,FALSE
514796456553970869,Airy and Beautiful one bedroom apartment,238891646,Neha,FALSE,131,TRUE,Tanglin,Central Region,1.31499,103.80648,Entire rental unit,Entire home/apt,2,1,1,2,110.62,92,1125,28,58,88,363,0,0,,,,,,,,,,,0,0,131,FALSE,55.31,13,FALSE
542953504353473979,Lovely en-suite room in designer home,60327060,Pier Alessio,FALSE,1,TRUE,Novena,Central Region,1.31684,103.83967,Private room in rental unit,Private room,1,1,1,1,34.04,92,1125,29,59,89,270,0,0,,,,,,,,,,,0,0,1,FALSE,34.04,39,FALSE
543954982497337161,"Lovely large room, private bath, living, outdoor",387057286,Pier Alessio,FALSE,1,TRUE,Novena,Central Region,1.3161443673849216,103.83748385203089,Private room in rental unit,Private room,1,1,1,1,79.37,96,365,22,52,82,357,0,0,,,,,,,,,,,0,0,1,FALSE,79.37,7,FALSE
548205562892374425,"Triple,window,private bathroom,near Jalan Besar",328013026,Alex H,FALSE,6,TRUE,Rochor,Central Region,1.30662,103.85441,Room in boutique hotel,Private room,3,1,1,2,124,1,365,18,47,77,178,156,23,07-05-2022,22-06-2026,4.54,4.54,4.58,4.62,4.7,4.74,4.37,3.09,138,17112,6,TRUE,41.333333333333336,20,FALSE
548960838575945386,Near Somerset 1 lovely bedroom in a condo,96718721,Irene,FALSE,11,TRUE,Orchard,Central Region,1.29937,103.83877,Private room in condo,Private room,1,1,1,1,74.35,92,1125,29,59,89,364,0,0,,,,,,,,,,,0,0,11,FALSE,74.35,1,FALSE
559688933624074066,Sophisticated Studio on Balestier Road,138649185,Sidharth,FALSE,492,TRUE,Novena,Central Region,1.32523,103.85183,Entire serviced apartment,Entire home/apt,2,1,1,2,89.97,92,1125,28,58,88,363,0,0,,,,,,,,,,,0,0,215,FALSE,44.985,30,FALSE
562605971381613093,CBD Bugis & Bras Basah MRT 2-Bedroom Serviced Apt,148161755,Jan,TRUE,26,TRUE,Rochor,Central Region,1.29846,103.85375,Private room in serviced apartment,Private room,4,2,2,2,798.83,6,90,27,57,87,325,12,0,28-02-2022,05-01-2025,5,5,5,5,4.92,5,4.5,0.23,0,0,26,TRUE,199.7075,55,FALSE
564785489291649854,Lovely three bedroom apartment,238891646,Neha,FALSE,131,TRUE,Queenstown,Central Region,1.29588,103.8055,Entire serviced apartment,Entire home/apt,5,1,3,5,150.6,92,365,28,58,88,363,0,0,,,,,,,,,,,0,0,131,FALSE,30.119999999999997,20,FALSE
567225306259796229,Novena Serviced Apartment- Premier One bedroom 8,24496358,Katherine,TRUE,53,TRUE,Novena,Central Region,1.318524,103.847511,Entire serviced apartment,Entire home/apt,3,1,1,2,251.17,6,365,18,48,78,322,30,4,19-04-2022,29-05-2026,4.9,4.83,4.93,5,4.97,4.83,4.63,0.59,48,12056,53,TRUE,83.72333333333333,30,FALSE
567910789087190907,Novena Serviced Apartment-Premier One bedroom 5,24496358,Katherine,TRUE,53,TRUE,Novena,Central Region,1.31896,103.84668,Entire serviced apartment,Entire home/apt,3,1,1,1,220,6,365,17,47,77,285,12,1,31-05-2022,23-03-2026,4.75,4.83,4.83,5,5,4.83,4.67,0.24,12,2640,53,TRUE,73.33333333333333,30,FALSE
569225009327985337,Entire 1BR Condo Apartment to Yourself with Pool,446608982,Nex,TRUE,1,TRUE,Pasir Ris,East Region,1.35641,103.96411,Entire condo,Entire home/apt,5,1,1,5,24.25,93,366,0,0,0,242,7,1,15-09-2022,22-12-2025,5,5,4.86,5,5,4.71,5,0.15,186,4511,1,TRUE,4.85,20,FALSE
571344298305335079,Shipping Container 3 @ One-North,109741357,Lorraine,TRUE,11,TRUE,Queenstown,Central Region,1.29862,103.7877,Entire home,Entire home/apt,4,1.5,1,2,138,1,1125,10,31,57,146,90,25,19-03-2022,13-06-2026,4.8,4.89,4.86,4.83,4.92,4.79,4.69,1.73,150,20700,11,TRUE,34.5,36,FALSE
571352760576491118,Shipping Container 4 @ One-North,109741357,Lorraine,TRUE,11,TRUE,Queenstown,Central Region,1.29905,103.78739,Entire home,Entire home/apt,4,1,1,2,165,1,1125,10,26,50,128,156,40,10-03-2022,05-06-2026,4.76,4.81,4.77,4.83,4.88,4.71,4.59,2.98,240,39600,11,TRUE,41.25,24,FALSE
577996062442641551,Splendid Studio On Beach Road,138649185,Sidharth,FALSE,492,TRUE,Rochor,Central Region,1.30292,103.86143,Entire serviced apartment,Entire home/apt,2,1,1,2,79.9,92,1125,28,58,88,363,0,0,,,,,,,,,,,0,0,215,FALSE,39.95,32,FALSE
580929065419656480,Feeling good&being good,449188691,Cherry,FALSE,3,TRUE,Marine Parade,Central Region,1.30866,103.89473,Private room in villa,Private room,6,1,6,6,46.76,92,365,29,59,89,364,0,0,,,,,,,,,,,0,0,3,FALSE,7.793333333333333,22,FALSE
585804868046252353,Spacious 1 BR Apartment at Havelock Road,238891646,Neha,FALSE,131,TRUE,Bukit Merah,Central Region,1.28884,103.83191,Entire serviced apartment,Entire home/apt,2,1,1,2,92.51,92,365,28,58,88,363,0,0,,,,,,,,,,,0,0,131,FALSE,46.255,13,FALSE
590190636729859001,洋房出租,449188691,Cherry,FALSE,3,TRUE,Marine Parade,Central Region,1.3088,103.89538,Private room in townhouse,Private room,2,1,1,2,60.57,92,1125,29,59,89,364,0,0,,,,,,,,,,,0,0,3,FALSE,30.285,18,FALSE
593128448022183606,洋房出租,449188691,Cherry,FALSE,3,TRUE,Geylang,Central Region,1.31049,103.89469,Private room in villa,Private room,2,1,1,2,55.32,92,365,29,59,89,364,0,0,,,,,,,,,,,0,0,3,FALSE,27.66,10,FALSE
594591631258539165,Three bedroom apartment at the Thomson road,238891646,Neha,FALSE,131,TRUE,Novena,Central Region,1.31806,103.84458,Entire serviced apartment,Entire home/apt,6,1,3,6,147.89,92,365,28,58,88,363,0,0,,,,,,,,,,,0,0,131,FALSE,24.64833333333333,21,FALSE
597236119117778121,Gorgeous Waterfront PRM,461577696,Lillian,TRUE,11,TRUE,Queenstown,Central Region,1.270765672,103.7959935,Private room in serviced apartment,Private room,2,1,1,1,165.5,6,1125,0,0,26,207,4,0,25-06-2022,23-09-2024,4.5,4,4.75,4.75,4.5,4.25,3.5,0.08,0,0,9,TRUE,82.75,23,FALSE
598767056595178619,Waterfront 2 Bedroom SUP,461577696,Lillian,TRUE,11,TRUE,Queenstown,Central Region,1.27195,103.79679,Private room in serviced apartment,Private room,3,1,2,2,194.17,6,1125,1,1,27,194,25,3,10-05-2022,27-03-2026,4.64,4.52,4.56,4.8,4.8,4.16,4.44,0.5,36,6990,9,TRUE,64.72333333333333,24,FALSE
599562996273670621,Lovely 4 bedroom apartment with big balcony,238891646,Neha,FALSE,131,TRUE,Clementi,West Region,1.3082,103.76833,Entire serviced apartment,Entire home/apt,7,1,4,7,173.71,92,365,28,58,88,363,1,0,01-05-2022,01-05-2022,4,5,5,4,4,4,4,0.02,0,0,131,TRUE,24.815714285714286,22,FALSE
599610659013320019,Lovely Room with luxury View and  Balcony PRMS,461577696,Lillian,TRUE,11,TRUE,Queenstown,Central Region,1.27003,103.79622,Private room in serviced apartment,Private room,2,1,1,1,191.83,6,1125,0,0,26,207,3,2,31-01-2024,06-10-2025,4.67,4.67,4.33,4.67,4.67,4.33,3.67,0.1,24,4604,9,TRUE,95.915,18,FALSE
599626408734532176,Connecting Waterfront Family Room with Balcony PRM,461577696,Lillian,TRUE,11,TRUE,Queenstown,Central Region,1.27196,103.79744,Private room in serviced apartment,Private room,4,1,2,2,317.33,6,1125,0,0,26,207,13,1,06-10-2022,01-02-2026,4.54,4.46,4.62,4.62,4.69,4.31,4.38,0.29,12,3808,9,TRUE,79.3325,37,FALSE
601224010844237665,"MODERN 3-BR on NEWTON RD, SINGAPORE",138649185,Sidharth,FALSE,492,TRUE,Novena,Central Region,1.31521,103.8425,Entire serviced apartment,Entire home/apt,6,1,3,6,123.48,92,1125,28,58,88,363,0,0,,,,,,,,,,,0,0,215,FALSE,20.580000000000002,33,FALSE
602404867602970361,Welcoming Deluxe Room,461577696,Lillian,TRUE,11,TRUE,Queenstown,Central Region,1.27016,103.79832,Private room in serviced apartment,Private room,2,1,1,1,146.17,6,365,0,18,48,49,10,4,16-02-2023,06-04-2026,4.9,5,4.7,5,5,4.4,4.8,0.24,48,7016,9,TRUE,73.085,24,FALSE
602593937490027793,East Coast room in shared apt,5981335,Apple,FALSE,2,TRUE,Marine Parade,Central Region,1.30744,103.89537,Private room in condo,Private room,2,1,1,2,29.93,92,365,29,59,89,364,0,0,,,,,,,,,,,0,0,2,FALSE,14.965,3,FALSE
604716361293678447,Functional Studio Apartment in Vibrant Chinatown,138649185,Sidharth,FALSE,492,TRUE,Downtown Core,Central Region,1.2849,103.84892,Entire serviced apartment,Entire home/apt,2,1,1,1,464.5,6,1125,28,58,88,355,1,0,26-07-2022,26-07-2022,5,5,5,5,5,5,5,0.02,0,0,215,TRUE,232.25,33,FALSE
606329696219047813,"Triple,shared bathroom,2 mins - Jalan Besar MRT",328013026,Alex H,FALSE,6,TRUE,Rochor,Central Region,1.30427,103.85505,Room in boutique hotel,Private room,3,1,1,2,92,1,365,22,51,81,181,384,91,07-05-2022,18-06-2026,4.59,4.65,4.48,4.68,4.78,4.77,4.53,7.6,255,23460,6,TRUE,30.666666666666668,20,FALSE
610566475939497195,Studio for 2 in Vibrant Little India,138649185,Sidharth,FALSE,492,TRUE,Rochor,Central Region,1.30401,103.85234,Entire serviced apartment,Entire home/apt,2,1,1,1,405.83,6,1125,28,58,88,363,1,0,07-08-2022,07-08-2022,5,5,5,5,5,5,5,0.02,0,0,215,TRUE,202.915,32,FALSE
611242881863514656,"Pleasant 2 BR in Clarke Quay, 3 mins stroll to MRT",138649185,Sidharth,FALSE,492,TRUE,Museum,Central Region,1.29332,103.84366,Entire serviced apartment,Entire home/apt,4,1,2,2,538,6,1125,13,20,50,281,17,1,12-07-2022,15-08-2025,4.82,4.76,5,4.53,4.53,4.94,4.76,0.35,12,6456,215,TRUE,134.5,41,FALSE
613551678122841604,STAY AT THE 2BR LUXURY AT BUSTLING- ORCHARD RD,138649185,Sidharth,FALSE,492,TRUE,Orchard,Central Region,1.30248,103.83982,Entire serviced apartment,Entire home/apt,3,2,2,2,762.33,6,1125,28,58,88,357,7,0,06-01-2023,23-07-2023,5,4.86,4.86,4.86,5,5,4.86,0.17,0,0,215,TRUE,254.11,33,FALSE
615692557334754832,3 BR + Study Room for Families in Clementi,138649185,Sidharth,FALSE,492,TRUE,Clementi,West Region,1.30773,103.76954,Entire serviced apartment,Entire home/apt,7,1,4,7,144.46,92,1125,28,58,88,363,0,0,,,,,,,,,,,0,0,215,FALSE,20.63714285714286,34,FALSE
616269766989380503,"Pleasant 2 BR in Clarke Quay, 3 mins stroll to MRT",138649185,Sidharth,FALSE,492,TRUE,Singapore River,Central Region,1.29337,103.84248,Entire serviced apartment,Entire home/apt,4,2,2,2,544.83,6,1125,14,29,59,315,3,0,07-01-2024,07-09-2024,5,5,5,4.67,4.67,5,5,0.1,0,0,215,TRUE,136.2075,42,FALSE
617247173811632292,NEW Deluxe Studio Apt/WIFI @ Somerset/Orchard Area,61619807,Ong,FALSE,61,FALSE,River Valley,Central Region,1.29464,103.84009,Entire rental unit,Entire home/apt,5,1,1,1,215.15,6,365,19,49,79,341,55,3,02-07-2022,18-11-2025,4.44,4.53,4.67,4.82,4.75,4.71,4.38,1.13,36,7745,60,TRUE,43.03,25,FALSE
620076438504000936,Super 2BR Apartment On The Bustling Orchard Road,138649185,Sidharth,FALSE,492,TRUE,Orchard,Central Region,1.30197,103.84143,Entire serviced apartment,Entire home/apt,4,2,2,2,724.67,6,1125,28,58,88,363,0,0,,,,,,,,,,,0,0,215,FALSE,181.1675,35,FALSE
620705327184829898,"CLOSE to NUH/INSEAD, 3BR BOUNA VISTA",138649185,Sidharth,FALSE,492,TRUE,Queenstown,Central Region,1.30431,103.78495,Entire serviced apartment,Entire home/apt,6,1,3,6,145.73,92,1125,28,58,88,179,0,0,,,,,,,,,,,0,0,215,FALSE,24.28833333333333,35,FALSE
620777463829233961,"Luxury at Ease, 3BR @ Havelock Road, Singapore",138649185,Sidharth,FALSE,492,TRUE,Bukit Merah,Central Region,1.28896,103.83108,Entire serviced apartment,Entire home/apt,6,3,3,3,943,6,1125,28,58,88,363,1,0,05-10-2022,05-10-2022,5,5,5,5,5,5,5,0.02,0,0,215,TRUE,157.16666666666666,41,FALSE
622285459570305887,Lux and comfortable Condo near MRT and City,29574073,DoDo,FALSE,2,TRUE,Toa Payoh,Central Region,1.337961,103.870148,Entire condo,Entire home/apt,4,1,3,4,192.19,92,1125,29,59,89,364,0,0,,,,,,,,,,,0,0,2,FALSE,48.0475,11,FALSE
623042143455413093,NOVENA moulmein studios-Premium One bedroom 2,68059127,Wei,TRUE,50,TRUE,Novena,Central Region,1.318524,103.847511,Entire serviced apartment,Entire home/apt,4,1,1,2,219.97,6,365,27,57,87,335,39,7,18-08-2022,25-02-2026,4.9,4.9,4.87,4.95,4.92,4.79,4.77,0.83,84,18477,50,TRUE,54.9925,32,FALSE
623665139003422870,"Luxury at Ease, 1BR@Havelock Rd, Singapore",138649185,Sidharth,FALSE,492,TRUE,Bukit Merah,Central Region,1.2907,103.83218,Entire serviced apartment,Entire home/apt,3,1,1,1,442,6,1125,28,58,88,363,1,0,22-07-2022,22-07-2022,4,5,4,5,4,5,4,0.02,0,0,215,TRUE,147.33333333333334,44,FALSE
623694448987969436,Modern 3 BR Walking To Viva Vista Mall,138649185,Sidharth,FALSE,492,TRUE,Queenstown,Central Region,1.28058,103.78438,Entire serviced apartment,Entire home/apt,6,1,3,6,153.89,92,1125,28,58,88,363,0,0,,,,,,,,,,,0,0,215,FALSE,25.64833333333333,33,FALSE
627993362264237393,"Fancy 1 BR near the CBD, only 1 min walk to MRT",138649185,Sidharth,FALSE,492,TRUE,Rochor,Central Region,1.29995,103.84956,Entire serviced apartment,Entire home/apt,2,1,1,1,436.5,6,1125,28,58,88,363,1,0,24-11-2022,24-11-2022,5,5,5,5,5,5,5,0.02,0,0,215,TRUE,218.25,34,FALSE
628023655354972471,"2 BR in QUEENSTOWN, PRIME LOCATION IN THE CITY",138649185,Sidharth,FALSE,492,TRUE,Queenstown,Central Region,1.2922,103.8063,Entire serviced apartment,Entire home/apt,4,1,2,4,107.26,92,1125,28,58,88,363,0,0,,,,,,,,,,,0,0,215,FALSE,26.815,33,FALSE
628738540839451766,"CLASSY & COZY, 3 BR IN CLEMENTI-II",138649185,Sidharth,FALSE,492,TRUE,Clementi,West Region,1.30835,103.76131,Entire serviced apartment,Entire home/apt,6,1,3,6,135.58,92,1125,28,58,88,363,0,0,,,,,,,,,,,0,0,215,FALSE,22.596666666666668,33,FALSE
629189587525996416,Comfy Family Room DLX,461577696,Lillian,TRUE,11,TRUE,Queenstown,Central Region,1.2710294,103.7970763,Private room in serviced apartment,Private room,3,1,2,2,191.83,6,365,1,1,27,196,22,8,18-06-2022,29-04-2026,4.41,4.64,4.41,4.73,4.86,4.09,4.36,0.45,96,18416,9,TRUE,63.943333333333335,44,FALSE
629974653707138627,"FAMILY 2BR IN NOVENA, SINGAPORE",138649185,Sidharth,FALSE,492,TRUE,Novena,Central Region,1.31903,103.84564,Entire serviced apartment,Entire home/apt,4,1,2,4,116.72,92,1125,28,58,88,363,0,0,,,,,,,,,,,0,0,215,FALSE,29.18,33,FALSE
630925262965708245,"STROLL TO QUEENSTOWN MRT, 3-BR @ CW TOWERS",138649185,Sidharth,FALSE,492,TRUE,Queenstown,Central Region,1.29669,103.80714,Entire serviced apartment,Entire home/apt,6,1,3,6,131.74,92,1125,28,58,88,363,0,0,,,,,,,,,,,0,0,215,FALSE,21.956666666666667,34,FALSE
631583437029511305,"CLOSE to NUH/INSEAD, 3BR BOUNA VISTA",138649185,Sidharth,FALSE,492,TRUE,Queenstown,Central Region,1.30325,103.78495,Entire serviced apartment,Entire home/apt,6,1,3,6,143.02,92,1125,28,58,88,363,0,0,,,,,,,,,,,0,0,215,FALSE,23.83666666666667,34,FALSE
633108840702293787,Premium 2 BR In Novena,138649185,Sidharth,FALSE,492,TRUE,Novena,Central Region,1.32026,103.84254,Entire serviced apartment,Entire home/apt,4,1,2,4,110.58,92,1125,28,58,88,363,0,0,,,,,,,,,,,0,0,215,FALSE,27.645,33,FALSE
634448889782680248,Hassle Free 2 Bedroom Apartment in Upper Serangoon,138649185,Sidharth,FALSE,492,TRUE,Toa Payoh,Central Region,1.33898,103.86878,Entire serviced apartment,Entire home/apt,4,1,2,4,99.92,92,1125,28,58,88,363,0,0,,,,,,,,,,,0,0,215,FALSE,24.98,33,FALSE
634569447314151746,"Pleasant 1 BR in Clarke Quay, 3 mins stroll to MRT",138649185,Sidharth,FALSE,492,TRUE,Singapore River,Central Region,1.29309,103.84186,Entire serviced apartment,Entire home/apt,2,1,1,1,444.67,6,1125,29,59,89,364,2,0,04-08-2023,09-09-2023,5,5,5,4,4,5,5,0.06,0,0,215,TRUE,222.335,44,FALSE
635244041403809380,Modern 4 BR Walking To Viva Vista Mall,138649185,Sidharth,FALSE,492,TRUE,Queenstown,Central Region,1.28049,103.78609,Entire serviced apartment,Entire home/apt,8,1,4,8,173.58,92,1125,28,58,88,363,0,0,,,,,,,,,,,0,0,215,FALSE,21.6975,33,FALSE
636006272729140259,Mini-Suite With Kitchenette Near Central SG,138649185,Sidharth,FALSE,492,TRUE,Orchard,Central Region,1.30044,103.84164,Entire serviced apartment,Entire home/apt,2,1,1,1,434.33,6,1125,28,58,88,363,0,0,,,,,,,,,,,0,0,215,FALSE,217.165,23,FALSE
638121765679357415,"HIGH-LIVING 1-BR in CENTRE OF CITY, ORCHARD",138649185,Sidharth,FALSE,492,TRUE,Orchard,Central Region,1.3031,103.8364,Entire serviced apartment,Entire home/apt,2,1,1,1,869,6,1125,28,58,88,363,0,0,,,,,,,,,,,0,0,215,FALSE,434.5,35,FALSE
638176617437521778,Premium 1 Bedroom Loft in Queenstown,138649185,Sidharth,FALSE,492,TRUE,Queenstown,Central Region,1.29848,103.78732,Entire serviced apartment,Entire home/apt,2,1,1,1,665.33,6,1125,28,58,88,363,1,0,01-04-2023,01-04-2023,5,5,5,5,5,5,5,0.03,0,0,215,TRUE,332.665,32,FALSE
640310042458311380,Affordable apartment at Kim Keat road,238891646,Neha,FALSE,131,TRUE,Novena,Central Region,1.32481,103.85227,Entire serviced apartment,Entire home/apt,2,1,1,2,64.2,92,365,28,58,88,363,0,0,,,,,,,,,,,0,0,131,FALSE,32.1,18,FALSE
641747306596079521,Lifestyle 3 Bedroom Penthouse in heart of Orchard,462493313,Zz,FALSE,2,TRUE,River Valley,Central Region,1.29663,103.84248,Entire condo,Entire home/apt,6,1,3,6,104.29,92,365,29,59,89,364,0,0,,,,,,,,,,,0,0,2,FALSE,17.381666666666668,20,FALSE
643090826146083210,"1-4pax Apt in East, 7mins to MRT, Airport, MBS",461973800,Ruth Mandy,TRUE,5,TRUE,Bedok,East Region,1.31873,103.91327,Entire condo,Entire home/apt,4,1,1,4,34.37,92,1125,0,0,0,256,6,1,22-12-2023,14-09-2025,5,5,4.83,5,5,4.83,4.67,0.19,184,6324,2,TRUE,8.5925,49,FALSE
643168943861912173,Walk to Marina Bay MRT/ Up-Scale 2BR Space,138649185,Sidharth,FALSE,492,TRUE,Downtown Core,Central Region,1.27599,103.84715,Entire serviced apartment,Entire home/apt,4,2,2,3,1373.5,6,1125,28,58,88,363,0,0,,,,,,,,,,,0,0,215,FALSE,343.375,39,TRUE
644687177611018577,Hotel/Superior Twin Room(w/o window),463195123,Champion Hotel,FALSE,6,TRUE,Geylang,Central Region,1.3148128,103.8984635,Room in boutique hotel,Private room,2,1,1,1,192,1,365,28,58,88,359,3,0,22-08-2022,30-04-2023,4.33,4.33,4,4.33,4.67,4.33,4.33,0.06,0,0,6,TRUE,96,22,FALSE
650218176234251489,City Centre - Spacious furnished serviced studio,13468566,Andy,FALSE,12,TRUE,Downtown Core,Central Region,1.27473,103.8421,Private room in serviced apartment,Private room,2,1,1,1,192.83,6,600,28,58,88,363,1,1,06-10-2025,06-10-2025,5,5,5,5,5,5,5,0.11,12,2314,12,TRUE,96.415,43,FALSE
650228376728214129,Rooftop deck serviced studio in CBD near MRT,13468566,Andy,FALSE,12,TRUE,Downtown Core,Central Region,1.27454,103.84188,Private room in serviced apartment,Private room,2,1,1,1,176.33,6,600,28,45,73,348,3,0,06-10-2022,21-05-2023,5,5,4.67,5,5,4.67,4.33,0.07,0,0,12,TRUE,88.165,42,FALSE
650233126736416423,Cosy & private accommodation @ Tanjong Pagar (MRT),13468566,Andy,FALSE,12,TRUE,Downtown Core,Central Region,1.27402,103.84229,Private room in serviced apartment,Private room,2,1,1,1,154.17,6,600,28,58,88,363,7,3,05-10-2022,25-04-2026,4.71,5,4.71,5,4.86,4.71,4.29,0.15,36,5550,12,TRUE,77.085,22,FALSE
653941042197595346,Designer Studio Apartment In Singapore's Chinatown,138649185,Sidharth,FALSE,492,TRUE,Outram,Central Region,1.28421,103.84619,Entire serviced apartment,Entire home/apt,2,1,1,1,633.5,6,1125,28,58,88,363,0,0,,,,,,,,,,,0,0,215,FALSE,316.75,33,FALSE
654125120499714142,Hotel / Superior Double Room (w/o window),463195123,Champion Hotel,FALSE,6,TRUE,Geylang,Central Region,1.31512,103.89748,Room in boutique hotel,Private room,2,1,1,1,195,1,365,27,57,87,357,9,0,02-07-2022,10-03-2024,4,4.11,4,4.78,3.89,4.33,4.11,0.19,0,0,6,TRUE,97.5,23,FALSE
654132220997701617,Hotel / Deluxe Twin Room (with window),463195123,Champion Hotel,FALSE,6,TRUE,Geylang,Central Region,1.31537,103.89756,Room in boutique hotel,Private room,2,1,1,2,213,1,365,27,57,87,355,8,0,03-07-2022,23-09-2024,4.13,4.5,4.13,4.88,4.88,4.75,4.25,0.16,0,0,6,TRUE,106.5,23,FALSE
654135534924135883,Hotel / Deluxe Double Room (with window),463195123,Champion Hotel,FALSE,6,TRUE,Geylang,Central Region,1.3148128,103.8984635,Room in boutique hotel,Private room,2,1,1,1,208,1,365,27,57,87,353,11,0,17-07-2022,20-09-2024,4.36,4.27,4.09,4.73,4.73,4.36,3.82,0.23,0,0,6,TRUE,104,23,FALSE
654139939866622744,Hotel / Superior Family Room (w/o window),463195123,Champion Hotel,FALSE,6,TRUE,Geylang,Central Region,1.3148128,103.8984635,Room in boutique hotel,Private room,2,1,1,2,243,1,365,27,57,87,362,2,0,10-07-2022,19-07-2022,3.5,4,3.5,4,3.5,3.5,2.5,0.04,0,0,6,TRUE,121.5,23,FALSE
654142837621609801,Hotel / Deluxe Family Room (with window),463195123,Champion Hotel,FALSE,6,TRUE,Geylang,Central Region,1.3148128,103.8984635,Room in boutique hotel,Private room,2,1,1,2,252,1,365,29,59,89,364,0,0,,,,,,,,,,,0,0,6,FALSE,126,23,FALSE
657378468476117445,Family room for 10 Bedded @ Coller Chinatown,465816408,Coller,FALSE,4,TRUE,Outram,Central Region,1.28122,103.84574,Private room in hostel,Private room,10,1,1,6,678,1,1125,23,53,83,135,19,0,17-09-2022,31-01-2024,4.58,4.58,4.37,4.74,4.68,4.53,4.42,0.41,0,0,4,TRUE,67.8,8,FALSE
661126911495364978,"Downtown: Room with 4 beds, 5 mins walk to MRT",337002461,Rucksack Inn SG,FALSE,18,TRUE,Kallang,Central Region,1.3135708666549015,103.85923993847015,Private room in hostel,Private room,4,1,1,4,131,1,365,25,47,76,351,98,49,11-05-2024,13-06-2026,3.95,4.14,3.71,4.35,4.33,4.41,4.06,3.77,255,33405,18,TRUE,32.75,29,FALSE
661141365144703397,"Downtown: Room with 6 beds, Ensuite Bathroom",337002461,Rucksack Inn SG,FALSE,18,TRUE,Kallang,Central Region,1.313078856256836,103.86155783522284,Private room in hostel,Private room,6,1,1,6,247,1,365,17,35,62,332,8,4,26-05-2024,16-06-2026,4.63,4.75,4.25,4.25,4.38,4.63,4.38,0.31,24,5928,18,TRUE,41.166666666666664,29,FALSE
663003515223444114,地铁公寓房间,125437217,Yiqi,FALSE,4,TRUE,Choa Chu Kang,West Region,1.387353,103.743784,Private room in condo,Private room,2,1,1,2,23,92,365,28,58,88,363,3,0,01-07-2023,30-11-2023,5,5,4.67,5,4.67,5,5,0.08,0,0,4,TRUE,11.5,22,FALSE
665411423125094948,Film/Video/Photo Shootings: Large Apartment Flat,218702365,Chris,FALSE,5,TRUE,Bukit Timah,Central Region,1.31723,103.77714,Entire condo,Entire home/apt,6,1,3,6,110.62,92,365,29,59,89,364,0,0,,,,,,,,,,,0,0,2,FALSE,18.436666666666667,12,FALSE
665782341111883883,Orchard Premium Location Spacious Bedroom,29932450,Tianjiao,FALSE,1,TRUE,Newton,Central Region,1.3059542906420272,103.83397622408634,Private room in rental unit,Private room,1,1,1,1,26.32,92,365,22,52,82,357,0,0,,,,,,,,,,,0,0,1,FALSE,26.32,13,FALSE
669791782739891346,"Convenient amenities,shops,food.places.Near town",136518035,Rebecca,FALSE,1,TRUE,Kallang,Central Region,1.32314,103.86622,Private room in rental unit,Private room,2,1,1,2,7.33,180,725,29,59,89,364,2,0,31-05-2023,04-10-2023,2.5,3.5,1.5,5,2.5,4.5,2,0.05,0,0,1,TRUE,3.665,10,TRUE
669949193228817088,Rental room near NTU - Jurong west st 81 SG 640840,129064266,Aravin,FALSE,1,TRUE,Jurong West,West Region,1.34813,103.69598,Private room in rental unit,Private room,6,1,2,6,11.1,92,365,29,38,38,247,0,0,,,,,,,,,,,0,0,1,FALSE,1.8499999999999999,7,TRUE
671343585522620592,Functional Studio Apartment in Vibrant Chinatown,138649185,Sidharth,FALSE,492,TRUE,Downtown Core,Central Region,1.28493,103.85109,Entire serviced apartment,Entire home/apt,2,1,1,1,464.5,6,1125,28,58,88,355,0,0,,,,,,,,,,,0,0,215,FALSE,232.25,31,FALSE
671503829725764558,Lovely Studio Room In Chinatown,138649185,Sidharth,FALSE,492,TRUE,Downtown Core,Central Region,1.28495,103.84947,Entire serviced apartment,Entire home/apt,2,1,1,1,439.5,6,1125,28,58,88,363,0,0,,,,,,,,,,,0,0,215,FALSE,219.75,32,FALSE
671978123001456727,Tropical Resort Oasis with pool and gym,43779222,Carolyn,FALSE,1,TRUE,Bishan,Central Region,1.3588091,103.8257696,Entire villa,Entire home/apt,8,1,4,8,567.26,92,1125,29,59,89,364,0,0,,,,,,,,,,,0,0,1,FALSE,70.9075,16,FALSE
672237297185438229,Long Stay Ready 2 Bedroom West Side Singapore,138649185,Sidharth,FALSE,492,TRUE,Queenstown,Central Region,1.29257,103.80564,Entire serviced apartment,Entire home/apt,4,1,2,4,116.5,92,1125,28,58,88,363,0,0,,,,,,,,,,,0,0,215,FALSE,29.125,33,FALSE
675508190285378956,* Private Premium Studio Apartment in Joo Chiat *,128980349,Clinton,FALSE,1,TRUE,Geylang,Central Region,1.312577316963662,103.9005714177828,Entire condo,Entire home/apt,2,1,1,2,37.68,92,730,22,52,82,357,0,0,,,,,,,,,,,0,0,1,FALSE,18.84,21,FALSE
683854645825177827,2bed 2 bath in Central Singapore,472683862,Yibing,FALSE,1,TRUE,Novena,Central Region,1.3194233,103.8460761,Entire condo,Entire home/apt,6,1,1,6,73.75,92,365,22,52,82,357,0,0,,,,,,,,,,,0,0,1,FALSE,12.291666666666666,26,FALSE
685971733066763213,One bedroom next to Tanah Merah MRT,3706701,Ang,FALSE,1,TRUE,Bedok,East Region,1.32762,103.94637,Entire condo,Entire home/apt,2,1,1,2,52.57,92,365,29,59,89,364,0,0,,,,,,,,,,,0,0,1,FALSE,26.285,11,FALSE
690173353285048045,Homey and Upscale 2 BR in Clementi,138649185,Sidharth,FALSE,492,TRUE,Clementi,West Region,1.31928,103.76115,Entire serviced apartment,Entire home/apt,3,1,2,3,111.09,92,1125,28,58,88,363,0,0,,,,,,,,,,,0,0,215,FALSE,37.03,34,FALSE
690829460604577382,Condo homestay (2BR available in shared spaces),2407589,Samantha,FALSE,1,TRUE,Bukit Panjang,West Region,1.347686,103.771792,Private room in casa particular,Private room,2,1,2,2,25.55,92,360,22,52,82,357,0,0,,,,,,,,,,,0,0,1,FALSE,12.775,47,FALSE
691733988252942677,Cosy 1 common bedroom with facilities (2),37964493,Kingsley,FALSE,6,TRUE,Yishun,North Region,1.4123699,103.835094,Private room in vacation home,Private room,2,1,1,2,19.36,92,999,29,59,89,364,1,0,13-04-2023,13-04-2023,2,4,3,5,5,5,3,0.03,0,0,6,TRUE,9.68,38,FALSE
692747103576172175,4 bed mixed dorm (1) in Hostel,474773234,River City,FALSE,14,TRUE,Singapore River,Central Region,1.2874161,103.8472705,Shared room in hostel,Shared room,1,1,1,6,45,1,365,1,1,1,180,1,0,20-10-2022,20-10-2022,5,5,5,5,5,5,5,0.02,0,0,14,TRUE,45,6,FALSE
692748972763723372,4 bed mixed dorm (2) in Hostel,474773234,River City,FALSE,14,TRUE,Singapore River,Central Region,1.2874161,103.8472705,Shared room in hostel,Shared room,1,1,1,6,45,1,365,1,1,1,180,1,0,10-06-2023,10-06-2023,5,5,5,5,5,5,5,0.03,0,0,14,TRUE,45,6,FALSE
694094996634001422,Charming rustic studio with 2 resident cats,25668648,Ling,FALSE,1,TRUE,Bedok,East Region,1.33071,103.94424,Entire guest suite,Entire home/apt,2,1,1,2,24.39,92,365,21,21,21,204,1,0,27-12-2022,27-12-2022,5,5,5,5,5,5,5,0.02,0,0,1,TRUE,12.195,24,FALSE
694577313257572204,Sophisticated 1BR on Balestier Road,138649185,Sidharth,FALSE,492,TRUE,Novena,Central Region,1.32551,103.85063,Entire serviced apartment,Entire home/apt,2,1,1,2,111.09,92,1125,28,58,88,363,0,0,,,,,,,,,,,0,0,215,FALSE,55.545,33,FALSE
696253795962998334,Novena Serviced apartment-Executive One Bedroom 6,24496358,Katherine,TRUE,53,TRUE,Novena,Central Region,1.3185236,103.8475129,Entire serviced apartment,Entire home/apt,4,1,1,3,247.64,6,365,17,42,65,278,14,11,14-04-2025,17-05-2026,5,5,5,5,4.93,4.86,4.93,0.95,132,32688,53,TRUE,61.91,31,FALSE
698050146882892963,Spacious master bed room at Serangoon gardens,25185912,Rebekah,TRUE,18,TRUE,Serangoon,North-East Region,1.36994,103.86533,Private room in home,Private room,1,1,1,1,20.28,92,365,29,59,89,364,0,0,,,,,,,,,,,0,0,18,FALSE,20.28,4,FALSE
701085941036328384,Lovely Shophouse Studio Apartment in Outram 18sqm,138649185,Sidharth,FALSE,492,TRUE,Bukit Merah,Central Region,1.28456,103.83399,Entire serviced apartment,Entire home/apt,2,1,1,2,67.1,92,1125,28,58,88,363,0,0,,,,,,,,,,,0,0,215,FALSE,33.55,29,FALSE
701163182645910620,Compact Studio Apartment Near Outram MRT 20sqm,138649185,Sidharth,FALSE,492,TRUE,Bukit Merah,Central Region,1.28443,103.83375,Entire serviced apartment,Entire home/apt,2,1,1,2,67.1,92,1125,28,58,88,363,0,0,,,,,,,,,,,0,0,215,FALSE,33.55,27,FALSE
701775603166450047,"Affordable Studio in Outram, Singapore (20/37 sqm)",138649185,Sidharth,FALSE,492,TRUE,Bukit Merah,Central Region,1.28608,103.83456,Entire serviced apartment,Entire home/apt,2,1,1,2,76.32,92,1125,28,58,88,363,0,0,,,,,,,,,,,0,0,215,FALSE,38.16,26,FALSE
703934454801368238,Sophisticated Loft Studio in Outram 28 sqm,138649185,Sidharth,FALSE,492,TRUE,Bukit Merah,Central Region,1.2844,103.83387,Entire serviced apartment,Entire home/apt,2,1,1,2,74.47,92,1125,28,58,88,363,0,0,,,,,,,,,,,0,0,215,FALSE,37.235,27,FALSE
706165133122408093,"Amazing Studio in Outram, Singapore (43sqm)",138649185,Sidharth,FALSE,492,TRUE,Outram,Central Region,1.28539,103.83593,Entire serviced apartment,Entire home/apt,2,1,1,2,87.17,92,1125,28,58,88,363,0,0,,,,,,,,,,,0,0,215,FALSE,43.585,26,FALSE
707565204178349010,Jasmine Suite @ Gardens by the Bay,109741357,Lorraine,TRUE,11,TRUE,Marina South,Central Region,1.2784193510925688,103.86193382266596,Entire home,Entire home/apt,4,1,1,2,378,1,1125,2,11,28,267,86,28,03-01-2023,12-06-2026,4.9,4.87,4.84,4.85,4.95,4.93,4.7,2.03,168,63504,11,TRUE,94.5,46,FALSE
707791734054862091,Master bedroom near Pasir Ris MRT / Changi Airport,33399249,Lestario,FALSE,4,TRUE,Pasir Ris,East Region,1.3708796,103.9462779,Private room in bed and breakfast,Private room,2,1,1,2,31.26,92,730,29,59,89,364,0,0,,,,,,,,,,,0,0,4,FALSE,15.63,22,FALSE
709939057124036960,Maple Suite @ Gardens by the Bay,109741357,Lorraine,TRUE,11,TRUE,Marina South,Central Region,1.2782687587017836,103.86198048105926,Entire home,Entire home/apt,4,1,1,2,378,1,1125,5,18,39,295,40,12,24-01-2023,01-06-2026,4.83,4.85,4.83,4.95,4.88,4.93,4.58,0.96,72,27216,11,TRUE,94.5,30,FALSE
712103299601725785,2 Level Elegant & Simple 1 Bedroom Near Central,138649185,Sidharth,FALSE,492,TRUE,Outram,Central Region,1.27636,103.84144,Entire serviced apartment,Entire home/apt,2,1,1,2,228.67,30,730,28,58,88,363,0,0,,,,,,,,,,,0,0,215,FALSE,114.335,30,FALSE
713931790395344585,Juniper Suite @ Gardens by the Bay,109741357,Lorraine,TRUE,11,TRUE,Marina South,Central Region,1.278346046859261,103.8619183054042,Entire home,Entire home/apt,4,1,1,2,359,1,1125,6,20,39,302,33,11,08-02-2023,12-06-2026,4.85,4.85,4.76,4.82,4.94,4.91,4.61,0.8,66,23694,11,TRUE,89.75,40,FALSE
714100989959146472,Mini-Apartment With Kitchenette in Busy Novena,138649185,Sidharth,FALSE,492,TRUE,Novena,Central Region,1.31748,103.84814,Entire serviced apartment,Entire home/apt,2,1,1,1,304.33,6,1125,28,58,88,363,0,0,,,,,,,,,,,0,0,215,FALSE,152.165,30,FALSE
716283486212132297,Bamboo Suite @ Gardens by the Bay,109741357,Lorraine,TRUE,11,TRUE,Marina South,Central Region,1.2783339659926565,103.86197060272994,Entire home,Entire home/apt,4,1,1,2,439,1,1125,6,26,40,305,20,9,08-02-2023,28-04-2026,4.8,4.8,4.85,4.85,4.95,4.85,4.65,0.48,54,23706,11,TRUE,109.75,31,FALSE
720065272403972550,"Excellent Studio Space in Marine Parade, East SG",138649185,Sidharth,FALSE,492,TRUE,Marine Parade,Central Region,1.30143,103.90051,Entire serviced apartment,Entire home/apt,2,1,1,2,76.07,92,1125,28,58,88,363,0,0,,,,,,,,,,,0,0,215,FALSE,38.035,26,FALSE
721480577716308823,"Elegant Studio Space in Marine Parade, East SG",138649185,Sidharth,FALSE,492,TRUE,Marine Parade,Central Region,1.29959,103.90053,Entire serviced apartment,Entire home/apt,2,1,1,2,89.82,92,1125,28,58,88,363,1,0,10-09-2023,10-09-2023,3,4,4,5,4,4,2,0.03,0,0,215,TRUE,44.91,27,FALSE
725927989859971677,Private rm with bathrm+ private work space,477357070,Sk,FALSE,5,TRUE,Woodlands,North Region,1.43283,103.79243,Private room in rental unit,Private room,2,1,1,2,36.67,92,365,29,59,89,364,0,0,,,,,,,,,,,0,0,5,FALSE,18.335,9,FALSE
729304013671976178,"Cheerful, sweet 1 bedroom in a bungalow",141194639,Junhua,FALSE,1,TRUE,Bedok,East Region,1.31692,103.91493,Private room in bungalow,Private room,1,1,1,1,51.25,92,1125,29,59,89,364,0,0,,,,,,,,,,,0,0,1,FALSE,51.25,11,FALSE
730382221702215291,NewPrivateRm+Bath+Mrt Nus Insead 1North,477357070,Sk,FALSE,5,TRUE,Queenstown,Central Region,1.30475,103.7875,Private room in rental unit,Private room,1,1,1,1,41.03,92,1125,29,59,89,364,0,0,,,,,,,,,,,0,0,5,FALSE,41.03,9,FALSE
734588947303112403,Private Pod in Mix Dorm (TYR-API-MIX),50158481,Dream Lodge,FALSE,5,TRUE,Kallang,Central Region,1.3119388,103.8608217,Shared room in bed and breakfast,Shared room,1,5,1,1,38,1,365,29,59,89,181,56,19,28-10-2022,02-05-2026,4.89,4.91,4.79,4.86,4.88,4.84,4.71,1.25,114,4332,5,TRUE,38,10,FALSE
736166550462292842,Penthouse with private jacuzzi pool on the terrace,800558,⁨Kim (金)⁩,FALSE,38,TRUE,Rochor,Central Region,1.31192,103.85386,Entire rental unit,Entire home/apt,2,1,1,1,3903,1,365,29,59,89,364,0,0,,,,,,,,,,,0,0,10,FALSE,1951.5,12,TRUE
741440446304335288,Common room (S) @ central imperial,25375339,シン,FALSE,13,TRUE,Geylang,Central Region,1.3124327,103.8790049,Private room in condo,Private room,1,1,1,1,17.52,92,365,29,59,89,364,3,0,03-06-2023,10-08-2024,5,5,5,5,5,4.67,5,0.08,0,0,12,TRUE,17.52,35,FALSE
742860301106061562,Cozy Room in Upscale Condo by Queenstown MRT,25665790,Monica,FALSE,1,TRUE,Queenstown,Central Region,1.299565,103.8030301,Private room in condo,Private room,1,1,1,1,28.91,92,365,22,52,82,357,0,0,,,,,,,,,,,0,0,1,FALSE,28.91,13,FALSE
746289351820967930,Lovely & cosy 1 bedroom unit with lakeview in city,154321101,Francis,FALSE,1,TRUE,Toa Payoh,Central Region,1.33242,103.85989,Private room in rental unit,Private room,1,1,1,1,18.07,92,365,29,59,89,364,0,0,,,,,,,,,,,0,0,1,FALSE,18.07,15,FALSE
749758789682527413,"Superior 2-BR in Clarke Quay, 3 mins stroll to MRT",138649185,Sidharth,FALSE,492,TRUE,Singapore River,Central Region,1.293,103.84321,Entire serviced apartment,Entire home/apt,4,1,2,4,138.55,92,1125,28,58,88,363,8,0,04-03-2024,02-02-2025,5,5,5,4.75,5,5,4.88,0.28,0,0,215,TRUE,34.6375,42,FALSE
750587874133037662,Master Bedroom Beside Paya Lebar MRT,29270160,Tony,FALSE,4,TRUE,Geylang,Central Region,1.31649,103.89017,Private room in condo,Private room,1,1,1,1,29.53,92,1125,29,59,89,364,0,0,,,,,,,,,,,0,0,1,FALSE,29.53,22,FALSE
754730391420070479,Exciting 1 Bedroom Apartment in Orchard,138649185,Sidharth,FALSE,492,TRUE,River Valley,Central Region,1.2980607739139478,103.83760919030644,Entire serviced apartment,Entire home/apt,2,1,1,2,90.64,92,1125,28,58,88,363,0,0,,,,,,,,,,,0,0,215,FALSE,45.32,25,FALSE
755422693666901841,"2 Bedroom in Clarke Quay, 3 mins stroll to MRT",138649185,Sidharth,FALSE,492,TRUE,Singapore River,Central Region,1.29322,103.84231,Entire serviced apartment,Entire home/apt,3,1,2,3,125.29,92,1125,28,58,88,363,16,0,05-02-2023,05-01-2025,4.69,4.75,4.94,4.81,4.69,4.88,4.5,0.39,0,0,215,TRUE,41.763333333333335,44,FALSE
755560671932535390,"Walk to Mt.Elizabeth, Splendid 2BR-1Bath (55sqm)",138649185,Sidharth,FALSE,492,TRUE,Novena,Central Region,1.32459,103.84747,Entire serviced apartment,Entire home/apt,4,1,2,2,514.17,6,1125,28,58,88,363,6,0,22-11-2022,15-04-2024,4.67,4.5,5,4.67,5,4.67,4.67,0.14,0,0,215,TRUE,128.5425,35,FALSE
756273570620615397,"Luxury at Ease, 1BR@Havelock Rd, Singapore",138649185,Sidharth,FALSE,492,TRUE,Bukit Merah,Central Region,1.29082,103.83102,Entire serviced apartment,Entire home/apt,5,2,2,2,594.67,6,1125,28,58,88,363,2,0,15-08-2023,20-09-2023,4.5,5,5,5,5,5,4,0.06,0,0,215,TRUE,118.934,40,FALSE
760558711125468185,Dew Drops | Emerald Park,300765938,Xacco,FALSE,149,TRUE,Clementi,West Region,1.317,103.76313,Entire condo,Entire home/apt,6,1,3,6,90.05,92,365,29,59,89,364,0,0,,,,,,,,,,,0,0,52,FALSE,15.008333333333333,25,FALSE
762626108952636785,Dashing 3 Bedroom Dual Key Apartment In Orchard,138649185,Sidharth,FALSE,492,TRUE,Newton,Central Region,1.30777,103.83713,Entire serviced apartment,Entire home/apt,6,3,3,4,1347.7,30,1125,28,58,88,363,0,0,,,,,,,,,,,0,0,215,FALSE,224.61666666666667,36,TRUE
764824832337587941,Affordable Rm w/shower@NUS & HawParVilla MRT (403),1439258,K2Guesthouse,FALSE,44,TRUE,Queenstown,Central Region,1.27944,103.7873,Room in hotel,Private room,1,0.5,1,1,172,1,365,4,31,61,207,2,1,29-08-2023,10-07-2025,5,5,5,5,5,4.5,5,0.06,6,1032,44,TRUE,172,17,FALSE
765434508191118626,Affordable Single Rm w/attached shower @NUS (402),1439258,K2Guesthouse,FALSE,44,TRUE,Queenstown,Central Region,1.28097,103.78532,Room in hotel,Private room,1,0.5,1,1,187,1,1125,13,40,70,226,0,0,,,,,,,,,,,0,0,44,FALSE,187,16,FALSE
772751858111782112,Stunning apartment next to MRT,238891646,Neha,FALSE,131,TRUE,Queenstown,Central Region,1.29024,103.80644,Entire rental unit,Entire home/apt,2,1,1,2,111.02,92,365,28,58,88,363,0,0,,,,,,,,,,,0,0,131,FALSE,55.51,10,FALSE
772771788186961823,2 bedroom apartment for Long stays,238891646,Neha,FALSE,131,TRUE,Singapore River,Central Region,1.28951,103.83699,Entire rental unit,Entire home/apt,5,1,2,5,129.42,92,365,28,58,88,363,2,0,08-08-2023,20-09-2023,4.5,5,5,5,5,4.5,3.5,0.06,0,0,131,TRUE,25.883999999999997,14,FALSE
772794978295820785,Luxurious 3 bedroom apt at Havelock Rd,238891646,Neha,FALSE,131,TRUE,Singapore River,Central Region,1.28977,103.8351,Entire rental unit,Entire home/apt,5,1,3,5,184.77,92,365,28,58,88,363,8,0,15-02-2023,28-09-2024,4.88,4.63,4.88,4.88,5,4.63,4.25,0.19,0,0,131,TRUE,36.954,20,FALSE
772939810372343487,Family suite at reasonable rates,238891646,Neha,FALSE,131,TRUE,Bukit Merah,Central Region,1.27217,103.83339,Entire rental unit,Entire home/apt,3,1,1,3,146.84,92,365,29,59,89,364,0,0,,,,,,,,,,,0,0,131,FALSE,48.946666666666665,4,FALSE
773516314294804172,Two bedroom at Queenstown nr MRT,238891646,Neha,FALSE,131,TRUE,Queenstown,Central Region,1.30344,103.79931,Entire rental unit,Entire home/apt,4,1,2,4,123.92,92,365,29,59,89,364,0,0,,,,,,,,,,,0,0,131,FALSE,30.98,9,FALSE
774251290756654693,Private CBD studio with bathroom + housekeeping,13468566,Andy,FALSE,12,TRUE,Downtown Core,Central Region,1.27462,103.84192,Private room in serviced apartment,Private room,2,1,1,1,138.67,6,600,9,39,69,344,9,7,10-03-2024,21-02-2026,5,4.89,5,5,5,5,4.89,0.32,84,11648,12,TRUE,69.335,19,FALSE
774894186564801864,One bedroom apartment at Havelock,238891646,Neha,FALSE,131,TRUE,Singapore River,Central Region,1.28837,103.83528,Entire rental unit,Entire home/apt,2,1,1,2,94.2,92,365,28,58,88,363,0,0,,,,,,,,,,,0,0,131,FALSE,47.1,22,FALSE
774905259693457913,Modern studio near MRT,238891646,Neha,FALSE,131,TRUE,Bukit Merah,Central Region,1.27338,103.83251,Entire rental unit,Entire home/apt,2,1,1,2,77.84,92,365,28,58,88,363,0,0,,,,,,,,,,,0,0,131,FALSE,38.92,11,FALSE
776402004146423339,2 bedroom Loft Apartment at J Gateway,238891646,Neha,FALSE,131,TRUE,Jurong East,West Region,1.33562,103.74456,Entire rental unit,Entire home/apt,4,1,1,4,123.58,92,365,29,59,89,364,0,0,,,,,,,,,,,0,0,131,FALSE,30.895,5,FALSE
776405587327729817,Lovely Superior,461577696,Lillian,TRUE,11,TRUE,Queenstown,Central Region,1.26991,103.79615,Private room in serviced apartment,Private room,2,1,1,1,152.83,6,1125,11,29,59,240,9,1,25-01-2023,08-11-2025,4,4.22,4.22,4.22,4.22,3.89,3.67,0.22,12,1834,9,TRUE,76.415,29,FALSE
777050594898518389,spacious 3 bedroom apartment,238891646,Neha,FALSE,131,TRUE,Queenstown,Central Region,1.30289,103.78339,Entire rental unit,Entire home/apt,4,1,3,4,116.25,92,365,29,59,89,364,0,0,,,,,,,,,,,0,0,131,FALSE,29.0625,7,FALSE
780073511005591824,"Superior 2-BR in Clarke Quay, 3 mins stroll to MRT",138649185,Sidharth,FALSE,492,TRUE,Singapore River,Central Region,1.29278,103.84385,Entire serviced apartment,Entire home/apt,4,1,2,4,139.27,92,1125,28,58,88,363,10,0,08-01-2023,21-11-2024,4.9,5,4.7,4.8,4.7,4.9,4.7,0.24,0,0,215,TRUE,34.8175,47,FALSE
780765568099881227,One Br Loft at Jurong,238891646,Neha,FALSE,131,TRUE,Jurong East,West Region,1.33277,103.7447,Entire rental unit,Entire home/apt,2,1,1,2,99.23,92,365,29,59,89,364,0,0,,,,,,,,,,,0,0,131,FALSE,49.615,7,FALSE
781647041007833052,Lovely private room River Valley ExclusiveBathroom,6675090,Evelyn,FALSE,3,TRUE,Bukit Merah,Central Region,1.29133,103.81897,Private room in rental unit,Private room,1,1,1,1,35.84,92,1125,22,52,82,357,0,0,,,,,,,,,,,0,0,3,FALSE,35.84,24,FALSE
782824856046007586,Modern Room w/ Attached Bathroom DLX,452204023,Lillian,FALSE,9,TRUE,Queenstown,Central Region,1.27011,103.79766,Private room in serviced apartment,Private room,2,1,1,1,149.67,6,365,1,19,49,230,13,5,28-05-2023,01-02-2026,4.54,4.62,4.38,4.85,4.77,4.31,4.38,0.35,60,8980,2,TRUE,74.835,23,FALSE
782868929312051922,Comfy Room w Attached Bathroom SUP,452204023,Lillian,FALSE,9,TRUE,Queenstown,Central Region,1.27208,103.79592,Private room in serviced apartment,Private room,2,1,1,1,149.33,6,365,10,28,50,223,8,2,01-05-2023,25-01-2026,4.63,4.63,4.25,4.5,4.5,4.13,4.5,0.21,24,3584,2,TRUE,74.665,23,FALSE
782994624558127242,Best 1 Bedroom Loft in Orchard,138649185,Sidharth,FALSE,492,TRUE,River Valley,Central Region,1.30198,103.83183,Entire serviced apartment,Entire home/apt,2,1,1,1,521,6,1125,28,58,88,363,0,0,,,,,,,,,,,0,0,215,FALSE,260.5,35,FALSE
783139509330681568,Lovely Studio in Robertson Quay,138649185,Sidharth,FALSE,492,TRUE,Singapore River,Central Region,1.2917016658361782,103.84034998100078,Entire serviced apartment,Entire home/apt,2,1,1,1,550.17,6,1125,28,58,88,363,0,0,,,,,,,,,,,0,0,215,FALSE,275.085,36,FALSE
783686743328860886,4 bedroom beautiful unit near to MRT,238891646,Neha,FALSE,131,TRUE,Clementi,West Region,1.31027,103.7603,Entire rental unit,Entire home/apt,6,1,4,6,177.39,92,365,28,58,88,363,0,0,,,,,,,,,,,0,0,131,FALSE,29.564999999999998,17,FALSE
783702312407337238,One br apt with all amenities,238891646,Neha,FALSE,131,TRUE,River Valley,Central Region,1.29585,103.84183,Entire rental unit,Entire home/apt,2,1,1,1,452.67,6,365,28,58,88,363,0,0,,,,,,,,,,,0,0,131,FALSE,226.335,11,FALSE
784625662380076384,Huge Room+bathTub + Mrt Insead + Kitchen,477357070,Sk,FALSE,5,TRUE,Queenstown,Central Region,1.30605,103.78933,Private room in rental unit,Private room,1,1,1,1,41.46,92,1125,29,59,89,364,0,0,,,,,,,,,,,0,0,5,FALSE,41.46,27,FALSE
784633886415640302,"NewPrivateRm+mrt+bathrm Insead, Nus, Nuh, Essec",477357070,Sk,FALSE,5,TRUE,Queenstown,Central Region,1.30454,103.78924,Private room in rental unit,Private room,1,1,1,1,41.73,92,365,29,59,89,364,0,0,,,,,,,,,,,0,0,5,FALSE,41.73,9,FALSE
786769060719658691,Elegant 1 Bedroom in Orchard,138649185,Sidharth,FALSE,492,TRUE,Newton,Central Region,1.308752951745593,103.83956135589224,Entire serviced apartment,Entire home/apt,2,1,1,2,120.55,92,1125,28,58,88,363,0,0,,,,,,,,,,,0,0,215,FALSE,60.275,38,FALSE
786962032021673825,Luxurious Penthouse,800558,⁨Kim (金)⁩,FALSE,38,TRUE,Kallang,Central Region,1.31314,103.85371,Entire home,Entire home/apt,2,1,1,1,1762,1,365,29,59,89,364,0,0,,,,,,,,,,,0,0,10,FALSE,881,10,TRUE
787356712557404822,Magnificent Studio Apartment In Orchard,138649185,Sidharth,FALSE,492,TRUE,Orchard,Central Region,1.3001,103.84094,Entire serviced apartment,Entire home/apt,2,1,1,1,515.33,6,1125,28,58,88,363,0,0,,,,,,,,,,,0,0,215,FALSE,257.665,37,FALSE
788032671275584829,Catamaran Yacht stay on Southern Islands,492462021,Jane,FALSE,2,TRUE,Southern Islands,Central Region,1.2458361838113126,103.84147656773682,Boat,Entire home/apt,10,1,3,10,1529.05,92,365,29,59,89,364,0,0,,,,,,,,,,,0,0,2,FALSE,152.905,49,TRUE
789762213793578390,4 bed room (shared bathroom),474773234,River City,FALSE,14,TRUE,Singapore River,Central Region,1.2874161,103.8472705,Private room in hostel,Private room,4,1,1,6,157,1,365,18,39,69,331,9,0,23-10-2023,20-10-2024,3.89,4,4,4.67,4.33,4.89,3.78,0.28,0,0,14,TRUE,39.25,6,FALSE
791220299796324757,9 bed mixed dorm (1) in Hostel,474773234,River City,FALSE,14,TRUE,Singapore River,Central Region,1.2874161,103.8472705,Shared room in guesthouse,Shared room,1,1,1,6,41,1,365,29,58,88,361,15,3,24-06-2023,19-04-2026,4.53,4.73,4.53,4.73,4.73,4.8,4.6,0.41,18,738,14,TRUE,41,6,FALSE
791464178877735331,Cozy private room within condo,2224782,Patrick,FALSE,1,TRUE,Bedok,East Region,1.3290669040388363,103.91345534473658,Private room in rental unit,Private room,2,1,1,2,15.72,180,365,29,59,89,364,0,0,,,,,,,,,,,0,0,1,FALSE,7.86,15,FALSE
791628554095781832,Island hopping with MnF Yacht,492462021,Jane,FALSE,2,TRUE,Southern Islands,Central Region,1.2455573,103.8398887,Boat,Entire home/apt,8,1,2,8,1003.67,92,365,29,59,89,364,0,0,,,,,,,,,,,0,0,2,FALSE,125.45875,51,FALSE
791656227144870908,1 BR + Studio Apartment on Mt. Elizabeth,138649185,Sidharth,FALSE,492,TRUE,Orchard,Central Region,1.30787,103.83522,Entire serviced apartment,Entire home/apt,4,2,2,2,809,6,1125,28,58,88,363,0,0,,,,,,,,,,,0,0,215,FALSE,202.25,38,FALSE
791701445015747746,Compact Queen 1 BR Apartment in Newton,138649185,Sidharth,FALSE,492,TRUE,Newton,Central Region,1.30624,103.83679,Entire serviced apartment,Entire home/apt,2,1,1,1,610.67,6,1125,28,58,88,363,0,0,,,,,,,,,,,0,0,215,FALSE,305.335,36,FALSE
791721591826644800,Compact King 1 BR Apartment in Newton,138649185,Sidharth,FALSE,492,TRUE,Newton,Central Region,1.30614,103.8353,Entire serviced apartment,Entire home/apt,2,1,1,1,543.83,6,1125,28,58,88,363,0,0,,,,,,,,,,,0,0,215,FALSE,271.915,36,FALSE
791740870471323064,Family Perfect 2 BR in Apartment on Mt. Elizabeth,138649185,Sidharth,FALSE,492,TRUE,Orchard,Central Region,1.30801,103.83518,Entire serviced apartment,Entire home/apt,4,2,2,3,824.83,6,1125,28,58,88,363,0,0,,,,,,,,,,,0,0,215,FALSE,206.2075,36,FALSE
791827163601709023,Deluxe Triple Room @ Bugis - 02,493110459,Shazryn,FALSE,5,TRUE,Downtown Core,Central Region,1.297491,103.8567369,Room in hotel,Private room,3,1.5,1,2,246,1,365,29,59,89,339,4,0,06-02-2023,01-02-2025,3.5,3.25,3.5,4,3.75,4.25,3.25,0.1,0,0,5,TRUE,82,20,FALSE
791849721681232177,Deluxe Quad Room @ Bugis - 01,493110459,Shazryn,FALSE,5,TRUE,Downtown Core,Central Region,1.297491,103.8567369,Room in hotel,Private room,4,1.5,1,2,269,1,365,29,59,89,339,10,0,06-02-2023,02-02-2025,3.4,3.5,3.3,3.8,4.2,4.3,3,0.24,0,0,5,TRUE,67.25,23,FALSE
791860562256839256,Deluxe Quad Room @ Bugis - 02,493110459,Shazryn,FALSE,5,TRUE,Downtown Core,Central Region,1.297491,103.8567369,Room in hotel,Private room,4,1.5,1,2,269,1,365,29,59,89,339,8,6,18-02-2023,14-06-2026,3.75,3.88,4.13,4.13,4.25,4.38,3.88,0.2,36,9684,5,TRUE,67.25,25,FALSE
792605945909474968,Maggie's home stay,206769167,Maggie Wu,FALSE,5,TRUE,Bedok,East Region,1.3192,103.90811,Private room in rental unit,Private room,1,1,2,1,28.61,92,365,29,59,89,364,0,0,,,,,,,,,,,0,0,5,FALSE,28.61,5,FALSE
794637745493796351,"Walk to Insead, Mrt, Nus, A-Star",477357070,Sk,FALSE,5,TRUE,Queenstown,Central Region,1.3063406518870413,103.78935866249138,Private room in rental unit,Private room,1,1,1,1,52.21,92,365,28,58,88,363,0,0,,,,,,,,,,,0,0,5,FALSE,52.21,8,FALSE
795610316764755392,NEW City Cozy 2QB Studio Apt @Somerset/OrchardArea,61619807,Ong,FALSE,61,FALSE,River Valley,Central Region,1.2967065222139542,103.84007015665424,Entire serviced apartment,Entire home/apt,6,1,1,2,296.21,1,365,19,49,79,349,9,0,23-01-2023,22-02-2024,4.78,4.56,4.78,4.89,4.78,4.89,4.44,0.22,0,0,60,TRUE,49.36833333333333,27,FALSE
797466283592149468,Private room - Fun place to share living,6675090,Evelyn,FALSE,3,TRUE,Bukit Merah,Central Region,1.291022969791401,103.81857390178276,Private room in rental unit,Private room,1,1,1,1,18.43,120,365,22,28,28,235,0,0,,,,,,,,,,,0,0,3,FALSE,18.43,23,FALSE
797803598869629444,New Cosy Studio Apt /Wifi @Somerset/Orchard Area,10248444,Recr,FALSE,64,TRUE,River Valley,Central Region,1.29665,103.83962,Entire serviced apartment,Entire home/apt,4,1,1,1,195.62,6,1125,25,55,85,347,7,2,08-09-2023,06-04-2026,4.29,4.14,4.71,4.71,4.57,4.86,3.57,0.2,24,4695,64,TRUE,48.905,25,FALSE
798224495747266527,"Two-Storey 4 Bed Penthouse, Singapore",138649185,Sidharth,FALSE,492,TRUE,Singapore River,Central Region,1.292649788180439,103.84383949183156,Entire serviced apartment,Entire home/apt,8,1,4,8,288.38,92,730,28,58,88,363,3,0,20-07-2024,22-11-2024,5,5,5,5,4.67,5,4.67,0.13,0,0,215,TRUE,36.0475,33,FALSE
798264417222834841,Deluxe Queen - Non Smoking,494593479,Kelvin,FALSE,7,TRUE,Outram,Central Region,1.2842078,103.8443301,Room in hotel,Private room,2,1,1,1,220,1,60,29,59,89,364,30,14,31-05-2023,19-05-2026,4.77,4.8,4.97,5,4.83,4.9,4.63,0.8,84,18480,7,TRUE,110,20,FALSE
798279586997331039,Premier King - Non Smoking,494593479,Kelvin,FALSE,7,TRUE,Outram,Central Region,1.2841292,103.8444373,Room in hotel,Private room,2,1,1,1,299,1,60,29,59,89,364,2,0,18-06-2023,06-02-2025,5,5,5,4.5,5,5,5,0.05,0,0,7,TRUE,149.5,20,FALSE
798757666767840092,Cosy Ensuite room in Orchard,333322723,Daniel,FALSE,3,TRUE,Newton,Central Region,1.305839301750856,103.84120539777436,Private room in rental unit,Private room,1,1,1,1,30.07,92,365,27,57,87,362,0,0,,,,,,,,,,,0,0,3,FALSE,30.07,10,FALSE
798800453487590434,Orchard New Renovated Cosy Room,333322723,Daniel,FALSE,3,TRUE,Newton,Central Region,1.3064,103.8401,Private room in rental unit,Private room,1,1,1,1,25.88,92,1125,29,59,89,270,0,0,,,,,,,,,,,0,0,3,FALSE,25.88,25,FALSE
800298184755363889,"Downtown: Room for 3 pax, 5 mins walk to MRT",337002461,Rucksack Inn SG,FALSE,18,TRUE,Kallang,Central Region,1.31307,103.86123,Private room in hostel,Private room,3,1,1,2,107,1,365,24,50,78,346,23,20,16-06-2024,07-06-2026,3.7,3.43,3.57,4.3,4.57,4.22,3.7,0.93,120,12840,18,TRUE,35.666666666666664,29,FALSE
801186555335313462,Pagoda Studio Single,23336011,Heritage,TRUE,82,TRUE,Outram,Central Region,1.2825378005134929,103.8431404947198,Room in aparthotel,Entire home/apt,1,1,1,1,132,1,365,12,31,61,328,20,6,19-04-2023,28-06-2026,4.75,4.65,4.9,4.8,4.9,4.9,4.5,0.51,36,4752,71,TRUE,132,32,FALSE
801190296928381142,Superior 2 Bedroom for Family,138649185,Sidharth,FALSE,492,TRUE,Orchard,Central Region,1.30631,103.8329,Entire serviced apartment,Entire home/apt,4,1,2,4,92.59,92,1125,28,58,88,363,0,0,,,,,,,,,,,0,0,215,FALSE,23.1475,34,FALSE
801244918922277430,Luxurious 2 Bedroom Apartment in Orchard,138649185,Sidharth,FALSE,492,TRUE,Orchard,Central Region,1.3081512232975558,103.83410352601535,Entire serviced apartment,Entire home/apt,4,1,2,4,105.54,92,1125,28,58,88,363,0,0,,,,,,,,,,,0,0,215,FALSE,26.385,36,FALSE
801920114737130933,Pagoda Studio (no Window),23336011,Heritage,TRUE,82,TRUE,Outram,Central Region,1.2835403,103.8439533,Room in aparthotel,Entire home/apt,2,1,1,1,106,1,365,27,57,87,361,28,3,26-04-2023,01-10-2025,4.86,4.86,4.86,4.71,4.93,4.96,4.75,0.72,18,1908,71,TRUE,53,32,FALSE
801995107847066327,"Located @ Heart of Orchard, Fabulous 3BR",138649185,Sidharth,FALSE,492,TRUE,River Valley,Central Region,1.301798023388421,103.83156914491316,Entire serviced apartment,Entire home/apt,6,2,3,4,1107.5,6,1125,28,58,88,363,0,0,,,,,,,,,,,0,0,215,FALSE,184.58333333333334,40,FALSE
806295889763785088,Pagoda Junior Loft,23336011,Heritage,TRUE,82,TRUE,Outram,Central Region,1.2835403,103.8439533,Room in aparthotel,Entire home/apt,2,1,1,1,204,1,365,5,13,25,262,4,0,27-04-2023,28-04-2025,5,5,5,4.5,4.5,5,4.75,0.1,0,0,71,TRUE,102,32,FALSE
806312921176965101,Pagoda Loft,23336011,Heritage,TRUE,82,TRUE,Outram,Central Region,1.2835403,103.8439533,Room in aparthotel,Entire home/apt,2,1,1,1,119,1,365,20,48,78,353,137,30,22-04-2023,20-06-2026,4.86,4.88,4.92,4.79,4.94,4.95,4.72,3.53,180,21420,71,TRUE,59.5,34,FALSE
806321235832587602,Pagoda Loft (Skylight),23336011,Heritage,TRUE,82,TRUE,Outram,Central Region,1.2835403,103.8439533,Room in aparthotel,Entire home/apt,2,1,1,1,130.5,1,365,22,52,81,354,20,6,25-04-2023,26-05-2026,5,4.95,4.9,4.8,4.95,4.85,4.85,0.52,36,4698,71,TRUE,65.25,32,FALSE
807695166982817445,Heritage Rich Boutique Hotel,39149468,Ankit,FALSE,1,TRUE,Rochor,Central Region,1.30646,103.85224,Room in hotel,Private room,2,1,1,2,212.71,92,1125,28,58,88,269,0,0,,,,,,,,,,,0,0,1,FALSE,106.355,30,FALSE
809553938268692523,WW I  Historical  Shophouse,218232,Azan,FALSE,1,TRUE,Geylang,Central Region,1.3127962552471346,103.90121206641196,Entire home,Entire home/apt,6,1,1,6,50.15,92,1125,29,59,89,270,0,0,,,,,,,,,,,0,0,1,FALSE,8.358333333333333,15,FALSE
810376811309754844,Executive Queen - Non Smoking,494593479,Kelvin,FALSE,7,TRUE,Outram,Central Region,1.2842078,103.8443301,Room in hotel,Private room,2,1,1,1,247,1,60,29,59,89,364,8,0,19-03-2023,09-08-2024,4.88,5,4.88,5,4.88,5,4.63,0.2,0,0,7,TRUE,123.5,20,FALSE
821368634251644679,Uptown@Farrer | 3 BR Apartment,300765938,Xacco,FALSE,149,TRUE,Kallang,Central Region,1.31342,103.8565,Entire rental unit,Entire home/apt,6,1,3,6,113.84,90,365,29,59,89,364,0,0,,,,,,,,,,,0,0,52,FALSE,18.973333333333333,13,FALSE
821552256539345322,Pocket Friendly 2 Bedroom Apartment Near Clementi,138649185,Sidharth,FALSE,492,TRUE,Clementi,West Region,1.317725471499779,103.76141706175063,Entire serviced apartment,Entire home/apt,4,1,2,4,96.15,92,1125,28,58,88,363,0,0,,,,,,,,,,,0,0,215,FALSE,24.0375,28,FALSE
822046864609541529,Condo loft master bed room,36773968,Winnie,FALSE,1,TRUE,Bukit Batok,West Region,1.3630598842489652,103.76410994678736,Private room in rental unit,Private room,1,1,1,1,31.83,92,365,29,59,89,364,1,0,20-06-2023,20-06-2023,2,1,4,5,4,2,2,0.03,0,0,1,TRUE,31.83,38,FALSE
822059164708734993,Standard Single - Non Smoking,494593479,Kelvin,FALSE,7,TRUE,Outram,Central Region,1.28424,103.84429,Room in hotel,Private room,1,1,1,1,172,1,60,29,59,89,362,7,0,20-03-2023,12-10-2024,4.86,4.86,5,5,5,5,4.86,0.18,0,0,7,TRUE,172,19,FALSE
822888625164562641,Cozy unit at Excellent location,238891646,Neha,FALSE,131,TRUE,Novena,Central Region,1.3175341495111728,103.84876671624976,Entire rental unit,Entire home/apt,2,1,1,1,280.23,30,365,28,58,88,363,0,0,,,,,,,,,,,0,0,131,FALSE,140.115,17,FALSE
822923084996611859,"Pleasant Studio Apartment in Beach Road, Singapore",138649185,Sidharth,FALSE,492,TRUE,Rochor,Central Region,1.3031105528068545,103.86111756706237,Entire serviced apartment,Entire home/apt,2,1,1,2,75.22,92,1125,28,58,88,363,0,0,,,,,,,,,,,0,0,215,FALSE,37.61,27,FALSE
823005527495504331,Lovely 1 Bedroom Apartment Near Nicoll Highway MRT,138649185,Sidharth,FALSE,492,TRUE,Rochor,Central Region,1.30189,103.86147,Entire serviced apartment,Entire home/apt,2,1,1,2,90.18,92,1125,28,58,88,363,0,0,,,,,,,,,,,0,0,215,FALSE,45.09,30,FALSE
823723343533782820,Premium 1BR on Balestier Road,138649185,Sidharth,FALSE,492,TRUE,Novena,Central Region,1.325105176629394,103.8501672,Entire serviced apartment,Entire home/apt,2,1,1,2,97.2,92,1125,28,58,88,363,0,0,,,,,,,,,,,0,0,215,FALSE,48.6,30,FALSE
823988366264665533,Co-living space @9CR M-room,260771308,Buchao,FALSE,2,TRUE,Kallang,Central Region,1.31328,103.84581,Private room in townhouse,Private room,2,1,1,2,26.16,92,365,0,0,0,243,0,0,,,,,,,,,,,0,0,2,FALSE,13.08,37,FALSE
824228729224079234,Wonderful Studio Apartment in Bugis,138649185,Sidharth,FALSE,492,TRUE,Kallang,Central Region,1.303539494097414,103.86139825580094,Entire serviced apartment,Entire home/apt,2,1,1,2,74.15,92,1125,28,58,88,363,0,0,,,,,,,,,,,0,0,215,FALSE,37.075,30,FALSE
824328676429321602,Studio Apartment Near Novena MRT,138649185,Sidharth,FALSE,492,TRUE,Novena,Central Region,1.3194372444500622,103.84699714464948,Entire serviced apartment,Entire home/apt,2,1,1,1,340.17,6,365,28,58,88,363,0,0,,,,,,,,,,,0,0,215,FALSE,170.085,29,FALSE
825166191429610435,Co-living space @9CR S-Room,260771308,Buchao,FALSE,2,TRUE,Kallang,Central Region,1.3132577562532082,103.84767039022935,Private room in townhouse,Private room,1,1,1,1,35.03,92,1125,29,59,89,364,0,0,,,,,,,,,,,0,0,2,FALSE,35.03,10,FALSE
825255331473955825,"Classic 3 BR, Jurong East",238891646,Neha,FALSE,131,TRUE,Jurong East,West Region,1.33751,103.74602,Entire rental unit,Entire home/apt,6,1,3,6,169.37,92,365,28,58,88,363,1,0,22-08-2023,22-08-2023,5,5,5,5,5,5,5,0.03,0,0,131,TRUE,28.228333333333335,25,FALSE
825579456713831810,2-bedroom residence - serviced,800558,⁨Kim (金)⁩,FALSE,38,TRUE,Downtown Core,Central Region,1.27669,103.84954,Entire rental unit,Entire home/apt,4,2.5,2,3,1393,1,365,29,59,89,364,5,3,20-05-2023,22-03-2026,4.2,4.8,5,4.6,4.8,5,4,0.13,18,25074,10,TRUE,348.25,20,TRUE
825778372859012212,Spacious 1 Bedroom w/h kitchen,138649185,Sidharth,FALSE,492,TRUE,Novena,Central Region,1.325576098,103.85117228557446,Entire serviced apartment,Entire home/apt,2,1,1,2,118.11,92,1125,28,58,88,363,0,0,,,,,,,,,,,0,0,215,FALSE,59.055,32,FALSE
825798658694498618,Sweet 1 Bedroom Garden Suite,138649185,Sidharth,FALSE,492,TRUE,Novena,Central Region,1.32361,103.85045,Entire serviced apartment,Entire home/apt,2,1,1,2,101.76,92,1125,28,58,88,363,0,0,,,,,,,,,,,0,0,215,FALSE,50.88,32,FALSE
826508772917498456,Pasir Panjang-1BR near NUS Insead Essec Science Pk,21378632,Christine,FALSE,1,TRUE,Queenstown,Central Region,1.29148,103.77247,Entire rental unit,Entire home/apt,2,1,1,2,44.3,92,365,29,59,89,364,1,0,26-12-2024,26-12-2024,4,5,4,5,5,4,3,0.05,0,0,1,TRUE,22.15,13,FALSE
827845795285182475,Studio Suite at Stevens - Newly Renovated,501291108,The Assembly Place,FALSE,5,TRUE,Tanglin,Central Region,1.31584,103.82831,Entire rental unit,Entire home/apt,2,1,1,1,290,6,365,20,50,80,348,11,0,01-05-2023,17-11-2024,4.18,4.09,4.27,4.55,3.91,4.27,3.91,0.29,0,0,5,TRUE,145,7,FALSE
827875125532071454,Premium studio near MRT,238891646,Neha,FALSE,131,TRUE,Bukit Merah,Central Region,1.28899,103.8319,Entire rental unit,Entire home/apt,2,1,1,1,418.5,6,365,28,58,88,363,0,0,,,,,,,,,,,0,0,131,FALSE,209.25,28,FALSE
827991952733479579,Luxury 2 Bedroom Apartment in Singapore,138649185,Sidharth,FALSE,492,TRUE,Downtown Core,Central Region,1.2837688267107676,103.85095071613272,Entire serviced apartment,Entire home/apt,3,2,2,2,747.17,30,1125,28,58,88,363,0,0,,,,,,,,,,,0,0,215,FALSE,249.05666666666664,43,FALSE
829322076860791922,"1BR in Heritage collection @Orchard, Singapore",138649185,Sidharth,FALSE,492,TRUE,Orchard,Central Region,1.307219111127635,103.83525834425856,Entire serviced apartment,Entire home/apt,3,1,1,3,114.44,92,1125,28,58,88,363,1,0,04-12-2024,04-12-2024,5,5,5,4,4,5,5,0.05,0,0,215,TRUE,38.14666666666667,51,FALSE
829369314741369503,Charming 1 BR Apartment in a Heritage Property,138649185,Sidharth,FALSE,492,TRUE,Orchard,Central Region,1.30708,103.83494,Entire serviced apartment,Entire home/apt,3,1,1,3,160.76,92,1125,28,58,88,363,0,0,,,,,,,,,,,0,0,215,FALSE,53.586666666666666,37,FALSE
830754747969256751,"Heritage Vibes in 1BR, River Valley Singapore",138649185,Sidharth,FALSE,492,TRUE,River Valley,Central Region,1.2916366309707967,103.83925599062232,Entire serviced apartment,Entire home/apt,2,1,1,2,87.83,90,1125,28,58,88,363,3,0,20-07-2023,24-12-2023,5,5,4.67,5,5,5,4.67,0.08,0,0,215,TRUE,43.915,38,FALSE
831008711204150847,1 Bedroom Service Apartment - City Centre,501291108,The Assembly Place,FALSE,5,TRUE,Tanglin,Central Region,1.31532,103.8278,Entire rental unit,Entire home/apt,2,1,1,1,300,6,365,0,21,51,326,7,0,29-07-2023,17-01-2025,4.29,4.14,4.43,4.86,4,3.86,4,0.2,0,0,5,TRUE,150,9,FALSE
831017287232611543,2 Bedroom Service Apartment - Near to Orchard Rd,501291108,The Assembly Place,FALSE,5,TRUE,Tanglin,Central Region,1.316796446,103.82611270492224,Entire rental unit,Entire home/apt,4,2,2,2,380,6,365,24,54,84,359,23,0,09-04-2023,17-10-2024,4.13,3.91,3.52,4.52,3.96,4.7,4.04,0.59,0,0,5,TRUE,95,9,FALSE
831033318344000073,"3 Bedroom Superior Service Apt, City Centre",501291108,The Assembly Place,FALSE,5,TRUE,Tanglin,Central Region,1.31559,103.82779,Entire rental unit,Entire home/apt,5,3,3,4,450,6,365,17,37,66,341,14,1,11-04-2023,10-12-2025,3.86,3.79,3.79,4.14,3.64,4.29,3.71,0.36,12,5400,5,TRUE,90,9,FALSE
831518184194402625,Alluring apartment at Havelock road for short stay,238891646,Neha,FALSE,131,TRUE,Bukit Merah,Central Region,1.289286747687621,103.83054938537006,Entire serviced apartment,Entire home/apt,4,2,1,1,426.17,6,365,28,58,88,363,1,0,12-08-2024,12-08-2024,5,5,5,5,5,5,5,0.04,0,0,131,TRUE,106.5425,27,FALSE
831688296592919472,Spacious 1 Bedroom Apartment in Novena,138649185,Sidharth,FALSE,492,TRUE,Novena,Central Region,1.31788,103.84873,Entire serviced apartment,Entire home/apt,2,1,1,1,384.33,6,1125,28,58,88,363,0,0,,,,,,,,,,,0,0,215,FALSE,192.165,30,FALSE
832538193209880053,New City Family 2-Beds Studio-Somerset/OrchardArea,46685310,Yyin,FALSE,71,TRUE,River Valley,Central Region,1.29472,103.84018,Entire serviced apartment,Entire home/apt,5,1,1,2,288.19,6,1125,19,49,79,341,14,4,30-04-2023,30-01-2026,4.71,4.79,4.64,4.79,4.79,4.64,4.57,0.36,48,13833,71,TRUE,57.638,23,FALSE
833763737295484530,Suited hotel room near MRT,238891646,Neha,FALSE,131,TRUE,Bukit Merah,Central Region,1.283787410280369,103.83323928143926,Room in hotel,Private room,2,1,1,1,312,2,365,28,58,88,363,0,0,,,,,,,,,,,0,0,131,FALSE,156,12,FALSE
833899373927609367,Spacious 4BR near NUS,300765938,Xacco,FALSE,149,TRUE,Clementi,West Region,1.3217956387332714,103.75399097117142,Entire rental unit,Entire home/apt,6,1,4,6,122.47,92,365,29,59,89,364,0,0,,,,,,,,,,,0,0,52,FALSE,20.411666666666665,17,FALSE
833977887503098646,Luxury Retreat in the Heart of Clementi,300765938,Xacco,FALSE,149,TRUE,Clementi,West Region,1.3177054977257647,103.75498911129674,Entire rental unit,Entire home/apt,6,1,4,6,112.83,92,365,8,8,8,272,0,0,,,,,,,,,,,0,0,52,FALSE,18.805,13,FALSE
835904017609907338,Studio at perfect place,238891646,Neha,FALSE,131,TRUE,River Valley,Central Region,1.2969074558505231,103.84047568743637,Entire rental unit,Entire home/apt,2,1,1,1,407.17,6,365,28,58,88,363,0,0,,,,,,,,,,,0,0,131,FALSE,203.585,9,FALSE
836738298166681497,Spacious 2 Bedroom Apartment in Woodleigh,138649185,Sidharth,FALSE,492,TRUE,Toa Payoh,Central Region,1.3375185241116403,103.86812651552653,Entire serviced apartment,Entire home/apt,4,1,2,4,94.27,92,365,28,58,88,363,0,0,,,,,,,,,,,0,0,215,FALSE,23.5675,29,FALSE
837278001762525399,Hotel Serviced Farm Stay Accommodation,30168263,Objet D ART,FALSE,2,TRUE,Marine Parade,Central Region,1.30544,103.89373,Private room in home,Private room,2,1,1,2,44.11,92,365,29,59,89,364,0,0,,,,,,,,,,,0,0,2,FALSE,22.055,10,FALSE
837949620721483341,Hotel Serviced Farm Stay Accommodation,30168263,Objet D ART,FALSE,2,TRUE,Marine Parade,Central Region,1.304226598812474,103.89460837467644,Private room in home,Private room,1,1,1,1,25.08,92,365,29,59,89,364,0,0,,,,,,,,,,,0,0,2,FALSE,25.08,9,FALSE
838851522557267244,"Fabulous 2 Bedroom Apartment in Jurong, Singapore",138649185,Sidharth,FALSE,492,TRUE,Jurong East,West Region,1.33679,103.74291,Entire serviced apartment,Entire home/apt,4,1,2,4,92.59,92,1125,28,58,88,363,0,0,,,,,,,,,,,0,0,215,FALSE,23.1475,33,FALSE
838867174319410951,Ensuite room in landed Home,243474450,Mark,FALSE,2,TRUE,Pasir Ris,East Region,1.3610906981723896,103.96791644998264,Private room in home,Private room,1,1,1,1,20.28,92,365,29,59,89,364,1,0,16-08-2023,16-08-2023,5,5,4,5,5,4,5,0.03,0,0,2,TRUE,20.28,16,FALSE
840338886577189778,Private room w/ private bathroom,9716032,Margaret,FALSE,1,TRUE,Marine Parade,Central Region,1.29653,103.89391,Private room in rental unit,Private room,1,1,1,1,34.26,92,365,22,52,82,357,0,0,,,,,,,,,,,0,0,1,FALSE,34.26,38,FALSE
841098685339489415,"Duplex Pool View with Balcony, Luxe 3BR in SG",138649185,Sidharth,FALSE,492,TRUE,Tanglin,Central Region,1.3089818521719585,103.82638578274924,Entire serviced apartment,Entire home/apt,7,2,3,3,1197.33,6,1125,22,52,82,357,0,0,,,,,,,,,,,0,0,215,FALSE,171.04714285714286,53,FALSE
843285569659447374,Heveanly 2 Bedroom Apartment Near MRT Station,138649185,Sidharth,FALSE,492,TRUE,Toa Payoh,Central Region,1.3375674692269317,103.87097195841692,Entire serviced apartment,Entire home/apt,4,1,2,4,96.03,92,1125,28,58,88,363,0,0,,,,,,,,,,,0,0,215,FALSE,24.0075,33,FALSE
846085840657880506,"Modern 2 Bedroom Near Marymount, Singapore",138649185,Sidharth,FALSE,492,TRUE,Bishan,Central Region,1.35128,103.8521,Entire serviced apartment,Entire home/apt,3,1,2,3,97.27,92,650,28,58,88,363,0,0,,,,,,,,,,,0,0,215,FALSE,32.42333333333333,31,FALSE
846297658713595280,Tiny Away Escape at Lazarus - 1900,504706105,Tiny Away,TRUE,5,TRUE,Southern Islands,Central Region,1.22272,103.85454,Entire home,Entire home/apt,4,1,1,2,420,1,14,0,5,10,91,0,0,,,,,,,,,,,0,0,5,FALSE,105,35,FALSE
851052793984170859,Centrally located 1 bedroom apartment,238891646,Neha,FALSE,131,TRUE,Bukit Merah,Central Region,1.2887435139625916,103.83174216275182,Entire serviced apartment,Entire home/apt,3,2,1,1,423.67,6,365,28,58,88,363,0,0,,,,,,,,,,,0,0,131,FALSE,141.22333333333333,19,FALSE
851980188132812708,Dreamy Desk | Pine Grove,300765938,Xacco,FALSE,149,TRUE,Bukit Timah,Central Region,1.318970489602758,103.77304713141471,Entire rental unit,Entire home/apt,6,1,4,6,98.49,92,365,27,57,87,362,0,0,,,,,,,,,,,0,0,52,FALSE,16.415,4,FALSE
852593319292806152,Ravishing 3 Bedroom Dual Key near Marina Bay,138649185,Sidharth,FALSE,492,TRUE,Downtown Core,Central Region,1.2764779658915522,103.84741500561664,Entire serviced apartment,Entire home/apt,6,1,3,6,364.6,92,1125,28,58,88,363,0,0,,,,,,,,,,,0,0,215,FALSE,60.76666666666667,41,FALSE
853124282207206763,Suite | 1 living room and 1 bedroom,38753656,Mary,FALSE,2,TRUE,Southern Islands,Central Region,1.252302417310923,103.82032262628184,Room in hotel,Private room,4,3,1,1,911,1,1125,29,57,87,268,5,2,05-02-2024,20-10-2025,5,5,5,5,5,5,5,0.17,12,10932,2,TRUE,227.75,18,FALSE
853329364720420427,Ann Siang Single No Window,23336011,Heritage,TRUE,82,TRUE,Outram,Central Region,1.2809318,103.8457579,Entire rental unit,Entire home/apt,1,1,1,1,123,6,365,17,24,43,318,38,3,21-03-2024,02-02-2026,4.82,4.74,4.84,4.74,4.84,4.95,4.76,1.37,36,4428,71,TRUE,123,13,FALSE
853329655146229701,Pagoda Junior Studio,23336011,Heritage,TRUE,82,TRUE,Outram,Central Region,1.2835403,103.8439533,Room in aparthotel,Entire home/apt,2,1,1,1,112.5,1,365,26,53,83,357,40,18,25-04-2023,19-05-2026,4.85,4.9,4.98,4.53,4.95,4.93,4.63,1.03,108,12150,71,TRUE,56.25,33,FALSE
853333353954940277,Pagoda Studio Deluxe,23336011,Heritage,TRUE,82,TRUE,Outram,Central Region,1.2835403,103.8439533,Room in aparthotel,Entire home/apt,2,1,1,1,155,1,365,13,35,59,312,65,19,25-04-2023,27-06-2026,4.88,4.91,4.89,4.69,4.89,4.89,4.78,1.68,114,17670,71,TRUE,77.5,32,FALSE
856131872826507885,Cosy whole unit near Novena,37964493,Kingsley,FALSE,6,TRUE,Novena,Central Region,1.3250729,103.8491117,Entire rental unit,Entire home/apt,4,1,1,4,77.61,92,999,29,59,89,364,0,0,,,,,,,,,,,0,0,6,FALSE,19.4025,8,FALSE
856338018320193673,The Hamlet | Mayfair,300765938,Xacco,FALSE,149,TRUE,Jurong East,West Region,1.3334332010564338,103.74497267056476,Entire rental unit,Entire home/apt,4,1,3,4,107.96,92,365,0,0,0,274,0,0,,,,,,,,,,,0,0,52,FALSE,26.99,10,FALSE
856893840908837829,Interconnecting private 2 Bedroom in Little India,138649185,Sidharth,FALSE,492,TRUE,Rochor,Central Region,1.3058736796478736,103.85183691214688,Entire serviced apartment,Entire home/apt,4,1,2,4,221.7,92,1125,28,58,88,363,2,0,04-01-2024,08-03-2024,5,5,5,4.5,5,5,4,0.07,0,0,215,TRUE,55.425,35,FALSE
856920920842811808,Boho Kingdom | Lucky Plaza,300765938,Xacco,FALSE,149,TRUE,Orchard,Central Region,1.3036139241511238,103.83343091032164,Entire rental unit,Entire home/apt,6,1,3,6,106.17,92,365,0,11,41,316,0,0,,,,,,,,,,,0,0,52,FALSE,17.695,8,FALSE
857738312058474471,Divine Dynasty | Botannia,300765938,Xacco,FALSE,149,TRUE,Clementi,West Region,1.31716,103.75485,Entire rental unit,Entire home/apt,6,1,4,6,104.74,92,365,28,58,88,363,0,0,,,,,,,,,,,0,0,52,FALSE,17.456666666666667,17,FALSE
857776843491356459,Pretty Paradise | Parc Riviera,300765938,Xacco,FALSE,149,TRUE,Clementi,West Region,1.31964,103.75282,Entire rental unit,Entire home/apt,6,1,3,6,114.41,92,365,28,58,88,363,0,0,,,,,,,,,,,0,0,52,FALSE,19.06833333333333,9,FALSE
857794766634277790,Light House | Parc Riviera,300765938,Xacco,FALSE,149,TRUE,Clementi,West Region,1.319617329261935,103.75410056413216,Entire rental unit,Entire home/apt,6,1,4,6,93.98,92,365,29,59,89,364,0,0,,,,,,,,,,,0,0,52,FALSE,15.663333333333334,10,FALSE
859162396804139167,Pleasure Takeaway | Infiniti,300765938,Xacco,FALSE,149,TRUE,Clementi,West Region,1.31929,103.75446,Entire rental unit,Entire home/apt,6,1,3,6,88.62,92,365,29,59,89,364,0,0,,,,,,,,,,,0,0,52,FALSE,14.770000000000001,8,FALSE
859166984543739649,White Dove | Dover Parkview,300765938,Xacco,FALSE,149,TRUE,Queenstown,Central Region,1.3051013571060586,103.78399088642408,Entire rental unit,Entire home/apt,6,1,6,6,103.12,92,365,0,0,0,274,0,0,,,,,,,,,,,0,0,52,FALSE,17.186666666666667,8,FALSE
859171597002185671,Green Glaze | Hundred Trees,300765938,Xacco,FALSE,149,TRUE,Clementi,West Region,1.3156691187669365,103.75728750335122,Entire rental unit,Entire home/apt,6,1,3,6,101.51,92,365,28,58,88,363,0,0,,,,,,,,,,,0,0,52,FALSE,16.918333333333333,8,FALSE
859186207745669919,Bloom Bright | Botannia,300765938,Xacco,FALSE,149,TRUE,Clementi,West Region,1.3168119880015252,103.7533935190184,Entire rental unit,Entire home/apt,5,1,3,5,101.51,92,365,29,59,89,364,0,0,,,,,,,,,,,0,0,52,FALSE,20.302,8,FALSE
859837503480355610,Amazing 2 Bedroom Apartment in Woodleigh,138649185,Sidharth,FALSE,492,TRUE,Toa Payoh,Central Region,1.33938,103.86862,Entire serviced apartment,Entire home/apt,4,1,2,4,92.59,92,1125,28,58,88,363,0,0,,,,,,,,,,,0,0,215,FALSE,23.1475,30,FALSE
861528967359064492,"Beautiful, clean private room",106363186,Adam,FALSE,1,TRUE,Bedok,East Region,1.32242,103.92348,Private room in home,Private room,2,1,1,2,20.05,92,365,29,59,89,364,0,0,,,,,,,,,,,0,0,1,FALSE,10.025,5,FALSE
861583739734518986,Next to Boon Lay MRT & Jurong Pt,70790155,文彬,FALSE,1,TRUE,Jurong West,West Region,1.3397592,103.702718,Private room in rental unit,Private room,1,1,1,1,9.88,184,365,29,59,89,364,0,0,,,,,,,,,,,0,0,1,FALSE,9.88,4,TRUE
863260350382867564,Serviced Condo | Private Balcony to Stunning View!,118496059,Ashton,TRUE,7,TRUE,Singapore River,Central Region,1.2907055688285132,103.83677102895405,Private room in rental unit,Private room,1,1,1,1,32.04,92,730,0,0,0,274,2,0,03-02-2024,29-06-2024,5,5,5,5,5,5,5,0.07,0,0,6,TRUE,32.04,83,FALSE
863992542062626637,Serviced Studio with Private Kitchen/Bath in Apt!,118496059,Ashton,TRUE,7,TRUE,Singapore River,Central Region,1.2910059,103.8367867,Entire guest suite,Entire home/apt,2,1,1,2,57.62,85,730,0,0,0,213,6,1,03-02-2024,20-12-2025,5,5,5,5,5,5,4.83,0.2,170,9795,6,TRUE,28.81,91,FALSE
864099010095266648,Executive Twin - Non Smoking,494593479,Kelvin,FALSE,7,TRUE,Outram,Central Region,1.2842078,103.8443301,Room in hotel,Private room,2,1,1,2,276,1,60,27,57,87,362,4,2,31-12-2023,11-01-2026,4.5,4.75,4.75,5,4.75,5,4.75,0.13,12,3312,7,TRUE,138,15,FALSE
864117612353918427,Loft Suite - Non Smoking,494593479,Kelvin,FALSE,7,TRUE,Outram,Central Region,1.2841292,103.8444373,Room in hotel,Private room,2,1,1,1,366,1,60,29,59,89,364,3,1,17-11-2023,14-11-2025,5,4.67,5,5,4.67,4.67,4,0.09,6,2196,7,TRUE,183,15,FALSE
864321103080953349,Ultra Luxury 2 Bedroom Apartment In Orchard,138649185,Sidharth,FALSE,492,TRUE,Orchard,Central Region,1.3019393157411818,103.83357392144352,Entire serviced apartment,Entire home/apt,4,2,2,3,1033.17,6,1125,28,58,88,363,0,0,,,,,,,,,,,0,0,215,FALSE,258.2925,36,FALSE
865140811030135378,Luxury 2BR @Heart of Orchard,328275828,Yuri,FALSE,1,TRUE,River Valley,Central Region,1.3018,103.82871,Entire rental unit,Entire home/apt,4,1,2,4,164.43,92,1125,29,59,89,364,0,0,,,,,,,,,,,0,0,1,FALSE,41.1075,10,FALSE
866448854492965889,"Luxury at Ease, 2BR @ Havelock Road, Singapore",138649185,Sidharth,FALSE,492,TRUE,Bukit Merah,Central Region,1.28919,103.83237,Entire serviced apartment,Entire home/apt,5,2,2,2,772,6,1125,28,58,88,363,1,0,24-09-2023,24-09-2023,5,5,5,5,5,5,5,0.03,0,0,215,TRUE,154.4,41,FALSE
867296050291666116,Spacious 2 bedroom apt near MRT,238891646,Neha,FALSE,131,TRUE,Bukit Merah,Central Region,1.28918,103.83199,Entire serviced apartment,Entire home/apt,6,3,2,3,662.17,6,365,28,58,88,363,4,1,20-05-2023,04-10-2025,3.5,3.75,4,4.25,5,4.5,3,0.11,12,7946,131,TRUE,110.36166666666666,23,FALSE
867784939403972660,Tanjong Pagar Private Room,135778052,Donovan,FALSE,1,TRUE,Outram,Central Region,1.27691,103.842,Private room in rental unit,Private room,1,1,1,1,29.5,92,365,28,58,88,269,0,0,,,,,,,,,,,0,0,1,FALSE,29.5,9,FALSE
869099179388879329,Room with a View in a Luxury Serviced Condo!,118496059,Ashton,TRUE,7,TRUE,Singapore River,Central Region,1.2909412,103.8365514,Private room in rental unit,Private room,1,1,1,1,30.22,92,730,1,31,61,336,9,0,26-05-2023,30-10-2024,5,5,4.78,5,5,5,4.78,0.24,0,0,6,TRUE,30.22,90,FALSE
870150798623777606,Serviced Room | Private Balcony | Amazing View!,118496059,Ashton,TRUE,7,TRUE,Singapore River,Central Region,1.2909412,103.8365514,Private room in rental unit,Private room,1,1,1,1,32.04,92,730,29,59,89,364,9,1,19-08-2023,29-10-2025,5,4.78,4.89,5,5,5,4.78,0.26,184,5895,6,TRUE,32.04,85,FALSE
870182864930871777,Cozy Room with a View in a Luxury Service Condo!,118496059,Ashton,TRUE,7,TRUE,Singapore River,Central Region,1.2909412,103.8365514,Private room in rental unit,Private room,1,1,1,1,28.6,92,730,0,0,4,279,5,1,02-12-2023,30-08-2025,5,5,5,5,5,5,4.8,0.16,184,5262,6,TRUE,28.6,90,FALSE
872033189275592946,9 bed mixed dorm (8) in Hostel,474773234,River City,FALSE,14,TRUE,Singapore River,Central Region,1.2875018,103.8471468,Shared room in bed and breakfast,Shared room,1,3,1,9,41,1,365,29,58,88,187,5,1,12-06-2023,23-07-2025,4.6,4.8,4.6,4.2,4.4,4.8,4.8,0.13,6,246,14,TRUE,41,6,FALSE
873140844618962944,New Deluxe Studio Apt /WFI @ Orchard/Somerset Area,109333133,Pat,FALSE,73,TRUE,River Valley,Central Region,1.29485,103.83985,Entire serviced apartment,Entire home/apt,6,1,1,1,240,1,1125,20,50,80,257,7,2,06-06-2023,18-12-2025,4.86,4.86,4.86,4.71,4.86,4.86,4.71,0.19,12,2880,73,TRUE,40,21,FALSE
873151302770286080,New Cozy Studio Apt w WIFI@ Somerset/Orchard Area,61619807,Ong,FALSE,61,FALSE,River Valley,Central Region,1.2944586828684883,103.83859572103134,Entire serviced apartment,Entire home/apt,5,1,1,1,225,1,365,20,50,80,349,19,6,23-05-2023,23-02-2026,4.68,4.68,4.63,4.84,4.79,4.74,4.58,0.5,36,8100,60,TRUE,45,25,FALSE
873151554401594108,New City Studio Apt/Balcony-Somerset/Orchard Area,10248444,Recr,FALSE,64,TRUE,River Valley,Central Region,1.2960642871298371,103.84030144403322,Entire serviced apartment,Entire home/apt,4,1,1,1,201.76,1,1125,25,55,85,354,18,5,23-06-2023,08-06-2026,4.56,4.5,4.5,4.5,4.56,4.5,4.5,0.49,30,6053,64,TRUE,50.44,28,FALSE
873151881500059276,New Cozy Studio w Balcony @ Somerset/Orchard Area,46685310,Yyin,FALSE,71,TRUE,River Valley,Central Region,1.296441189428549,103.83791686057155,Entire serviced apartment,Entire home/apt,3,1,1,1,227.35,1,365,23,44,74,343,6,2,05-05-2023,17-04-2026,4.67,4.83,4.67,4.83,4.67,4.83,4.83,0.16,12,2728,71,TRUE,75.78333333333333,26,FALSE
873159641216775580,New Comfy Studio Apt @ Somerset/City Area,61619807,Ong,FALSE,61,FALSE,River Valley,Central Region,1.2959392293188616,103.83816964934913,Entire serviced apartment,Entire home/apt,4,1,1,1,230.37,6,365,25,55,85,347,5,0,13-06-2023,16-02-2024,4.6,4.6,4.6,4.6,4.8,4.8,4.6,0.13,0,0,60,TRUE,57.5925,20,FALSE
878016322780322976,Orchard Court for rent,197843965,Toshiko,FALSE,1,TRUE,River Valley,Central Region,1.2972082894003274,103.84135571444378,Entire rental unit,Entire home/apt,2,1,1,2,75.61,95,180,29,59,89,364,0,0,,,,,,,,,,,0,0,1,FALSE,37.805,5,FALSE
878488989399491669,1980 by Tiny Away,504706105,Tiny Away,TRUE,5,TRUE,Southern Islands,Central Region,1.22272,103.85454,Entire home,Entire home/apt,4,1,1,2,346,1,14,15,31,53,160,1,0,05-02-2025,05-02-2025,5,5,5,5,5,5,5,0.06,0,0,5,TRUE,86.5,33,FALSE
878489235812091594,Tiny Away Escape at Lazarus - 1960,504706105,Tiny Away,TRUE,5,TRUE,Southern Islands,Central Region,1.22272,103.85454,Entire home,Entire home/apt,4,1,1,2,420,1,14,1,10,21,101,0,0,,,,,,,,,,,0,0,5,FALSE,105,35,FALSE
878489359707000351,2000 by Tiny Away,504706105,Tiny Away,TRUE,5,TRUE,Southern Islands,Central Region,1.22272,103.85454,Entire home,Entire home/apt,4,1,1,2,420,1,14,4,19,30,119,5,4,22-08-2024,31-05-2026,4.8,5,4.4,5,5,5,4,0.22,24,10080,5,TRUE,105,35,FALSE
878489587692756300,Tiny Away Escape at Lazarus - 2017,504706105,Tiny Away,TRUE,5,TRUE,Southern Islands,Central Region,1.22344,103.85435,Entire home,Entire home/apt,2,1,1,1,421,1,14,8,25,48,151,6,4,25-10-2023,17-04-2026,5,5,4.67,5,4.83,5,4.17,0.18,24,10104,5,TRUE,210.5,34,FALSE
880183982958295952,Cozy flat in Orchard,238891646,Neha,FALSE,131,TRUE,River Valley,Central Region,1.29646,103.83727,Entire rental unit,Entire home/apt,2,1,1,2,94.27,92,365,28,58,88,363,0,0,,,,,,,,,,,0,0,131,FALSE,47.135,22,FALSE
882163842842675031,Cozy 1 Bedroom Apartment Near Tanjong Pagar MRT,138649185,Sidharth,FALSE,492,TRUE,Downtown Core,Central Region,1.2755865505523487,103.84360151987356,Entire serviced apartment,Entire home/apt,2,1,1,2,81.52,92,1125,28,58,88,363,0,0,,,,,,,,,,,0,0,215,FALSE,40.76,30,FALSE
883475889105289539,幸福之家,61415440,Bi,FALSE,1,TRUE,Geylang,Central Region,1.325,103.88106,Entire rental unit,Entire home/apt,4,1,3,4,68.35,95,365,29,59,89,364,0,0,,,,,,,,,,,0,0,1,FALSE,17.0875,38,FALSE
883508348606122817,"River view balcony, big unit, fully equipped",403164934,Valentin,FALSE,1,TRUE,Tanglin,Central Region,1.2929812779231933,103.82877166137698,Entire rental unit,Entire home/apt,2,1,1,2,60.48,92,365,0,0,15,290,0,0,,,,,,,,,,,0,0,1,FALSE,30.24,41,FALSE
883902659568943778,"Easy access to NUS, Science Park.",69940082,Ee Jin,FALSE,2,TRUE,Clementi,West Region,1.29586,103.76521,Private room in rental unit,Private room,1,1,1,1,28.43,92,365,29,59,89,364,0,0,,,,,,,,,,,0,0,2,FALSE,28.43,9,FALSE
888118099586309880,"Marvelous Studio Executive in District 9,Singapore",138649185,Sidharth,FALSE,492,TRUE,Orchard,Central Region,1.3077242,103.8315846,Entire serviced apartment,Entire home/apt,2,1,1,2,123.53,92,730,28,58,88,363,0,0,,,,,,,,,,,0,0,215,FALSE,61.765,27,FALSE
891745035450355750,*PROMO* Spacious Studio in Balestier,138649185,Sidharth,FALSE,492,TRUE,Novena,Central Region,1.322839559272603,103.85187716900404,Entire serviced apartment,Entire home/apt,2,1,1,2,56.78,92,1125,28,58,88,363,0,0,,,,,,,,,,,0,0,215,FALSE,28.39,34,FALSE
892371127605772614,"Full apt nr NUH, harbourfront",5981335,Apple,FALSE,2,TRUE,Queenstown,Central Region,1.2819672692599458,103.78513309795802,Entire rental unit,Entire home/apt,4,1,3,4,92.56,92,365,29,59,89,364,0,0,,,,,,,,,,,0,0,2,FALSE,23.14,12,FALSE
895226443049231974,Deluxe Room,507310820,Dash Living,FALSE,10,TRUE,Rochor,Central Region,1.3073921,103.8518904,Room in hotel,Private room,3,1,1,3,53.76,92,180,28,58,88,179,0,0,,,,,,,,,,,0,0,10,FALSE,17.919999999999998,33,FALSE
895228320520386779,Comfy Room,507310820,Dash Living,FALSE,10,TRUE,Rochor,Central Region,1.3073921,103.8518904,Room in hotel,Private room,2,1,1,2,40.26,92,180,28,58,88,179,0,0,,,,,,,,,,,0,0,10,FALSE,20.13,21,FALSE
895241436883831194,Courtyard Room,507310820,Dash Living,FALSE,10,TRUE,Rochor,Central Region,1.3073921,103.8518904,Room in hotel,Private room,2,1,1,2,45.57,92,180,28,58,88,179,0,0,,,,,,,,,,,0,0,10,FALSE,22.785,32,FALSE
895307096931503765,"Stylish Studio on Wilkie Road, Singapore",138649185,Sidharth,FALSE,492,TRUE,Rochor,Central Region,1.3033963445684118,103.85041328379016,Entire serviced apartment,Entire home/apt,2,1,1,2,439.5,6,1125,28,58,88,363,0,0,,,,,,,,,,,0,0,215,FALSE,219.75,28,FALSE
896425471247877253,New Comfy 2Room Studio Apt @Somerset/Orchard Area,61619807,Ong,FALSE,61,FALSE,River Valley,Central Region,1.294782951422714,103.83986250208308,Entire serviced apartment,Entire home/apt,6,2,2,2,420.39,1,365,16,43,73,229,2,1,10-02-2024,02-04-2026,4,4,5,4.5,4.5,4,4,0.07,6,2522,60,TRUE,70.065,26,FALSE
896425506202393462,New Centrally Located Studio/Balcony Somerset Area,61619807,Ong,FALSE,61,FALSE,River Valley,Central Region,1.2957558631828192,103.8380764520588,Entire rental unit,Entire home/apt,3,1,1,1,200.35,1,365,25,55,85,355,2,0,06-04-2024,24-08-2024,4.5,4.5,5,5,5,5,5,0.07,0,0,60,TRUE,66.78333333333333,21,FALSE
896425553049881174,New Easy Access Deluxe Studio-Somerset/OrchardArea,61619807,Ong,FALSE,61,FALSE,River Valley,Central Region,1.2944070363968203,103.83877549401232,Entire serviced apartment,Entire home/apt,5,1,1,1,238.61,6,365,19,49,79,341,4,1,19-11-2023,08-07-2025,5,5,5,5,5,4.25,4.5,0.13,12,2863,60,TRUE,47.722,25,FALSE
897448879002896896,Shophouse Aesthetic 3 BR in River Valley,138649185,Sidharth,FALSE,492,TRUE,River Valley,Central Region,1.29339,103.84124,Entire serviced apartment,Entire home/apt,6,1,3,6,128.54,90,1125,28,58,88,363,2,0,10-07-2023,21-10-2023,5,4.5,5,5,4.5,5,4,0.06,0,0,215,TRUE,21.423333333333332,34,FALSE
897507768783898539,Premier Family Room with Stunning Vistas PRMS,461577696,Lillian,TRUE,11,TRUE,Queenstown,Central Region,1.27218,103.79764,Private room in serviced apartment,Private room,4,1.5,2,2,321.83,6,1125,1,1,27,208,2,0,09-10-2023,09-03-2024,4,4,4.5,4.5,4.5,4,3,0.06,0,0,9,TRUE,80.4575,38,FALSE
898183406680359456,New Comfy Room Suite /Wifi @ Orchard/Somerset Area,46685310,Yyin,FALSE,71,TRUE,River Valley,Central Region,1.296911546616918,103.84064685023272,Private room in serviced apartment,Private room,3,1,1,1,139.07,6,365,9,39,69,329,1,1,14-04-2026,14-04-2026,1,3,3,1,1,3,1,0.39,12,1669,71,TRUE,46.35666666666666,19,FALSE
898295862778234145,Deluxe 2 Bedroom in Clarke Quay,138649185,Sidharth,FALSE,492,TRUE,Singapore River,Central Region,1.29267,103.8417,Entire serviced apartment,Entire home/apt,4,1,2,4,180.68,92,730,28,58,88,363,1,0,28-08-2024,28-08-2024,5,5,5,5,4,5,5,0.04,0,0,215,TRUE,45.17,28,FALSE
899732642408799379,"Resort Living - Begonia room  Big,clean, bright",22828858,Maryaan,FALSE,2,TRUE,Serangoon,North-East Region,1.383397365221802,103.86136663685872,Private room in home,Private room,1,1,2,1,18.25,92,1125,27,57,87,178,0,0,,,,,,,,,,,0,0,2,FALSE,18.25,43,FALSE
899868229915270512,One bedroom apt at Jurong East,238891646,Neha,FALSE,131,TRUE,Jurong East,West Region,1.333949547460246,103.7433965488496,Entire rental unit,Entire home/apt,2,1,1,2,99.97,92,365,28,58,88,363,0,0,,,,,,,,,,,0,0,131,FALSE,49.985,22,FALSE
900478455755523033,V. comfortable 1 bedroom condo,39343992,Sunny,FALSE,2,TRUE,Geylang,Central Region,1.312267328486875,103.8848626613617,Entire rental unit,Entire home/apt,2,1,1,2,40.76,92,365,29,59,89,270,0,0,,,,,,,,,,,0,0,1,FALSE,20.38,9,FALSE
901089041886609842,"Resort Living - Frangipani Cosy, beautiful, clean",22828858,Maryaan,FALSE,2,TRUE,Serangoon,North-East Region,1.3833265019869585,103.86141753469076,Private room in home,Private room,1,1,1,1,18.38,92,365,26,56,86,267,0,0,,,,,,,,,,,0,0,2,FALSE,18.38,8,FALSE
902551049632643801,"Entire House 4-BR in Bukit Timah, Near MRT",3951127,Sue,FALSE,6,TRUE,Queenstown,Central Region,1.30779,103.79861,Entire home,Entire home/apt,6,1,4,4,309.73,30,180,9,9,9,97,1,1,28-02-2026,28-02-2026,5,5,5,5,5,5,5,0.25,60,18584,6,TRUE,51.62166666666667,27,FALSE
903372817283527946,Comfy Room,507310820,Dash Living,FALSE,10,TRUE,Rochor,Central Region,1.3073921,103.8518904,Room in hotel,Private room,2,1,1,2,40.3,92,180,28,58,88,179,0,0,,,,,,,,,,,0,0,10,FALSE,20.15,33,FALSE
904588436802887307,Family Suite 3rd Floor Apartment,209627746,Md Kamrul Ahsan,FALSE,1,TRUE,Rochor,Central Region,1.310426223149075,103.85224661802884,Entire rental unit,Entire home/apt,6,1,3,6,111.39,92,365,28,58,88,363,0,0,,,,,,,,,,,0,0,1,FALSE,18.565,13,FALSE
906726281972631952,Comfy Room,507310820,Dash Living,FALSE,10,TRUE,Rochor,Central Region,1.3073921,103.8518904,Room in hotel,Private room,2,1,1,1,208,7,180,28,58,88,179,0,0,,,,,,,,,,,0,0,10,FALSE,104,32,FALSE
907686638311383341,Premium King @ ISA Hotel Amber Road,101145755,Yulie,FALSE,19,TRUE,Marine Parade,Central Region,1.300762,103.901126,Room in hotel,Private room,2,1,1,1,280,6,365,29,59,89,270,2,0,26-01-2024,05-03-2024,4,3.5,4,4.5,3.5,4,3,0.07,0,0,19,TRUE,140,21,FALSE
909100019892803087,"500 m to Jurong East MRT, 2BR Loft Space",138649185,Sidharth,FALSE,492,TRUE,Jurong East,West Region,1.33681,103.74234,Entire serviced apartment,Entire home/apt,3,1,2,3,116.04,92,1125,28,58,88,363,0,0,,,,,,,,,,,0,0,215,FALSE,38.68,33,FALSE
909348769769135505,Rare & beautiful loft. 5mins walk to train station,167203844,Samuel,FALSE,1,TRUE,Bukit Merah,Central Region,1.2838237178875052,103.82897810013284,Entire rental unit,Entire home/apt,3,1,1,3,87.99,92,365,27,57,87,362,0,0,,,,,,,,,,,0,0,1,FALSE,29.33,17,FALSE
912791958009826495,Novena Long-Stay Duplex | 5 mins to TTSH | Gym,519745580,Raymond R,TRUE,1,TRUE,Novena,Central Region,1.326490831446574,103.8530501879349,Tiny home,Entire home/apt,3,1,1,3,43.76,92,730,0,0,0,195,4,1,15-02-2024,01-02-2026,5,5,5,5,5,4.5,4.75,0.14,184,8052,1,TRUE,14.586666666666666,63,FALSE
912802306072914469,Stylish 2 Bedroom Apartment on Wilkie Road,138649185,Sidharth,FALSE,492,TRUE,Rochor,Central Region,1.30119,103.84877,Entire serviced apartment,Entire home/apt,4,2,2,2,609,6,1125,28,58,88,363,0,0,,,,,,,,,,,0,0,215,FALSE,152.25,30,FALSE
913522560000207283,The Warren,125437217,Yiqi,FALSE,4,TRUE,Choa Chu Kang,West Region,1.3861327,103.7427933,Private room in rental unit,Private room,2,1,1,2,27.01,92,365,28,58,88,363,0,0,,,,,,,,,,,0,0,4,FALSE,13.505,17,FALSE
914805460729895825,"Double,private bathroom,2 mins walk to Bugis MRT",333673909,Linda,FALSE,3,TRUE,Downtown Core,Central Region,1.29828,103.8578,Room in hotel,Private room,2,1,1,1,112.5,1,1125,0,0,0,52,185,31,29-05-2024,02-01-2026,4.06,4.05,4.06,4.55,4.68,4.71,4.02,7.28,186,20925,3,TRUE,56.25,24,FALSE
915480824792203623,Stylish & Spacious Master room,518346592,Shan,FALSE,6,TRUE,Rochor,Central Region,1.30808,103.85619,Private room in home,Private room,2,1,1,2,25.8,92,365,28,58,88,269,0,0,,,,,,,,,,,0,0,6,FALSE,12.9,10,FALSE
915480906467484416,Stylish & Cozy Room (74-7),518346592,Shan,FALSE,6,TRUE,Rochor,Central Region,1.309194918897907,103.85423172042624,Private room in rental unit,Private room,1,1,1,1,20.52,92,365,29,59,89,364,0,0,,,,,,,,,,,0,0,6,FALSE,20.52,9,FALSE
915670366666904246,Perfect Two Bedroom apt near MRT,238891646,Neha,FALSE,131,TRUE,Bukit Merah,Central Region,1.2892,103.83071,Entire rental unit,Entire home/apt,6,3,2,2,656.33,6,365,28,58,88,363,1,0,09-03-2024,09-03-2024,5,5,5,5,5,4,5,0.04,0,0,131,TRUE,109.38833333333334,30,FALSE
917001993750346677,3 Bedroom apartment at Clementi,238891646,Neha,FALSE,131,TRUE,Clementi,West Region,1.3096207366337604,103.7610235,Entire rental unit,Entire home/apt,5,1,3,5,131.83,92,365,28,58,88,363,0,0,,,,,,,,,,,0,0,131,FALSE,26.366000000000003,20,FALSE
917268940021538414,"Cozy Studio, perfect stay",238891646,Neha,FALSE,131,TRUE,Marine Parade,Central Region,1.30015,103.90007,Entire rental unit,Entire home/apt,1,1,1,1,75.1,92,365,28,58,88,363,0,0,,,,,,,,,,,0,0,131,FALSE,75.1,17,FALSE
917705626758191088,Courtyard room,507310820,Dash Living,FALSE,10,TRUE,Rochor,Central Region,1.3073921,103.8518904,Room in hotel,Private room,2,1,1,1,228.43,7,180,28,58,88,179,0,0,,,,,,,,,,,0,0,10,FALSE,114.215,29,FALSE
917878438514515055,Deluxe Quad Room @ Bugis - 03,493110459,Shazryn,FALSE,5,TRUE,Downtown Core,Central Region,1.297491,103.8567369,Room in hotel,Private room,4,1,1,2,269,1,365,29,59,89,339,2,0,10-08-2023,25-09-2023,2,1,1,3.5,4,5,2,0.06,0,0,5,TRUE,67.25,25,FALSE
917885193029724900,Deluxe Triple Room @ Bugis - 03,493110459,Shazryn,FALSE,5,TRUE,Downtown Core,Central Region,1.297491,103.8567369,Room in hotel,Private room,3,1,1,2,270,1,365,29,59,89,339,1,0,05-08-2023,05-08-2023,1,1,1,1,1,3,1,0.03,0,0,5,TRUE,90,20,FALSE
918098632975538206,Beautiful Large Couple Studio in East Singapore,1529439,Yiling,TRUE,5,TRUE,Bedok,East Region,1.318589639972925,103.9483418315649,Private room in home,Private room,2,1,1,2,33.62,92,730,27,57,87,362,2,1,01-06-2025,08-12-2025,5,5,4.5,5,5,4.5,4.5,0.15,184,6186,5,TRUE,16.81,32,FALSE
918670063389680037,Private Rm +Private Bath Insead,521198842,Sk,FALSE,1,TRUE,Queenstown,Central Region,1.3061,103.78725,Private room in rental unit,Private room,1,1,1,1,37.51,92,365,0,0,0,178,0,0,,,,,,,,,,,0,0,1,FALSE,37.51,9,FALSE
919502228882474216,新加坡别墅主人房出租,380391465,风雨同舟,FALSE,1,TRUE,Ang Mo Kio,North-East Region,1.39073,103.84077,Private room in home,Private room,2,1,2,2,29.74,92,365,29,59,89,364,0,0,,,,,,,,,,,0,0,1,FALSE,14.87,6,FALSE
919968290403148056,Spacious 3 Bedroom Apartment near MRT,238891646,Neha,FALSE,131,TRUE,Bukit Merah,Central Region,1.2906662160309252,103.8322563467078,Entire rental unit,Entire home/apt,7,1,3,7,473.83,30,365,28,28,56,237,2,1,27-12-2024,30-12-2025,5,5,5,5,5,5,5,0.11,60,28430,131,TRUE,67.69,32,FALSE
923613640797995092,Spacious Duo studio for short stay,238891646,Neha,FALSE,131,TRUE,Marine Parade,Central Region,1.2996181374170035,103.9014725032311,Entire rental unit,Entire home/apt,4,2,2,2,703.83,6,365,28,58,88,269,0,0,,,,,,,,,,,0,0,131,FALSE,175.9575,14,FALSE
927092195097805859,【REST 】Bugis/Cinematic Triple  no Window-POOL,292133113,Qi,FALSE,42,TRUE,Rochor,Central Region,1.3033637674317775,103.85875110714736,Room in hotel,Private room,3,1,1,3,393,1,365,5,19,44,138,12,3,18-07-2023,28-04-2026,4.17,4.17,4.33,4.92,4.42,4.83,4,0.33,18,7074,17,TRUE,131,25,FALSE
927104359590866258,【REST】Bugis/Cinematic Family No Window - POOL,292133113,Qi,FALSE,42,TRUE,Rochor,Central Region,1.3040854,103.859466,Room in hotel,Private room,3,1,1,2,322,1,365,20,50,80,179,29,18,30-04-2024,26-05-2026,4.59,4.62,4.59,4.79,4.69,4.62,4.52,1.1,108,34776,17,TRUE,107.33333333333333,23,FALSE
928850044952941796,One bedroom apt at J East,238891646,Neha,FALSE,131,TRUE,Jurong East,West Region,1.3367083080406506,103.74286613461643,Entire rental unit,Entire home/apt,2,1,1,2,129.05,92,365,28,58,88,269,0,0,,,,,,,,,,,0,0,131,FALSE,64.525,22,FALSE
930060029464198671,3 bedroom apt at Jurong East,238891646,Neha,FALSE,131,TRUE,Jurong East,West Region,1.3345200127330867,103.7436976325892,Entire rental unit,Entire home/apt,6,1,3,6,156.91,92,365,28,58,88,269,0,0,,,,,,,,,,,0,0,131,FALSE,26.151666666666667,23,FALSE
933097055241827931,Loft unit at Jurong East,238891646,Neha,FALSE,131,TRUE,Jurong East,West Region,1.3360900161515028,103.7413160291578,Entire rental unit,Entire home/apt,2,1,1,2,88.9,92,365,28,58,88,269,0,0,,,,,,,,,,,0,0,131,FALSE,44.45,14,FALSE
933141148831561918,Beautiful East Studio Coliving,1529439,Yiling,TRUE,5,TRUE,Bedok,East Region,1.3195786159416372,103.94920746792704,Private room in home,Private room,1,1,1,1,26.37,92,730,28,58,88,269,3,1,13-06-2024,15-09-2025,5,5,5,5,5,5,5,0.12,184,4852,5,TRUE,26.37,11,FALSE
933259335282417831,Beautiful Studio JOY in East,1529439,Yiling,TRUE,5,TRUE,Bedok,East Region,1.31772,103.94916,Private room in home,Private room,1,1,1,1,28.43,92,365,28,58,88,269,0,0,,,,,,,,,,,0,0,5,FALSE,28.43,14,FALSE
933267561689894166,Spacious Couple Studio in East,1529439,Yiling,TRUE,5,TRUE,Bedok,East Region,1.31969,103.94906,Private room in home,Private room,2,1,1,2,34.07,92,365,28,58,88,363,0,0,,,,,,,,,,,0,0,5,FALSE,17.035,31,FALSE
934346542744923153,"Brand-New, Double Ensuite Room in Bugis Junction",525207877,Stephy,FALSE,5,TRUE,Downtown Core,Central Region,1.296006822,103.85699213793372,Room in hotel,Private room,2,1,1,1,132,1,1125,28,58,88,266,186,53,18-10-2023,19-06-2026,4.82,4.83,4.87,4.84,4.88,4.94,4.72,5.66,255,33660,5,TRUE,66,29,FALSE
934354866476648898,"Brand-New, Double Ensuite Window in Bugis Junction",525207877,Stephy,FALSE,5,TRUE,Downtown Core,Central Region,1.2977770802115776,103.85556121873807,Room in hotel,Private room,2,1,1,1,153,1,1125,23,53,83,181,23,3,03-11-2023,13-03-2026,4.74,4.83,4.83,4.57,4.78,5,4.52,0.71,18,2754,5,TRUE,76.5,26,FALSE
934368914326609002,"Brand-New, Twin Room with Window in Bugis Junction",525207877,Stephy,FALSE,5,TRUE,Downtown Core,Central Region,1.29582,103.85536,Room in hotel,Private room,2,1,1,2,162,1,1125,13,36,64,231,41,17,12-01-2024,09-05-2026,4.85,4.78,4.85,4.71,4.8,4.93,4.68,1.37,102,16524,5,TRUE,81,29,FALSE
934381114246786901,"Brand-New, Deluxe Window Room In Bugis Junction",525207877,Stephy,FALSE,5,TRUE,Downtown Core,Central Region,1.2977886953645197,103.85644883232784,Room in hotel,Private room,2,1,1,1,160,1,1125,29,59,89,187,30,3,08-03-2024,10-03-2026,4.8,4.9,4.9,4.8,4.93,4.9,4.77,1.07,18,2880,5,TRUE,80,29,FALSE
934386884436615245,"Brand-New, Executive Window Room In Bugis Junction",525207877,Stephy,FALSE,5,TRUE,Downtown Core,Central Region,1.2960442843674749,103.85671775163148,Room in hotel,Private room,2,1,1,1,176,1,1125,28,58,88,185,9,3,03-11-2023,23-05-2026,4.33,4.33,4.89,4.33,4.78,5,4.33,0.28,18,3168,5,TRUE,88,24,FALSE
934459075537527502,3Bedroom Superior Apt near Newton Food Centre,525002801,Randell,FALSE,2,TRUE,Newton,Central Region,1.31049,103.83953,Entire rental unit,Entire home/apt,7,1,3,7,148.97,92,1125,26,56,86,361,0,0,,,,,,,,,,,0,0,2,FALSE,21.28142857142857,41,FALSE
936485750538024929,Modern 1 bedroom opposite NTU,4673970,Pamela,FALSE,2,TRUE,Jurong West,West Region,1.3418326,103.6859788,Entire rental unit,Entire home/apt,2,1,1,2,34.59,92,365,27,27,27,119,0,0,,,,,,,,,,,0,0,2,FALSE,17.295,30,FALSE
937227522262502962,Warm 2BR Apartment near Far East Plaza,135298846,Karen,FALSE,9,TRUE,Orchard,Central Region,1.3084499456617036,103.83378601534795,Entire rental unit,Entire home/apt,5,1,2,5,85.98,92,1125,26,56,86,361,0,0,,,,,,,,,,,0,0,9,FALSE,17.196,56,FALSE
938174889624669271,Garden Treehouse 4 Bedroom Nature Retreat,15257023,Lim,FALSE,2,TRUE,Bukit Batok,West Region,1.3562084342022556,103.75343576073648,Entire rental unit,Entire home/apt,8,1,4,8,113.02,92,730,29,29,29,272,0,0,,,,,,,,,,,0,0,2,FALSE,14.1275,47,FALSE
938672532615874999,【REST】Bugis/Cinematic Deluxe Family - POOL,292133113,Qi,FALSE,42,TRUE,Rochor,Central Region,1.3040854,103.859466,Room in hotel,Private room,3,1,1,2,334,1,365,19,49,79,178,13,2,19-08-2023,22-02-2026,4.38,4.46,4.62,4.85,4.31,4.69,4.23,0.37,12,4008,17,TRUE,111.33333333333333,22,FALSE
938821130208338925,"Double Room,Window,Short Overnight,11hours:8PM-7AM",526632910,Lily,TRUE,2,TRUE,Downtown Core,Central Region,1.29578,103.85473,Room in hotel,Private room,2,1,1,2,131,1,365,26,56,86,166,18,9,15-01-2024,30-05-2026,4.94,5,5,4.67,5,5,4.94,0.6,54,7074,2,TRUE,65.5,21,FALSE
938826741220769481,【REST 】Bugis/ Cinematic Family Room slide/pool,292133113,Qi,FALSE,42,TRUE,Rochor,Central Region,1.3040854,103.859466,Room in hotel,Private room,4,1,1,3,453,1,365,7,26,56,155,20,4,07-03-2024,04-05-2026,4.6,4.75,4.6,4.85,4.6,4.75,4.5,0.71,24,10872,17,TRUE,113.25,25,FALSE
939438617196139743,Cozy studio at reasonable price,238891646,Neha,FALSE,131,TRUE,Marine Parade,Central Region,1.3016,103.90232,Entire rental unit,Entire home/apt,2,1,1,1,360.67,6,365,28,58,88,269,0,0,,,,,,,,,,,0,0,131,FALSE,180.335,8,FALSE
939706932525817048,【REST 】Bugis/Cinematic Sup-Double w Balcony/Pool,292133113,Qi,FALSE,42,TRUE,Rochor,Central Region,1.3040854,103.859466,Room in hotel,Private room,2,1,1,1,274,1,365,23,53,83,182,20,8,23-02-2024,25-05-2026,4.55,4.4,4.85,5,4.8,4.65,4.5,0.7,48,13152,17,TRUE,137,24,FALSE
939714606306548233,【REST 】Bugis/Cinematic Del-Double w Balcony-POOL,292133113,Qi,FALSE,42,TRUE,Rochor,Central Region,1.3040854,103.859466,Room in hotel,Private room,2,1,1,1,322,1,365,23,53,83,182,5,0,02-11-2023,27-10-2024,3.6,3.4,3.8,4.2,3.4,3.4,3,0.15,0,0,17,TRUE,161,20,FALSE
942498058629533851,"Ensuite Studio in 1939 Heritage Shophouse, Katong",29032695,Frank,FALSE,12,TRUE,Marine Parade,Central Region,1.30706,103.90514,Private room in home,Private room,2,1,1,1,169.71,7,1125,29,59,89,270,6,2,30-06-2024,06-01-2026,4.17,4,4,4.67,4,4.67,3.83,0.25,28,4752,12,TRUE,84.855,30,FALSE
943118105241784858,"Private Room in 1939 Heritage Shophouse, Katong",29032695,Frank,FALSE,12,TRUE,Marine Parade,Central Region,1.30574,103.90365,Private room in home,Private room,1,1,1,1,105.76,7,730,0,24,54,235,1,1,19-09-2025,19-09-2025,5,5,5,5,5,5,5,0.11,14,1481,12,TRUE,105.76,30,FALSE
943163894208432026,Cosy Room in Art Deco Shophouse · Joo Chiat,29032695,Frank,FALSE,12,TRUE,Marine Parade,Central Region,1.3078925164223931,103.90493671590622,Private room in home,Private room,1,1,1,1,108.09,7,730,14,14,24,205,1,0,14-12-2024,14-12-2024,3,3,3,4,4,4,3,0.05,0,0,12,TRUE,108.09,30,FALSE
943220901216594659,Private Room · Heritage Shophouse · Katong SG,29032695,Frank,FALSE,12,TRUE,Marine Parade,Central Region,1.3064179232038498,103.9051722749377,Private room in home,Private room,1,1,1,1,105.76,7,730,15,18,42,223,5,2,31-07-2024,15-02-2026,5,5,4.8,4.8,5,5,5,0.21,28,2961,12,TRUE,105.76,31,FALSE
943864507833744958,Comfortable Studio with twin beds,238891646,Neha,FALSE,131,TRUE,Bukit Merah,Central Region,1.27434,103.83273,Entire rental unit,Entire home/apt,2,1,1,2,93.92,92,365,28,58,88,269,0,0,,,,,,,,,,,0,0,131,FALSE,46.96,12,FALSE
944449482210600103,3 Bedroom Apartment/Great World City/Zion Road,528137608,Jun Hui,FALSE,2,TRUE,Singapore River,Central Region,1.295317510422564,103.8309350168396,Entire serviced apartment,Entire home/apt,6,3,3,4,976.33,6,60,18,48,78,79,5,1,07-02-2024,14-08-2025,4.4,4.8,5,4.8,4,5,4.4,0.17,12,11716,2,TRUE,162.72166666666666,38,FALSE
944612487124738868,VicHaus | Twin Room | 18 SQM | East | Pool,528168810,Pauline,TRUE,5,TRUE,Marine Parade,Central Region,1.304722105460873,103.90597909166928,Private room in serviced apartment,Private room,2,1,1,2,181.05,6,1125,28,58,88,204,5,2,09-03-2024,21-01-2026,4.8,4.8,5,5,5,5,4.8,0.18,24,4345,4,TRUE,90.525,47,FALSE
944612549240049286,Exclusive 1 bedroom apartment with Laundry room,238891646,Neha,FALSE,131,TRUE,Bukit Merah,Central Region,1.289600871244717,103.83053146115908,Entire serviced apartment,Entire home/apt,4,2,1,1,532.67,6,365,28,58,88,269,0,0,,,,,,,,,,,0,0,131,FALSE,133.1675,31,FALSE
946274113050996122,Studio at Amber road,238891646,Neha,FALSE,131,TRUE,Marine Parade,Central Region,1.3004424234116712,103.9022082491094,Entire rental unit,Entire home/apt,2,1,1,1,317.67,6,365,28,58,88,269,0,0,,,,,,,,,,,0,0,131,FALSE,158.835,7,FALSE
947378293169299430,EnsuiteN w Balcony view/access/chill,2413412,Kaurus,FALSE,91,TRUE,Kallang,Central Region,1.31047,103.8633,Private room in rental unit,Private room,1,1,1,1,21.21,92,365,0,30,60,335,0,0,,,,,,,,,,,0,0,91,FALSE,21.21,29,FALSE
948204813433816372,The Seawind condo (Telok Kurau),2327574,Juliana,FALSE,3,TRUE,Bedok,East Region,1.3103578078382314,103.91591635746806,Entire rental unit,Entire home/apt,2,1,1,2,47.22,92,365,0,0,0,182,0,0,,,,,,,,,,,0,0,3,FALSE,23.61,11,FALSE
948700412652397998,VicHaus | Standard Room | 18 SQM | East | Pool,528168810,Pauline,TRUE,5,TRUE,Marine Parade,Central Region,1.305685924963954,103.9050282710128,Private room in serviced apartment,Private room,2,1,1,1,181.05,6,1125,26,56,86,202,8,2,17-09-2023,26-01-2026,4.88,5,5,4.88,5,5,4.88,0.24,24,4345,4,TRUE,90.525,47,FALSE
949650431267779386,【REST】Bugis/ Cinematic Family Suite - POOL,292133113,Qi,FALSE,42,TRUE,Rochor,Central Region,1.30364,103.86062,Room in hotel,Private room,4,1,1,3,643,1,365,17,47,77,176,4,2,09-03-2024,13-04-2026,4.75,5,4.75,5,5,5,4.75,0.14,12,7716,17,TRUE,160.75,27,FALSE
951114265487967593,Cozy Room in Spacious 3BR| Rezi3two,300765938,Xacco,FALSE,149,TRUE,Geylang,Central Region,1.3126195038098345,103.88774515749822,Private room in rental unit,Private room,2,1,1,2,28.78,92,365,22,52,82,263,0,0,,,,,,,,,,,0,0,52,FALSE,14.39,19,FALSE
953924174741307769,CBD lux 1 BR cozy home,28427315,Jing,FALSE,1,TRUE,Downtown Core,Central Region,1.2745194925269043,103.84430430829524,Entire rental unit,Entire home/apt,2,1,1,2,127.28,92,1125,29,59,89,270,0,0,,,,,,,,,,,0,0,1,FALSE,63.64,12,FALSE
954625302085307833,Masteroom with private bath (S) @ Central Imperial,25375339,シン,FALSE,13,TRUE,Geylang,Central Region,1.3124389,103.8790786,Private room in rental unit,Private room,1,1,1,1,18.98,92,365,28,58,88,269,3,0,25-10-2023,03-08-2024,5,4.67,5,4.67,5,4.33,5,0.09,0,0,12,TRUE,18.98,25,FALSE
957684538892063912,VicHaus | Single Room | 15 SQM | East | Pool,528168810,Pauline,TRUE,5,TRUE,Marine Parade,Central Region,1.304795710918828,103.90589540000003,Private room in serviced apartment,Private room,1,1,1,1,156.12,6,1125,23,53,83,199,38,19,22-09-2023,02-06-2026,5,4.92,4.97,4.95,5,4.89,4.84,1.13,228,35595,4,TRUE,156.12,43,FALSE
959465909045567964,NEW Compact Studio Apt/WIFi @Somerset/Orchard Area,46685310,Yyin,FALSE,71,TRUE,River Valley,Central Region,1.29461,103.83976,Entire serviced apartment,Entire home/apt,3,1,1,1,175.59,6,365,13,40,70,334,41,10,02-01-2024,09-06-2026,4.46,4.51,4.63,4.63,4.61,4.61,4.37,1.35,120,21071,71,TRUE,58.53,23,FALSE
960610939781595021,Studio with perfect location,238891646,Neha,FALSE,131,TRUE,Bukit Timah,Central Region,1.3327885695897128,103.7875892398578,Entire rental unit,Entire home/apt,2,1,1,2,69.53,92,365,28,58,88,269,0,0,,,,,,,,,,,0,0,131,FALSE,34.765,9,FALSE
962102060363767489,Queen Studio at Amber Road,238891646,Neha,FALSE,131,TRUE,Marine Parade,Central Region,1.29983,103.90209,Entire rental unit,Entire home/apt,2,1,1,2,71.4,92,365,28,58,88,269,0,0,,,,,,,,,,,0,0,131,FALSE,35.7,7,FALSE
962115187758611203,Cozy Studio for Long Stays,238891646,Neha,FALSE,131,TRUE,Marine Parade,Central Region,1.300732471017265,103.9018033329631,Entire rental unit,Entire home/apt,1,1,1,1,70.84,92,365,28,58,88,269,0,0,,,,,,,,,,,0,0,131,FALSE,70.84,16,FALSE
962148073553755345,Cozy Studio at Amber Road Short Stays,238891646,Neha,FALSE,131,TRUE,Marine Parade,Central Region,1.30155,103.90045,Entire rental unit,Entire home/apt,2,1,1,2,68.62,92,365,28,58,88,269,0,0,,,,,,,,,,,0,0,131,FALSE,34.31,7,FALSE
962156092707353224,Spacious Duo Studio Long Stay,238891646,Neha,FALSE,131,TRUE,Marine Parade,Central Region,1.29987,103.9017,Entire rental unit,Entire home/apt,4,1,2,4,114.71,92,365,28,58,88,269,0,0,,,,,,,,,,,0,0,131,FALSE,28.6775,14,FALSE
962179495759598858,"Elite 1 Bedroom Apartment, for short stays",238891646,Neha,FALSE,131,TRUE,Bukit Merah,Central Region,1.28949,103.83241,Entire serviced apartment,Entire home/apt,4,1,1,1,418.5,6,365,28,58,88,269,0,0,,,,,,,,,,,0,0,131,FALSE,104.625,31,FALSE
962179665760436992,Spacious 1 BR at Havelock Road Monthly Stay,238891646,Neha,FALSE,131,TRUE,Bukit Merah,Central Region,1.2904530903624096,103.83215755146324,Entire rental unit,Entire home/apt,2,2,1,1,437.83,6,365,28,58,88,269,0,0,,,,,,,,,,,0,0,131,FALSE,218.915,11,FALSE
962880218922843498,Comfy Room,507310820,Dash Living,FALSE,10,TRUE,Rochor,Central Region,1.3079095626581918,103.85283570462305,Room in hotel,Private room,2,1,1,1,208,7,180,28,58,88,179,0,0,,,,,,,,,,,0,0,10,FALSE,104,37,FALSE
973054065787807697,Accommodation  in Geylang Aljunied MRT,535448492,Okawa,FALSE,1,TRUE,Geylang,Central Region,1.3133121,103.879321,Private room in rental unit,Private room,1,1,1,1,22.93,92,365,27,57,87,362,0,0,,,,,,,,,,,0,0,1,FALSE,22.93,14,FALSE
973485237183919925,Bedroom with private bathroom,16646665,Krystle,FALSE,2,TRUE,Woodlands,North Region,1.4320312649038096,103.78717605980223,Private room in rental unit,Private room,3,1,1,3,59.04,92,365,28,58,88,269,0,0,,,,,,,,,,,0,0,1,FALSE,19.68,9,FALSE
974183835128911388,"Female Only Pod, Outside the action! (TYR-API-FE)",50158481,Dream Lodge,FALSE,5,TRUE,Kallang,Central Region,1.311041560275222,103.85993474135049,Shared room in bed and breakfast,Shared room,1,5,1,1,51,1,365,27,53,83,169,29,14,18-09-2023,20-05-2026,4.83,4.9,4.76,4.93,4.83,4.83,4.79,0.86,84,4284,5,TRUE,51,12,FALSE
974194294235939529,Couple Pods. Outside the City! (TYR-API-COUP),50158481,Dream Lodge,FALSE,5,TRUE,Kallang,Central Region,1.3119388,103.8608217,Shared room in bed and breakfast,Shared room,2,5,1,1,97,1,365,28,58,88,178,6,1,09-11-2023,06-07-2025,5,4.83,5,5,5,4.83,4.83,0.19,6,582,5,TRUE,48.5,12,FALSE
977840892351291114,Modern room near MRT,238891646,Neha,FALSE,131,TRUE,Kallang,Central Region,1.3125617535681553,103.86170638205697,Entire rental unit,Entire home/apt,2,1,1,2,112.5,92,365,28,58,88,269,0,0,,,,,,,,,,,0,0,131,FALSE,56.25,10,FALSE
984451267933484000,Homey and Spacious 2 Bedroom in Robertson Quay,138649185,Sidharth,FALSE,492,TRUE,Singapore River,Central Region,1.29207,103.84229,Entire serviced apartment,Entire home/apt,4,2,2,3,985.83,6,730,28,58,88,363,0,0,,,,,,,,,,,0,0,215,FALSE,246.4575,35,FALSE
985940069189910173,2 Bedroom in West Side Singapore,138649185,Sidharth,FALSE,492,TRUE,Queenstown,Central Region,1.3054974327990667,103.7878315406756,Entire serviced apartment,Entire home/apt,4,1,2,4,182.54,92,730,28,58,88,363,0,0,,,,,,,,,,,0,0,215,FALSE,45.635,35,FALSE
988675919396273025,2 Bedroom Apartment/Great World City/Zion Road,528137608,Jun Hui,FALSE,2,TRUE,Singapore River,Central Region,1.29556,103.83081,Entire serviced apartment,Entire home/apt,4,2,2,3,671,6,60,27,57,87,88,0,0,,,,,,,,,,,0,0,2,FALSE,167.75,37,FALSE
988896701671473303,City Escape- Dual-Level Tyrwhitt 3BR,300765938,Xacco,FALSE,149,TRUE,Kallang,Central Region,1.31275,103.85872,Entire rental unit,Entire home/apt,6,1,3,6,97.76,92,365,28,58,88,293,0,0,,,,,,,,,,,0,0,52,FALSE,16.293333333333333,15,FALSE
993145145410074505,主卧 Choa Chu kang,528203435,Qingxia,FALSE,4,TRUE,Choa Chu Kang,West Region,1.3843052537630198,103.74552894383667,Private room in rental unit,Private room,2,1,1,2,28.93,92,365,28,58,88,269,0,0,,,,,,,,,,,0,0,4,FALSE,14.465,9,FALSE
994831838625612556,New Comfy Studio Apt/WIFi @ Somerset/Orchard Area,109333133,Pat,FALSE,73,TRUE,River Valley,Central Region,1.2958966152704694,103.8401714,Entire rental unit,Entire home/apt,5,1,1,2,279.06,6,1125,19,49,79,157,8,6,21-01-2024,06-01-2026,4.5,4.5,4.25,4.75,4.75,4.63,4.38,0.27,72,20092,73,TRUE,55.812,22,FALSE
996212506657357548,Deluxe Queen Room at CBD,535899829,Kam Leng Hotel,FALSE,4,TRUE,Kallang,Central Region,1.3131906,103.8596966,Room in hotel,Private room,2,1,1,1,101,1,60,29,59,89,364,273,5,10-10-2023,27-01-2026,3.97,3.94,3.89,4.44,4.38,4.35,3.86,8.24,30,3030,4,TRUE,50.5,25,FALSE
998217592295049007,Aurealis Serviced Residence 1-Bedroom Suite,181666720,Isabelle,FALSE,9,TRUE,Downtown Core,Central Region,1.2806138,103.8528076,Private room in serviced apartment,Private room,2,1,1,2,94.61,92,365,0,0,0,172,0,0,,,,,,,,,,,0,0,4,FALSE,47.305,69,FALSE
998239661830045669,(Central) Room & Dedicated Bathroom - Females Only,535251741,Planet,FALSE,1,TRUE,Bishan,Central Region,1.34719,103.85116,Private room in rental unit,Private room,2,1,1,2,6.97,182,1125,28,58,88,269,0,0,,,,,,,,,,,0,0,1,FALSE,3.485,39,TRUE
998312291281514979,Aurealis Serviced Residence 1-Bedroom Bayview,181666720,Isabelle,FALSE,9,TRUE,Downtown Core,Central Region,1.2806138,103.8528076,Private room in serviced apartment,Private room,2,1,1,2,115.42,92,365,0,0,15,290,0,0,,,,,,,,,,,0,0,4,FALSE,57.71,69,FALSE
999267804611326098,NEW Central Deluxe 2QB Studio-Somerset/OrchardArea,10248444,Recr,FALSE,64,TRUE,River Valley,Central Region,1.29595,103.83791,Entire serviced apartment,Entire home/apt,6,1,1,2,296.21,1,1125,11,32,62,327,36,8,17-02-2024,16-04-2026,4.53,4.39,4.5,4.64,4.81,4.58,4.28,1.25,48,14218,64,TRUE,49.36833333333333,27,FALSE
999758275789912599,Aurealis Serviced Residence 2-Bedroom Seaview,181666720,Isabelle,FALSE,9,TRUE,Downtown Core,Central Region,1.2806138,103.8528076,Private room in serviced apartment,Private room,4,1,2,4,144.28,92,365,0,0,15,290,0,0,,,,,,,,,,,0,0,4,FALSE,36.07,69,FALSE
999764011124437592,Aurealis Serviced Residence 3-Bedroom Seaview,181666720,Isabelle,FALSE,9,TRUE,Downtown Core,Central Region,1.2806138,103.8528076,Private room in serviced apartment,Private room,6,1,3,6,192.37,92,365,5,5,5,280,0,0,,,,,,,,,,,0,0,4,FALSE,32.06166666666667,69,FALSE
1001704940131218226,Convenient Cosy City Apartment Room,121666882,W.J,FALSE,5,TRUE,Downtown Core,Central Region,1.27993,103.85229,Private room in rental unit,Private room,1,1,1,1,28.53,92,365,0,0,0,184,2,1,03-11-2024,01-11-2025,5,5,5,5,5,5,5,0.1,184,5250,4,TRUE,28.53,9,FALSE
1001808164427189759,Quiet Studio Apartment Near City,121666882,W.J,FALSE,5,TRUE,Novena,Central Region,1.32146,103.83527,Entire rental unit,Entire home/apt,3,1,2,3,48.03,92,365,0,0,0,164,2,2,16-08-2025,03-04-2026,5,5,5,5,5,5,5,0.19,255,12248,4,TRUE,16.01,15,FALSE
1003804545207627519,Masteroom (S) @ central imperial,25375339,シン,FALSE,13,TRUE,Geylang,Central Region,1.3124389,103.8790786,Private room in rental unit,Private room,1,1,1,1,25.36,92,365,28,58,88,363,1,0,11-12-2023,11-12-2023,1,1,1,3,4,5,2,0.03,0,0,12,TRUE,25.36,25,FALSE
1003923515839548471,Studio Suite around Orchard Road,124516401,Orchard Point,FALSE,8,TRUE,Orchard,Central Region,1.3011855093912377,103.84121087249146,Entire serviced apartment,Entire home/apt,2,1,1,2,242,6,365,0,0,0,88,10,5,07-06-2024,30-05-2026,4.8,4.9,4.6,4.8,4.9,4.9,4.6,0.4,60,14520,8,TRUE,121,54,FALSE
1004652336577626435,1 Executive Suite around Orchard,124516401,Orchard Point,FALSE,8,TRUE,Orchard,Central Region,1.3014429350465355,103.84076026137696,Entire serviced apartment,Entire home/apt,2,1,1,2,322.5,6,365,0,0,0,88,0,0,,,,,,,,,,,0,0,8,FALSE,161.25,52,FALSE
1004668708355951146,2 Deluxe Suite along Orchard,124516401,Orchard Point,FALSE,8,TRUE,Orchard,Central Region,1.3014214829096002,103.8406958883606,Entire serviced apartment,Entire home/apt,3,1,2,3,452,6,365,0,0,0,88,6,3,01-01-2024,01-02-2026,4.33,4.33,4.33,4.17,4.5,4.67,4.17,0.2,36,16272,8,TRUE,150.66666666666666,51,FALSE
1004793478536324006,Sleek 1 Bedroom Apartment near ION Orchard,138649185,Sidharth,FALSE,492,TRUE,Newton,Central Region,1.30961,103.83787,Entire serviced apartment,Entire home/apt,2,1,1,2,104.76,92,730,28,58,88,363,0,0,,,,,,,,,,,0,0,215,FALSE,52.38,27,FALSE
1007463266235891109,Apartment/bedroom/StudiesKitchen,69005937,Keith Lau,FALSE,3,TRUE,Geylang,Central Region,1.315801550709691,103.88574007898568,Entire rental unit,Entire home/apt,2,1,1,2,44.55,92,365,28,58,88,269,0,0,,,,,,,,,,,0,0,2,FALSE,22.275,26,FALSE
1008596981366079541,Modern Asian Peranakan Gem 3,23874147,Adrian,FALSE,3,TRUE,Woodlands,North Region,1.4308302813831546,103.77405026678709,Private room in rental unit,Private room,2,1,1,2,15.99,92,365,0,0,0,118,3,0,07-04-2024,13-04-2025,4.33,5,4,4,3.67,4,4,0.11,0,0,3,TRUE,7.995,33,FALSE
1008723963440015334,New City Family 2 Beds Studio-Somerset/OrchardArea,46685310,Yyin,FALSE,71,TRUE,River Valley,Central Region,1.2949475739942182,103.84020124055996,Entire serviced apartment,Entire home/apt,6,1,1,2,279.06,6,365,19,49,79,341,4,0,10-11-2023,11-10-2024,5,5,5,5,5,4.75,4.75,0.12,0,0,71,TRUE,46.51,9,FALSE
1009310616747753745,Standard Queen Room at CBD,535899829,Kam Leng Hotel,FALSE,4,TRUE,Kallang,Central Region,1.3131906,103.8596966,Room in hotel,Private room,2,1,1,1,87,1,60,28,58,88,363,70,7,08-12-2023,07-04-2026,3.97,3.89,3.89,4.2,4.27,4.24,3.96,2.25,42,3654,4,TRUE,43.5,27,FALSE
1009651833336339483,"Single Comfort Room @NUS, NUH, Mrt HawPar (107)",1439258,K2Guesthouse,FALSE,44,TRUE,Queenstown,Central Region,1.2814739699710556,103.7867015,Room in hotel,Private room,1,1,1,1,93,1,365,22,49,79,246,6,2,10-01-2024,06-03-2026,4.33,4.83,4.83,5,5,5,4.5,0.2,12,1116,44,TRUE,93,33,FALSE
1009662020699585686,Clean & Comfy Economy Room @NUSMrt HawPar (107-A),1439258,K2Guesthouse,FALSE,44,TRUE,Queenstown,Central Region,1.28118,103.78748,Room in hotel,Private room,1,1,1,1,110,1,365,7,24,54,218,12,0,05-11-2023,15-05-2025,4.42,4.67,4.58,4.75,4.67,4.08,3.67,0.37,0,0,44,TRUE,110,36,FALSE
1011919815635844395,Spacious Long-Term Stay | <5 mins to LRT & MRT,54050593,Trahan,FALSE,1,TRUE,Punggol,North-East Region,1.4106763,103.8992188,Private room in rental unit,Private room,2,1,1,2,23.83,92,730,9,37,37,207,0,0,,,,,,,,,,,0,0,1,FALSE,11.915,54,FALSE
1012662608104053962,resort living to rejuvenate,87517211,Kang Tan Seng,FALSE,2,TRUE,Pasir Ris,East Region,1.3706718388653667,103.94577529281378,Private room in rental unit,Private room,2,1,1,2,26.1,92,1125,29,59,89,360,0,0,,,,,,,,,,,0,0,1,FALSE,13.05,12,FALSE
1012817610220906302,金莎酒店同款设计师公寓,543922318,Ellen,FALSE,2,TRUE,Rochor,Central Region,1.3012768,103.8527895,Private room in rental unit,Private room,3,1,3,3,27.29,99,365,26,56,86,177,0,0,,,,,,,,,,,0,0,2,FALSE,9.096666666666666,27,FALSE
1013057108052185979,金莎酒店碧山公寓sky habitat,543922318,Ellen,FALSE,2,TRUE,Bishan,Central Region,1.3519024,103.851162,Private room in rental unit,Private room,2,1,3,2,25.06,100,365,26,56,86,267,0,0,,,,,,,,,,,0,0,2,FALSE,12.53,15,FALSE
1015674434767532160,Shophouse Aesthetic 3 BR in River Valley,138649185,Sidharth,FALSE,492,TRUE,Singapore River,Central Region,1.2920416884669108,103.84113075304876,Entire serviced apartment,Entire home/apt,6,2,3,4,707.6,10,365,28,50,78,259,2,0,24-11-2023,24-12-2023,3,2,3,3.5,2,4.5,3.5,0.06,0,0,215,TRUE,117.93333333333334,32,FALSE
1018681234279575609,Hillview condo rooms for expats,10736359,Smile,FALSE,1,TRUE,Bukit Batok,West Region,1.36148,103.76692,Private room in rental unit,Private room,1,1,6,1,14.75,92,546,26,56,86,361,0,0,,,,,,,,,,,0,0,1,FALSE,14.75,12,FALSE
1021016464003246425,Classy Premier Room with King bed in city centre,545750991,M Hotel Singapore City Centre,FALSE,15,TRUE,Downtown Core,Central Region,1.27392,103.84481,Room in hotel,Private room,2,1,1,1,495,1,28,29,59,89,364,0,0,,,,,,,,,,,0,0,15,FALSE,247.5,26,FALSE
1021016464222703177,Spacious family room with breakfast in city centre,545750991,M Hotel Singapore City Centre,FALSE,15,TRUE,Downtown Core,Central Region,1.27392,103.84481,Room in hotel,Private room,2,1,1,1,555,1,731,26,56,86,361,0,0,,,,,,,,,,,0,0,15,FALSE,277.5,27,FALSE
1021016479643828150,Classy Premier Twin Bed Room and lounge access,545750991,M Hotel Singapore City Centre,FALSE,15,TRUE,Downtown Core,Central Region,1.27392,103.84481,Room in hotel,Private room,2,1,1,2,495,1,731,25,49,79,345,0,0,,,,,,,,,,,0,0,15,FALSE,247.5,26,FALSE
1021016494182773262,Family room with ample space and in city centre,545750991,M Hotel Singapore City Centre,FALSE,15,TRUE,Downtown Core,Central Region,1.27392,103.84481,Room in hotel,Private room,3,1,1,2,500,1,731,28,58,88,363,0,0,,,,,,,,,,,0,0,15,FALSE,166.66666666666666,26,FALSE
1021016496690681763,Central and spacious Deluxe Queen room in CBD,545750991,M Hotel Singapore City Centre,FALSE,15,TRUE,Downtown Core,Central Region,1.27392,103.84481,Room in hotel,Private room,2,1,1,1,230,1,731,29,59,89,351,14,9,02-04-2025,22-05-2026,4.43,4.5,4.86,4.5,4.5,4.5,4.07,0.93,54,12420,15,TRUE,115,26,FALSE
1021016511276559526,Stylish Deluxe Twin Bed room in city centre,545750991,M Hotel Singapore City Centre,FALSE,15,TRUE,Downtown Core,Central Region,1.27392,103.84481,Room in hotel,Private room,2,1,1,2,230,1,731,22,49,79,341,1,1,14-11-2025,14-11-2025,5,4,4,5,5,5,5,0.13,6,1380,15,TRUE,115,26,FALSE
1021016519344090646,Premier Family room with Hollywood Twin Beds,545750991,M Hotel Singapore City Centre,FALSE,15,TRUE,Downtown Core,Central Region,1.27392,103.84481,Room in hotel,Private room,2,1,1,2,425,1,28,29,59,89,364,0,0,,,,,,,,,,,0,0,15,FALSE,212.5,26,FALSE
1021016528440696755,Premier King Bed room in city centre,545750991,M Hotel Singapore City Centre,FALSE,15,TRUE,Downtown Core,Central Region,1.27392,103.84481,Room in hotel,Private room,2,1,1,1,320,1,731,29,59,89,357,2,1,10-04-2025,22-08-2025,5,5,5,5,4,5,4.5,0.13,6,1920,15,TRUE,160,27,FALSE
1021016532753376517,Premier Twin bed room in city centre,545750991,M Hotel Singapore City Centre,FALSE,15,TRUE,Downtown Core,Central Region,1.27392,103.84481,Room in hotel,Private room,2,1,1,2,320,1,731,29,59,89,357,1,0,28-11-2024,28-11-2024,5,5,5,5,5,5,5,0.05,0,0,15,TRUE,160,26,FALSE
1021016542430364492,Luxury Suite room with King Bed in city centre,545750991,M Hotel Singapore City Centre,FALSE,15,TRUE,Downtown Core,Central Region,1.27392,103.84481,Room in hotel,Private room,3,1,1,1,635,1,28,29,59,89,364,0,0,,,,,,,,,,,0,0,15,FALSE,211.66666666666666,27,FALSE
1021023258297618133,Well-appointed with 40-in TV and free WiFi,545752783,Orchard Hotel Singapore,FALSE,10,TRUE,Orchard,Central Region,1.3075322,103.8286,Room in hotel,Private room,2,1,1,1,300,1,731,29,59,89,361,0,0,,,,,,,,,,,0,0,10,FALSE,150,28,FALSE
1021024204303173232,"Signature Queen Room in Havelock, 10 mins to train",545753012,Copthorne King's Hotel,FALSE,5,TRUE,Singapore River,Central Region,1.28829,103.83662,Room in hotel,Private room,2,1,1,1,135,1,731,25,50,78,335,10,2,20-06-2024,29-09-2025,4.6,4,4.6,4.6,4.1,4.8,4.3,0.41,12,1620,5,TRUE,67.5,26,FALSE
1021695586762269747,King or Twin Guest Room Near CBD,535899829,Kam Leng Hotel,FALSE,4,TRUE,Kallang,Central Region,1.3131906,103.8596966,Room in hotel,Private room,2,1,1,1,108,1,60,26,53,83,358,5,0,27-11-2023,28-02-2025,4,4.2,4.4,4,4.2,4,3.8,0.16,0,0,4,TRUE,54,21,FALSE
1023867600592669423,Modern spacious bedroom,38934778,Ian,FALSE,4,TRUE,Bishan,Central Region,1.35258,103.83484,Private room in rental unit,Private room,1,1,1,1,19.57,92,365,27,57,87,268,0,0,,,,,,,,,,,0,0,2,FALSE,19.57,10,FALSE
1028010248386268173,Beautiful Brand New Condo,7636297,Vincent,FALSE,1,TRUE,Queenstown,Central Region,1.2871398305879562,103.79248436137696,Entire rental unit,Entire home/apt,4,1,2,4,102.76,92,365,28,58,88,269,0,0,,,,,,,,,,,0,0,1,FALSE,25.69,5,FALSE
1028259379953152956,Serviced Apartment in Singapore,111265991,Andy,FALSE,1,TRUE,Hougang,North-East Region,1.3612727258676356,103.88686912278442,Entire rental unit,Entire home/apt,4,1,2,4,100.78,92,365,28,58,88,269,0,0,,,,,,,,,,,0,0,1,FALSE,25.195,16,FALSE
1028657682241218368,"Heritage Vibes in 2BR, River Valley, Singapore",138649185,Sidharth,FALSE,492,TRUE,River Valley,Central Region,1.29276,103.83909,Entire serviced apartment,Entire home/apt,4,1,2,4,112.12,90,730,28,58,88,363,1,0,13-02-2024,13-02-2024,3,3,3,5,5,5,5,0.03,0,0,215,TRUE,28.03,34,FALSE
1028744175173907229,"Luxury & Newly-built 2BR@Westside, Singapore",138649185,Sidharth,FALSE,492,TRUE,Queenstown,Central Region,1.2888,103.79124,Entire serviced apartment,Entire home/apt,4,1,2,4,112.1,92,730,27,57,87,362,0,0,,,,,,,,,,,0,0,215,FALSE,28.025,36,FALSE
1029639025854534584,Family suite with King and Twin bed in city centre,545750991,M Hotel Singapore City Centre,FALSE,15,TRUE,Downtown Core,Central Region,1.27392,103.84481,Room in hotel,Private room,4,1,1,3,825,1,731,22,50,75,348,0,0,,,,,,,,,,,0,0,15,FALSE,206.25,27,FALSE
1033745170137385524,NEW City Cozy Loft Studio Apt-Somerset/OrchardArea,109333133,Pat,FALSE,73,TRUE,River Valley,Central Region,1.296761110320905,103.84020811187467,Entire serviced apartment,Entire home/apt,3,1,1,2,334.55,1,1125,9,39,69,237,30,5,14-12-2023,14-02-2026,4.43,4.53,4.53,4.7,4.73,4.7,4.37,0.97,30,10037,73,TRUE,111.51666666666667,27,FALSE
1034830511655003002,Peaceful home in the city,65541338,Yeo,FALSE,1,TRUE,Museum,Central Region,1.2993974049457393,103.84903996044598,Private room in rental unit,Private room,2,1,2,2,40.22,92,365,27,57,87,178,0,0,,,,,,,,,,,0,0,1,FALSE,20.11,11,FALSE
1036002951580641037,Standard Queen Studio,101145755,Yulie,FALSE,19,TRUE,Marine Parade,Central Region,1.300762,103.901126,Room in hotel,Private room,2,1,1,1,250,1,365,28,58,88,176,6,1,16-05-2024,02-05-2026,4.17,4.17,4.33,4.67,4.5,4.83,4,0.23,6,1500,19,TRUE,125,21,FALSE
1036006273523988553,Tranquil Residence| The Mayfair Condo| Jurong East,300765938,Xacco,FALSE,149,TRUE,Jurong East,West Region,1.345919501218741,103.73192976673592,Entire rental unit,Entire home/apt,5,1,3,5,98.88,92,365,28,58,88,269,0,0,,,,,,,,,,,0,0,52,FALSE,19.776,17,FALSE
1037562150704397889,2 bedroom Bugis/Cityhall/Suntec,549099499,Ji,FALSE,1,TRUE,Downtown Core,Central Region,1.2976644769640346,103.85638531297444,Entire rental unit,Entire home/apt,4,1,2,4,117.26,92,365,22,52,82,263,0,0,,,,,,,,,,,0,0,1,FALSE,29.315,23,FALSE
1039628026138598190,New Deluxe Cozy Loft Studio -Somerset/Orchard Area,46685310,Yyin,FALSE,71,TRUE,River Valley,Central Region,1.295080987964751,103.84004551481397,Entire serviced apartment,Entire home/apt,6,1,1,2,305.78,1,365,9,37,67,318,24,15,23-06-2024,28-03-2026,4.33,4.42,4.5,4.71,4.67,4.38,4.25,0.98,90,27520,71,TRUE,50.96333333333333,25,FALSE
1040949271672193125,"1-4pax Entire Apt 7mins MRT,  Airport, Jewel & MBS",461973800,Ruth Mandy,TRUE,5,TRUE,Bedok,East Region,1.31827,103.91118,Entire condo,Entire home/apt,4,1,1,4,38.63,92,1125,29,59,89,360,2,1,11-06-2024,07-06-2026,5,5,5,5,5,5,5,0.08,184,7108,2,TRUE,9.6575,50,FALSE
1041089083978668521,New Comfy Room Suite/ WIFI @ Orchard/Somerset Area,61619807,Ong,FALSE,61,FALSE,River Valley,Central Region,1.2965804998911403,103.83927502348844,Private room in serviced apartment,Private room,3,1,1,1,140.97,6,365,13,43,73,334,6,0,19-01-2024,02-02-2025,4.33,4.17,4.33,4.33,4.83,4.33,4.17,0.2,0,0,60,TRUE,46.99,23,FALSE
1043856635673230660,City Cozy Studio Apt/WIFI-Somerset/OrchardArea,46685310,Yyin,FALSE,71,TRUE,River Valley,Central Region,1.2963054186917324,103.83984629517012,Entire serviced apartment,Entire home/apt,6,1,1,2,292,1,365,20,46,76,341,3,3,29-01-2026,28-05-2026,4.33,4.33,4.67,4.67,4.67,4.67,4.33,0.59,18,5256,71,TRUE,48.666666666666664,27,FALSE
1045254053769028094,"Chinatown: Room with 4 beds, 1 min walk to MRT",337002461,Rucksack Inn SG,FALSE,18,TRUE,Outram,Central Region,1.28231,103.84474,Private room in hostel,Private room,4,1,1,4,169,1,365,22,48,76,347,48,25,19-05-2024,04-06-2026,4.02,3.96,3.85,4.67,4.33,4.71,4.15,1.87,150,25350,18,TRUE,42.25,10,FALSE
1045315723123738903,"Chinatown: Room with 6 beds, 1 min walk to MRT",337002461,Rucksack Inn SG,FALSE,18,TRUE,Outram,Central Region,1.2824130306618795,103.84301517945542,Private room in hostel,Private room,6,1,1,6,223,1,365,25,46,75,349,69,36,08-07-2024,23-05-2026,4.28,4.25,4.13,4.67,4.41,4.83,4.3,2.87,216,48168,18,TRUE,37.166666666666664,31,FALSE
1045618595860407671,Premier Club King Waterfront Room In River Valley,524793962,Grand Copthorne Waterfront,TRUE,14,FALSE,Singapore River,Central Region,1.2900873,103.8353025,Room in hotel,Private room,2,1,1,1,545,1,731,29,59,89,364,0,0,,,,,,,,,,,0,0,14,FALSE,272.5,30,FALSE
1045810568104700436,Casablanca Condo Studio Room,33399249,Lestario,FALSE,4,TRUE,Woodlands,North Region,1.4300408,103.7855397,Private room in rental unit,Private room,1,1,1,1,30.04,92,730,29,59,89,364,0,0,,,,,,,,,,,0,0,4,FALSE,30.04,9,FALSE
1045810854593854682,Casablanca Condo Common Room,33399249,Lestario,FALSE,4,TRUE,Woodlands,North Region,1.4300408,103.7855397,Private room in rental unit,Private room,1,1,1,1,21.39,92,730,29,59,89,364,0,0,,,,,,,,,,,0,0,4,FALSE,21.39,9,FALSE
1046085493906355076,Modern Loft-Style Living,33399249,Lestario,FALSE,4,TRUE,Newton,Central Region,1.3104941771279073,103.83339792431592,Entire rental unit,Entire home/apt,6,1,1,6,86.65,92,730,29,59,89,364,0,0,,,,,,,,,,,0,0,4,FALSE,14.441666666666668,20,FALSE
1047435412003416811,JJH Serviced Apartments,551176650,Louis,FALSE,2,TRUE,Serangoon,North-East Region,1.3475764658613485,103.87196796882372,Private room in rental unit,Private room,2,1,1,1,353.83,6,365,29,59,89,270,1,1,08-10-2025,08-10-2025,4,5,5,5,4,5,4,0.11,12,4246,2,TRUE,176.915,12,FALSE
1049770102565848612,KK Home - Bugis Service Apartment Suite,551640139,Jun,FALSE,3,TRUE,Downtown Core,Central Region,1.2973228073370933,103.85640786818227,Entire home,Entire home/apt,3,1,1,3,89.6,92,365,29,59,89,270,1,0,17-10-2024,17-10-2024,5,5,5,5,5,5,5,0.05,0,0,3,TRUE,29.866666666666664,14,FALSE
1050224923872590371,The Crest Condo,551753961,Zhenzhu,FALSE,1,TRUE,Bukit Merah,Central Region,1.29207,103.82003,Private room in rental unit,Private room,1,1,1,1,10.84,180,365,28,58,88,269,0,0,,,,,,,,,,,0,0,1,FALSE,10.84,12,TRUE
1050384755676077507,Deluxe Queen - Pet Friendly,101145755,Yulie,FALSE,19,TRUE,Marine Parade,Central Region,1.3010118811174416,103.90000361772351,Room in hotel,Private room,2,1,1,1,200,6,365,28,58,88,184,3,2,25-01-2024,13-02-2026,4.67,4.67,4.33,4.33,4.33,5,4.67,0.1,24,4800,19,TRUE,100,21,FALSE
1050388321010357150,Standard King Studio,101145755,Yulie,FALSE,19,TRUE,Marine Parade,Central Region,1.3016421628375798,103.8999375221194,Room in hotel,Private room,2,1,1,1,280,1,365,28,58,88,184,6,0,05-03-2024,21-04-2025,4.5,4.17,4.5,4.17,4.17,5,4,0.21,0,0,19,TRUE,140,21,FALSE
1051126791807999318,Private Studio Space Near The East Coast,138649185,Sidharth,FALSE,492,TRUE,Marine Parade,Central Region,1.300288637153759,103.90210042687508,Entire serviced apartment,Entire home/apt,2,1,1,2,76.5,92,730,28,58,88,269,0,0,,,,,,,,,,,0,0,215,FALSE,38.25,27,FALSE
1051170933407727632,King Studio In Marina Parade,138649185,Sidharth,FALSE,492,TRUE,Marine Parade,Central Region,1.3017586809467396,103.90148788714568,Entire serviced apartment,Entire home/apt,2,1,1,2,73.25,92,730,28,58,88,269,0,0,,,,,,,,,,,0,0,215,FALSE,36.625,26,FALSE
1051186690382873378,Studio King Apartment In Vibrant Marina Parade,138649185,Sidharth,FALSE,492,TRUE,Marine Parade,Central Region,1.29966,103.90133,Entire serviced apartment,Entire home/apt,2,1,1,2,81.59,92,730,28,58,88,269,0,0,,,,,,,,,,,0,0,215,FALSE,40.795,27,FALSE
1051205953953722762,Combined Dual Studios In East Coast,138649185,Sidharth,FALSE,492,TRUE,Marine Parade,Central Region,1.3010443979643558,103.90200716035903,Entire serviced apartment,Entire home/apt,2,1,2,2,110.16,92,730,28,58,88,269,0,0,,,,,,,,,,,0,0,215,FALSE,55.08,28,FALSE
1051844503970967768,Homely Studio Near River Valley & Orchard,138649185,Sidharth,FALSE,492,TRUE,River Valley,Central Region,1.297013695408688,103.83636414611236,Entire serviced apartment,Entire home/apt,2,1,1,1,284.17,6,365,28,58,88,269,0,0,,,,,,,,,,,0,0,215,FALSE,142.085,29,FALSE
1051874859376252326,Devonshire Studio Apartment With Balcony,138649185,Sidharth,FALSE,492,TRUE,River Valley,Central Region,1.299105445436715,103.83707116229904,Entire serviced apartment,Entire home/apt,2,1,1,1,312.67,6,365,28,58,88,269,0,0,,,,,,,,,,,0,0,215,FALSE,156.335,28,FALSE
1051894013258541747,Hassle Free Stay In This One Bedroom Near Orchard,138649185,Sidharth,FALSE,492,TRUE,River Valley,Central Region,1.2970973989932302,103.8371368710243,Entire rental unit,Entire home/apt,2,1,1,1,365.33,6,365,28,58,88,269,0,0,,,,,,,,,,,0,0,215,FALSE,182.665,27,FALSE
1051912453094168650,One Bed With Spacious Balcony On Devonshire Road,138649185,Sidharth,FALSE,492,TRUE,River Valley,Central Region,1.29926,103.83686,Entire rental unit,Entire home/apt,2,1,1,1,422.33,6,365,28,58,88,269,0,0,,,,,,,,,,,0,0,215,FALSE,211.165,28,FALSE
1051926816739724054,Super Studio Apartment With Gym,138649185,Sidharth,FALSE,492,TRUE,River Valley,Central Region,1.2974533181859411,103.83840969667057,Entire rental unit,Entire home/apt,2,1,1,1,341.33,6,365,28,58,88,269,0,0,,,,,,,,,,,0,0,215,FALSE,170.665,28,FALSE
1052505901191091205,Room4B (S) Thomson Terrace House,25375339,シン,FALSE,13,TRUE,Bishan,Central Region,1.3530164133119484,103.8335589324546,Private room in home,Private room,3,1,1,3,20.7,92,365,29,59,89,364,0,0,,,,,,,,,,,0,0,12,FALSE,6.8999999999999995,25,FALSE
1058437876099408422,Master Room with private bath at Newton 21,5426937,Linnike,FALSE,1,TRUE,Novena,Central Region,1.3152312198950984,103.84145919396236,Private room in condo,Private room,2,1,3,2,30.65,92,365,29,56,56,231,0,0,,,,,,,,,,,0,0,1,FALSE,15.325,42,FALSE
1061349306448633698,A perfect place for your stay,38402401,Sam,FALSE,1,TRUE,Kallang,Central Region,1.29467,103.8665,Private room in rental unit,Private room,2,1,1,2,38.35,92,365,28,58,88,269,0,0,,,,,,,,,,,0,0,1,FALSE,19.175,13,FALSE
1066283876987607462,Spacious Room 1 @ Jurong West Near NTU,252091822,Liu,FALSE,5,TRUE,Jurong West,West Region,1.33835,103.69199,Private room in rental unit,Private room,1,1,1,1,35.98,96,365,28,58,88,269,0,0,,,,,,,,,,,0,0,5,FALSE,35.98,13,FALSE
1066313517033859330,Spacious Room  2 @ Jurong West Near NTU,252091822,Liu,FALSE,5,TRUE,Jurong West,West Region,1.33886,103.69416,Private room in rental unit,Private room,1,1,1,1,33.28,92,365,28,58,88,363,0,0,,,,,,,,,,,0,0,5,FALSE,33.28,29,FALSE
1068419620186966968,"Private Rm 2 in Chinatown, 1 min from MRT",323810058,D,FALSE,2,TRUE,Outram,Central Region,1.28096,103.84595,Private room in bed and breakfast,Private room,2,1,1,1,85,1,90,23,26,26,26,75,38,27-01-2024,09-06-2026,4.52,4.55,4.36,4.79,4.73,4.89,4.52,2.54,228,19380,2,TRUE,42.5,13,FALSE
1068813918482991779,Cozy Flat 3  @ Jurong West Near NTU,252091822,Liu,FALSE,5,TRUE,Jurong West,West Region,1.33733,103.69251,Private room in rental unit,Private room,1,1,1,1,32.15,93,365,28,58,88,269,0,0,,,,,,,,,,,0,0,5,FALSE,32.15,14,FALSE
1069978242571647934,NEW Cozy Studio/ Balcony-Somerset/Orchard Area,109333133,Pat,FALSE,73,TRUE,River Valley,Central Region,1.29626,103.84011,Entire serviced apartment,Entire home/apt,3,1,1,1,237.5,1,1125,25,55,85,264,2,1,28-02-2024,24-05-2026,3,3,3,5,4,4.5,3,0.07,6,1425,73,TRUE,79.16666666666667,24,FALSE
1070081552859391917,Newly Renovated Service Apt - Penhas Luxe Rm,544525434,Hou,FALSE,5,TRUE,Kallang,Central Region,1.3106877764813576,103.8634439947776,Private room in rental unit,Private room,2,1,1,1,168.9,6,365,26,56,86,267,0,0,,,,,,,,,,,0,0,5,FALSE,84.45,6,FALSE
1070092240469943101,Newly Renovated Service Apt - Penhas Std Rm,544525434,Hou,FALSE,5,TRUE,Kallang,Central Region,1.3107815776827223,103.86334243529504,Private room in rental unit,Private room,2,1,1,1,118.68,6,365,26,56,86,87,3,0,27-01-2024,17-03-2024,3,3,3.67,3.33,3.33,3.67,3.33,0.1,0,0,5,TRUE,59.34,6,FALSE
1070100450728059767,Newly Renovated Service Apt - Tank Rd Studio,544525434,Hou,FALSE,5,TRUE,Museum,Central Region,1.2939312,103.8429251,Entire rental unit,Entire home/apt,2,1,1,1,209.98,6,365,12,42,72,246,0,0,,,,,,,,,,,0,0,5,FALSE,104.99,6,FALSE
1070106377457021814,Newly Renovated Service Apt - Tank Road Luxe+ Rm,544525434,Hou,FALSE,5,TRUE,Museum,Central Region,1.293279694777432,103.84400752952337,Private room in rental unit,Private room,2,1,1,1,176.03,6,365,28,58,88,261,0,0,,,,,,,,,,,0,0,5,FALSE,88.015,6,FALSE
1070110927076925837,Newly Renovated Service Apt - Tank Rd Luxe Rm,544525434,Hou,FALSE,5,TRUE,Museum,Central Region,1.2939312,103.8429251,Private room in rental unit,Private room,2,1,1,1,152.87,6,365,26,56,86,267,0,0,,,,,,,,,,,0,0,5,FALSE,76.435,6,FALSE
1071539334294170511,Cozy and Convenient Geylang Flat,557204240,David,FALSE,1,TRUE,Geylang,Central Region,1.3174647516184963,103.89765948057176,Private room in rental unit,Private room,2,1,1,2,38.35,92,365,29,59,89,364,0,0,,,,,,,,,,,0,0,1,FALSE,19.175,10,FALSE
1072006172877875466,1 Bedroom with en-suite bath,557338546,Raj,FALSE,1,TRUE,Tanglin,Central Region,1.314409741553002,103.82837790185386,Private room in rental unit,Private room,2,1,1,2,43.69,92,365,27,57,87,178,0,0,,,,,,,,,,,0,0,1,FALSE,21.845,9,FALSE
1072103225928678611,Cozy & Elegant Private Studio Apartment Unit,193819283,Leon,TRUE,7,TRUE,Kallang,Central Region,1.3169361604013874,103.8531555980444,Entire rental unit,Entire home/apt,3,1,1,1,168,6,365,0,0,0,109,20,3,05-03-2024,09-05-2026,4.75,4.8,4.8,4.8,4.75,4.65,4.35,0.71,36,6048,7,TRUE,56,18,FALSE
1072406494380722661,Furnished 2 bed 2 bath apartment,2911362,Jean,FALSE,1,TRUE,Bukit Panjang,West Region,1.3708659,103.7769568,Entire rental unit,Entire home/apt,4,1,2,4,65.5,92,730,28,58,88,269,0,0,,,,,,,,,,,0,0,1,FALSE,16.375,10,FALSE
1072976465653153715,Cozy & Elegant Private Studio Apartment Unit 3,193819283,Leon,TRUE,7,TRUE,Kallang,Central Region,1.315829666787469,103.85404831076474,Entire rental unit,Entire home/apt,3,1,1,1,148.5,6,365,6,6,21,188,18,7,01-03-2024,24-05-2026,4.61,4.78,4.56,4.67,4.72,4.78,4.61,0.63,84,12474,7,TRUE,49.5,19,FALSE
1074445824379877735,Luxury 2 Bedroom Apartment In Orchard,138649185,Sidharth,FALSE,492,TRUE,Orchard,Central Region,1.3038844292951943,103.83362640832097,Entire serviced apartment,Entire home/apt,4,2,2,3,767.83,6,365,28,58,88,363,0,0,,,,,,,,,,,0,0,215,FALSE,191.9575,38,FALSE
1076009520742021280,Standard 2 Bed-Room Near CBD,535899829,Kam Leng Hotel,FALSE,4,TRUE,Kallang,Central Region,1.3131906,103.8596966,Room in hotel,Private room,2,1,1,1,91,1,365,26,53,83,358,8,0,13-02-2024,13-04-2025,3.5,3.75,3.75,4.38,3.88,4.13,3.5,0.28,0,0,4,TRUE,45.5,22,FALSE
1077066160280158672,Your Capsule Pod in Singapore (FP-API-401),50158481,Dream Lodge,FALSE,5,TRUE,Kallang,Central Region,1.3101192560636532,103.85814105211487,Shared room in bed and breakfast,Shared room,1,4,1,1,35,1,365,26,56,86,347,670,216,11-02-2024,14-06-2026,4.78,4.81,4.71,4.9,4.85,4.68,4.75,23.1,255,8925,5,TRUE,35,11,FALSE
1079631978496385968,rate negotiations.Hourly/daily,394083981,Cosmina,FALSE,1,TRUE,Clementi,West Region,1.31159,103.75237,Entire guesthouse,Entire home/apt,5,1,5,5,21.48,92,365,28,58,88,269,0,0,,,,,,,,,,,0,0,1,FALSE,4.296,34,FALSE
1080251577819735170,"Duplex 1 bed in Clark Quay, Singapore",138649185,Sidharth,FALSE,492,TRUE,Singapore River,Central Region,1.29296,103.84359,Entire rental unit,Entire home/apt,2,1,1,2,93.71,92,730,28,58,88,363,0,0,,,,,,,,,,,0,0,215,FALSE,46.855,28,FALSE
1080252514972352578,Premier Room in Rochester Singapore,138649185,Sidharth,FALSE,492,TRUE,Queenstown,Central Region,1.305642488498988,103.78843775089358,Entire rental unit,Entire home/apt,2,1,1,2,180.6,92,730,28,58,88,363,0,0,,,,,,,,,,,0,0,215,FALSE,90.3,33,FALSE
1081406657498050218,"Private Rm 1  in Chinatown, 1 min from MRT",323810058,D,FALSE,2,TRUE,Downtown Core,Central Region,1.2804587201274609,103.84591750281758,Private room in bed and breakfast,Private room,2,2,1,1,80,1,1125,15,18,18,18,95,25,20-02-2024,06-06-2026,4.25,4.33,4.18,4.65,4.62,4.82,4.26,3.31,150,12000,2,TRUE,40,12,FALSE
1081488862927378833,Eco Standard Queen (No Cleaning),494593479,Kelvin,FALSE,7,TRUE,Outram,Central Region,1.2842078,103.8443301,Room in hotel,Private room,2,1,1,2,220.8,1,1,20,32,61,230,0,0,,,,,,,,,,,0,0,7,FALSE,110.4,15,FALSE
1081595576755594103,Luxury Private Condo in Katong!,459658024,Nic,FALSE,1,TRUE,Marine Parade,Central Region,1.30241,103.89797,Private room in home,Private room,2,1,1,2,84.62,92,365,29,59,89,180,0,0,,,,,,,,,,,0,0,1,FALSE,42.31,27,FALSE
1081613865922147868,Perfect Private Stay,193819283,Leon,TRUE,7,TRUE,Kallang,Central Region,1.3165442146833362,103.85196673165588,Entire rental unit,Entire home/apt,3,1,1,1,179.17,6,365,0,30,60,234,8,2,09-03-2024,22-02-2026,4.5,4.75,4.5,4.75,4.75,4.38,4.38,0.28,24,4300,7,TRUE,59.72333333333333,10,FALSE
1085329954814098268,"Penthouse@NUS & Insead, Private Bath, Park Access",14772745,⁨Lí (Dawn)⁩,TRUE,1,TRUE,Queenstown,Central Region,1.2811659,103.789735,Private room in condo,Private room,2,1,1,2,37.43,92,365,0,0,0,212,2,0,30-11-2024,05-05-2025,5,5,5,4.5,5,5,4.5,0.1,0,0,1,TRUE,18.715,93,FALSE
1085886931988562621,Aesthetic 1 bed in Science Park Singapore,138649185,Sidharth,FALSE,492,TRUE,Queenstown,Central Region,1.2904849,103.7886239,Entire serviced apartment,Entire home/apt,2,1,1,2,156.71,92,730,28,58,88,363,0,0,,,,,,,,,,,0,0,215,FALSE,78.355,27,FALSE
1087226058736958732,New City Compact Loft Studio-Somerset/Orch. Area,10248444,Recr,FALSE,64,TRUE,River Valley,Central Region,1.294903823195066,103.83949771837698,Entire serviced apartment,Entire home/apt,3,1,1,1,181.18,1,1125,25,55,85,356,25,4,19-02-2024,22-05-2026,4.6,4.68,4.76,4.76,4.88,4.68,4.6,0.87,24,4348,64,TRUE,60.39333333333334,25,FALSE
1087399824733854992,NEW Compact Studio Apt/WIFi @Somerset/Orchard Area,10248444,Recr,FALSE,64,TRUE,River Valley,Central Region,1.29495,103.83798,Entire serviced apartment,Entire home/apt,3,1,1,1,184.72,6,1125,9,29,59,321,13,6,12-05-2024,01-05-2026,4.54,4.23,4.54,5,4.92,4.85,4.31,0.5,72,13300,64,TRUE,61.57333333333333,25,FALSE
1087695893758398925,Parc Riviera Perfection| Master Suite| West Coast,300765938,Xacco,FALSE,149,TRUE,Clementi,West Region,1.32125,103.75425,Private room in rental unit,Private room,2,1,1,2,44.84,92,365,28,58,88,269,0,0,,,,,,,,,,,0,0,52,FALSE,22.42,16,FALSE
1087712071172259549,Chic Comfort: Queen Room in Parc Riviera Condo,300765938,Xacco,FALSE,149,TRUE,Clementi,West Region,1.31953,103.75288,Private room in rental unit,Private room,2,1,1,2,30.33,92,365,28,58,88,269,0,0,,,,,,,,,,,0,0,52,FALSE,15.165,15,FALSE
1087721017567715315,Tranquility Base: Queen Suite| Parc Riviera Haven,300765938,Xacco,FALSE,149,TRUE,Clementi,West Region,1.3197825770283131,103.75414448886896,Private room in rental unit,Private room,2,1,1,2,30.33,92,365,28,58,88,269,0,0,,,,,,,,,,,0,0,52,FALSE,15.165,19,FALSE
1090844127265331476,Comfy Room Suitew WIFI @ Somerset/Orchard Area,10248444,Recr,FALSE,64,TRUE,River Valley,Central Region,1.2964956177798124,103.83882865955113,Private room in serviced apartment,Private room,3,1,1,1,177.83,6,1125,2,29,52,314,13,4,01-08-2024,17-12-2025,4.92,4.92,4.85,4.85,4.92,4.92,4.69,0.56,48,8536,64,TRUE,59.27666666666667,24,FALSE
1090879887751460581,New Easy Access Room Suite -Orchard/Somerset Area,10248444,Recr,FALSE,64,TRUE,River Valley,Central Region,1.29457,103.8391,Private room in serviced apartment,Private room,3,1,1,1,148.2,6,1125,9,39,69,329,0,0,,,,,,,,,,,0,0,64,FALSE,49.4,26,FALSE
1090941645170098677,"Premium Studio Apartment, near MRT",238891646,Neha,FALSE,131,TRUE,Bukit Merah,Central Region,1.290196081911203,103.83028309215533,Entire rental unit,Entire home/apt,2,1,1,1,331,6,365,28,58,88,269,0,0,,,,,,,,,,,0,0,131,FALSE,165.5,27,FALSE
1090956211361932959,Easy Access Cozy Room /Wi-Fi @ City/Somerset Area,10248444,Recr,FALSE,64,TRUE,River Valley,Central Region,1.2949441182522352,103.8402929364583,Private room in serviced apartment,Private room,2,1,1,1,142.12,6,1125,9,39,69,331,19,3,28-07-2024,05-11-2025,4.21,4.37,4.32,4.58,4.74,4.63,4.16,0.81,36,5116,64,TRUE,71.06,24,FALSE
1092355175257121879,City Compact Loft Studio-Somerset/Orchard Area,61619807,Ong,FALSE,61,FALSE,River Valley,Central Region,1.29674,103.8381,Entire serviced apartment,Entire home/apt,3,1,1,1,171.59,1,365,25,55,85,352,12,9,18-09-2024,15-04-2026,4.75,4.5,4.67,4.92,4.75,4.75,4.42,0.55,54,9266,60,TRUE,57.196666666666665,25,FALSE
1092420222696104820,New Comfy Room Suite /Wifi @ Orchard/Somerset Area,109333133,Pat,FALSE,73,TRUE,River Valley,Central Region,1.2954572113430904,103.84055078168556,Private room in serviced apartment,Private room,3,1,1,1,148.2,6,1125,9,39,69,235,2,0,14-03-2024,16-09-2024,5,5,5,5,4.5,4.5,4.5,0.07,0,0,73,TRUE,49.4,21,FALSE
1093034320018826313,Cozy Deluxe Studio w Balcony-Somerset/Orchard Area,61619807,Ong,FALSE,61,FALSE,River Valley,Central Region,1.29515,103.83819,Entire serviced apartment,Entire home/apt,3,1,1,1,209.93,1,365,25,55,85,354,0,0,,,,,,,,,,,0,0,60,FALSE,69.97666666666667,28,FALSE
1093106707528615883,"Master Room, The Sail Marina Bay",17252899,Daniel,FALSE,1,TRUE,Downtown Core,Central Region,1.2809250268517594,103.8526151329279,Private room in rental unit,Private room,2,1,1,2,36.88,92,365,29,59,89,360,0,0,,,,,,,,,,,0,0,1,FALSE,18.44,19,FALSE
1093201345960372692,(2 mins to MRT) RM 2: 8-Bed Family Room,313008662,Derrick,FALSE,4,TRUE,Geylang,Central Region,1.31708,103.88263,Private room in bed and breakfast,Private room,8,2,1,8,306,1,365,18,42,70,229,8,1,07-04-2024,12-12-2025,4.88,4.63,4.63,5,5,4.88,4.5,0.29,6,1836,4,TRUE,38.25,31,FALSE
1094643941670619897,New condo master room in 2ND CBD,124827904,Lucy,FALSE,2,TRUE,Jurong East,West Region,1.3354802815739673,103.74234492327884,Private room in rental unit,Private room,1,1,1,1,42.04,92,365,29,59,89,364,0,0,,,,,,,,,,,0,0,2,FALSE,42.04,22,FALSE
1095915705707549520,Staycation @ My Queen (III) with Photoshoot,38753656,Mary,FALSE,2,TRUE,Southern Islands,Central Region,1.2538359662412726,103.82061718533468,Room in hotel,Private room,2,1,1,2,86.51,92,365,29,59,89,270,6,0,10-03-2024,04-11-2024,4,4.83,4.33,4.83,4.17,4.83,4.5,0.21,0,0,2,TRUE,43.255,42,FALSE
1096415550767937134,Tropical Bungalow Escape,74054288,Sam,FALSE,1,TRUE,Punggol,North-East Region,1.4163108748569482,103.90584021806715,Private room in bungalow,Private room,4,1,3,4,64.9,92,365,26,56,86,267,0,0,,,,,,,,,,,0,0,1,FALSE,16.225,63,FALSE
1096779373050532049,1 Bedroom apartment near MRT for long stays,238891646,Neha,FALSE,131,TRUE,Queenstown,Central Region,1.2972547997732948,103.80441226873768,Entire rental unit,Entire home/apt,2,1,1,2,95.14,90,365,28,58,88,363,0,0,,,,,,,,,,,0,0,131,FALSE,47.57,12,FALSE
1098162437587327203,New Charming 2QB Cozy Studio @ City/Somerset Area,10248444,Recr,FALSE,64,TRUE,River Valley,Central Region,1.29685,103.83834,Entire serviced apartment,Entire home/apt,5,1,1,2,262.32,6,1125,13,43,73,337,5,1,05-10-2024,09-01-2026,4.4,4,4.6,4.2,4.8,4.8,4.4,0.24,12,3148,64,TRUE,52.464,26,FALSE
1098225296145900661,Ann Siang Studio,23336011,Heritage,TRUE,82,TRUE,Outram,Central Region,1.2809318,103.8457579,Private room in rental unit,Private room,2,1,1,1,194,6,365,3,12,42,264,0,0,,,,,,,,,,,0,0,71,FALSE,97,14,FALSE
1098242809370122967,Ann Siang Two Bedroom,23336011,Heritage,TRUE,82,TRUE,Outram,Central Region,1.2809318,103.8457579,Private room in rental unit,Private room,3,1,2,2,262.83,6,365,15,31,60,324,52,31,01-04-2024,03-05-2026,4.83,4.69,4.92,4.9,4.9,4.92,4.81,1.9,255,67022,71,TRUE,87.61,14,FALSE
1098253414973472403,Ann Siang Studio (Skylight),23336011,Heritage,TRUE,82,TRUE,Outram,Central Region,1.2809318,103.8457579,Private room in rental unit,Private room,2,1,1,1,167.67,6,365,13,37,61,316,7,3,11-03-2024,30-03-2026,4.86,4.86,4.86,5,5,5,4.71,0.25,36,6036,71,TRUE,83.835,11,FALSE
1098269698956537803,1 New Charming 2QB Cozy Studio@ City/Somerset Area,109333133,Pat,FALSE,73,TRUE,River Valley,Central Region,1.296631477775804,103.83828354765932,Entire serviced apartment,Entire home/apt,5,1,1,2,296.85,1,1125,6,27,57,323,18,12,14-04-2024,12-06-2026,4.67,4.67,4.61,4.89,4.89,4.56,4.61,0.67,72,21373,73,TRUE,59.370000000000005,25,FALSE
1098296033118804249,Ann Siang Two Bedroom Deluxe,23336011,Heritage,TRUE,82,TRUE,Outram,Central Region,1.2809318,103.8457579,Private room in rental unit,Private room,3,1,2,2,328,6,365,0,0,28,297,5,2,20-08-2024,25-05-2026,5,4.8,5,5,5,5,4.8,0.22,24,7872,71,TRUE,109.33333333333333,7,FALSE
1107011362652698703,Spacious Private Studio Unit,193819283,Leon,TRUE,7,TRUE,Kallang,Central Region,1.3166755212971926,103.8521305,Entire rental unit,Entire home/apt,3,1,1,2,179.17,6,365,4,4,4,166,10,3,29-04-2024,23-02-2026,4.5,4.4,4.7,4.8,4.6,4.6,4.5,0.38,36,6450,7,TRUE,59.72333333333333,12,FALSE
1107018143815630482,Budget-friendly Private Unit,193819283,Leon,TRUE,7,TRUE,Kallang,Central Region,1.3169362,103.8531556,Entire rental unit,Entire home/apt,2,1,1,1,140.5,6,365,6,36,66,241,24,5,13-04-2024,14-03-2026,4.42,4.58,4.29,4.79,4.54,4.58,4.5,0.89,60,8430,7,TRUE,70.25,10,FALSE
1107038712991316166,Spacious Studio Apartment,193819283,Leon,TRUE,7,TRUE,Kallang,Central Region,1.3169362,103.8531556,Entire rental unit,Entire home/apt,4,1,1,2,182.67,6,365,3,5,27,167,41,23,22-07-2024,02-06-2026,4.8,4.85,4.68,4.85,4.88,4.71,4.76,1.74,255,46581,7,TRUE,45.6675,10,FALSE
1107041089260455714,Holland Escape,552370998,Daryl,FALSE,1,TRUE,Queenstown,Central Region,1.3130593688427985,103.79346806555986,Entire rental unit,Entire home/apt,2,1,1,2,55.32,92,365,28,58,88,269,0,0,,,,,,,,,,,0,0,1,FALSE,27.66,11,FALSE
1108311518263138063,Cozy Japandi Studio Near Nature,25850084,Lyra,FALSE,1,TRUE,Bukit Merah,Central Region,1.2791972696141167,103.81878359724251,Entire rental unit,Entire home/apt,2,1,1,2,18.46,183,365,29,59,89,364,0,0,,,,,,,,,,,0,0,1,FALSE,9.23,47,FALSE
1109204923733549481,2 mins to lakeside MRT,37964493,Kingsley,FALSE,6,TRUE,Jurong West,West Region,1.3447307629612597,103.71846579015256,Private room in rental unit,Private room,2,1,1,2,18.98,92,720,29,59,89,270,1,0,17-11-2024,17-11-2024,3,2,2,3,3,4,2,0.05,0,0,6,TRUE,9.49,23,FALSE
1110520851167104665,1 bedroom apartment near Queenstown MRT,238891646,Neha,FALSE,131,TRUE,Queenstown,Central Region,1.2966654811217802,103.80443554721528,Entire rental unit,Entire home/apt,2,1,1,2,91.08,92,365,28,58,88,269,1,0,15-12-2024,15-12-2024,2,3,2,2,3,4,2,0.05,0,0,131,TRUE,45.54,26,FALSE
1115458557750785878,Sky world common room,17364350,Soon,FALSE,3,TRUE,Downtown Core,Central Region,1.2742751369103975,103.844708,Private room in rental unit,Private room,2,1,1,2,35.4,92,365,28,58,88,269,0,0,,,,,,,,,,,0,0,2,FALSE,17.7,19,FALSE
1115798287631925053,Shophouse loft near the center,10713442,Michal,FALSE,1,TRUE,Kallang,Central Region,1.3159562,103.8541931,Entire home,Entire home/apt,6,1,2,6,81.32,92,365,28,58,88,269,0,0,,,,,,,,,,,0,0,1,FALSE,13.553333333333333,60,FALSE
1116249575868557122,1. Cozy 2QB Studio Apt @ Somerset/Orchard Area,46685310,Yyin,FALSE,71,TRUE,River Valley,Central Region,1.29611,103.83964,Entire rental unit,Entire home/apt,4,1,1,2,145.67,29,365,5,35,65,326,2,0,14-04-2024,30-04-2024,5,5,4.5,5,5,4.5,4.5,0.07,0,0,71,TRUE,36.4175,24,FALSE
1116460949024167664,The Aberdeen,300765938,Xacco,FALSE,149,TRUE,Kallang,Central Region,1.3245686461283557,103.86624306578533,Entire rental unit,Entire home/apt,6,1,6,6,132.14,92,365,28,58,88,269,0,0,,,,,,,,,,,0,0,52,FALSE,22.02333333333333,17,FALSE
1117257165555960868,"City views 2BR in District 9, Orchard Singapore",138649185,Sidharth,FALSE,492,TRUE,Newton,Central Region,1.30873,103.83047,Entire serviced apartment,Entire home/apt,4,1,2,4,174.44,92,365,28,58,88,363,2,0,25-05-2024,17-08-2024,5,5,4.5,5,5,5,5,0.08,0,0,215,TRUE,43.61,43,FALSE
1120764409959358945,Easy Access 2 Beds Studio Apt-Somerset/OrchardArea,10248444,Recr,FALSE,64,TRUE,River Valley,Central Region,1.2967725233505862,103.83919799082362,Entire serviced apartment,Entire home/apt,4,1,1,2,260.94,6,1125,25,55,85,349,5,2,29-06-2024,30-05-2026,4.6,4.4,4.4,5,4.8,4.4,4.2,0.21,24,6263,64,TRUE,65.235,26,FALSE
1120855427780055433,NEW Downtown Cozy Studio Apt-Somerset/Orchard Area,10248444,Recr,FALSE,64,TRUE,River Valley,Central Region,1.29681,103.84012,Entire serviced apartment,Entire home/apt,4,1,1,1,204.94,1,1125,16,32,58,326,11,2,15-07-2024,24-09-2025,4.73,4.73,4.82,4.73,4.82,4.82,4.64,0.46,12,2459,64,TRUE,51.235,27,FALSE
1120883289538559724,Sentosa 5 star hotel ORA,538385739,Steven,TRUE,2,TRUE,Southern Islands,Central Region,1.256380452114998,103.82120881562146,Room in hotel,Private room,3,1,1,2,417,1,365,29,59,89,180,26,15,23-07-2024,26-02-2026,4.92,5,4.92,4.81,4.92,5,4.96,1.1,90,37530,2,TRUE,139,11,FALSE
1122389407600886722,New Premium Comfy Studio Apt-Somerset/Orchard Area,109333133,Pat,FALSE,73,TRUE,River Valley,Central Region,1.2961027502742637,103.8382303152839,Entire serviced apartment,Entire home/apt,4,1,1,1,226.44,6,1125,25,55,85,253,5,2,08-07-2024,05-12-2025,4.4,4.8,4.8,4.4,5,4.6,4,0.21,24,5435,73,TRUE,56.61,24,FALSE
1122405444122215497,New Cozy Deluxe Studio/Balcony-Somerset/City Area,109333133,Pat,FALSE,73,TRUE,River Valley,Central Region,1.2945790789703664,103.84020231064856,Entire serviced apartment,Entire home/apt,5,1,1,1,219.52,1,1125,23,53,83,261,7,0,22-07-2024,22-11-2024,4.71,4.86,4.71,4.71,4.71,4.86,4.86,0.3,0,0,73,TRUE,43.904,27,FALSE
1125003659029367061,"2 bedroom apartment in Eunos, Singapore, pool view",47355824,Rolf,FALSE,3,TRUE,Bedok,East Region,1.3183584,103.9060988,Entire rental unit,Entire home/apt,4,1,2,4,50.38,92,365,28,58,88,360,0,0,,,,,,,,,,,0,0,2,FALSE,12.595,8,FALSE
1125061311682323382,(2 mins to MRT) RM 1: 6-Bed Family Room,313008662,Derrick,FALSE,4,TRUE,Geylang,Central Region,1.3173,103.88331,Private room in bed and breakfast,Private room,6,2,1,8,247,1,365,20,48,76,231,42,20,23-04-2024,05-06-2026,4.36,4.36,4.31,4.5,4.6,4.62,4.26,1.58,120,29640,4,TRUE,41.166666666666664,31,FALSE
1125882563677665360,One-Bedroom in Singapore,291243757,JJH Serviced Apartment,FALSE,4,FALSE,Serangoon,North-East Region,1.34737,103.87078,Private room in bed and breakfast,Private room,2,1,1,1,180,1,1125,20,21,21,22,0,0,,,,,,,,,,,0,0,4,FALSE,90,9,FALSE
1126421826112076000,"Downtown: 1 Bed in 10 Mix Dorm, 5 min walk to MRT",337002461,Rucksack Inn SG,FALSE,18,TRUE,Kallang,Central Region,1.31177,103.86107,Shared room in hostel,Shared room,1,1,1,1,29,1,365,25,50,80,355,97,50,01-05-2024,05-06-2026,4.14,4.24,3.99,4.41,4.39,4.57,4.25,3.68,255,7395,18,TRUE,29,29,FALSE
1126432655750314919,"Downtown: 1 Bed in 4 Mix Dorm, 5 mins walk to MRT",337002461,Rucksack Inn SG,FALSE,18,TRUE,Kallang,Central Region,1.31329,103.85929,Shared room in hostel,Shared room,1,1,1,1,52,1,365,26,48,77,352,13,5,18-04-2024,16-03-2026,4,3.77,3.85,4.15,4.54,4.46,4,0.49,30,1560,18,TRUE,52,29,FALSE
1126441295278848052,"Downtown: 1 Bed in 6 Mix Dorm, 5 mins walk to MRT",337002461,Rucksack Inn SG,FALSE,18,TRUE,Kallang,Central Region,1.31361,103.85924,Shared room in hostel,Shared room,1,1,1,1,36,1,365,28,58,88,363,24,15,20-04-2024,25-06-2026,4.29,4.54,4.13,4.54,4.58,4.67,4.33,0.9,90,3240,18,TRUE,36,29,FALSE
1126447135198317376,"Downtown: Bed in 6 Female Dorm, 5 mins walk to MRT",337002461,Rucksack Inn SG,FALSE,18,TRUE,Kallang,Central Region,1.3136897037195547,103.8612571656448,Shared room in hostel,Shared room,1,1,1,1,40,1,365,27,57,87,362,23,11,06-05-2024,24-04-2026,4.26,4.39,4.39,4.04,4.26,4.57,4.43,0.88,66,2640,18,TRUE,40,29,FALSE
1126559763253932251,"Chinatown: 1 Bed in 4 Mix Dorm, 1 min walk to MRT",337002461,Rucksack Inn SG,FALSE,18,TRUE,Outram,Central Region,1.2827,103.84441,Shared room in hostel,Shared room,1,1,1,1,40,1,365,22,49,77,348,30,2,15-04-2024,19-11-2025,4.23,4.23,4,4.43,4.4,4.87,4.43,1.12,12,480,18,TRUE,40,31,FALSE
1126795875691814261,Hillview MRT Condo 1 bedroom,50612894,Charles,FALSE,1,TRUE,Bukit Batok,West Region,1.35875,103.76555,Private room in rental unit,Private room,2,1,1,2,41.3,92,365,28,58,88,363,0,0,,,,,,,,,,,0,0,1,FALSE,20.65,16,FALSE
1127120740050488165,"Chinatown: 1 Bed in 6 Mix Dorm, 1 min walk to MRT",337002461,Rucksack Inn SG,FALSE,18,TRUE,Outram,Central Region,1.2836421112611602,103.84264611075068,Shared room in hostel,Shared room,1,1,1,1,33,1,365,27,53,83,358,128,35,19-04-2024,17-06-2026,4.29,4.41,4.05,4.63,4.52,4.77,4.44,4.79,210,6930,18,TRUE,33,31,FALSE
1127125314999238003,"Chinatown: 1 Bed in 8 Mix Dorm, 1 min walk to MRT",337002461,Rucksack Inn SG,FALSE,18,TRUE,Outram,Central Region,1.2843616723940978,103.84333434536616,Shared room in hostel,Shared room,1,1,1,1,29,1,365,20,37,66,328,16,5,14-04-2024,27-05-2026,4.25,4.38,4.06,4.56,4.56,4.75,4.44,0.59,30,870,18,TRUE,29,31,FALSE
1127129255987380110,"Chinatown: 1 Bed in 10 Mix Dorm, 1 min walk to MRT",337002461,Rucksack Inn SG,FALSE,18,TRUE,Outram,Central Region,1.2842433466963188,103.84327304253706,Shared room in hostel,Shared room,1,1,1,1,35,1,365,16,37,65,333,33,6,25-04-2024,22-01-2026,4.03,4.27,3.97,4.55,4.48,4.85,4.24,1.24,36,1260,18,TRUE,35,31,FALSE
1127134859913654007,"Chinatown: 1 in 6 Female Dorm, 1 min walk to MRT",337002461,Rucksack Inn SG,FALSE,18,TRUE,Outram,Central Region,1.2843,103.84391,Shared room in hostel,Shared room,1,1,1,1,29,1,365,26,47,76,350,15,3,07-05-2024,06-05-2026,3.53,3.73,3.33,3.73,3.8,4.47,3.6,0.57,18,522,18,TRUE,29,31,FALSE
1128801796780562038,Big Ensuite Room in Landed Area,7620983,"Gesan, Sharm & Gautham",FALSE,1,TRUE,Bedok,East Region,1.3145912,103.9182451,Private room in home,Private room,2,1,1,2,24.17,92,365,26,56,86,361,0,0,,,,,,,,,,,0,0,1,FALSE,12.085,15,FALSE
1128950382253404567,2 Bedrooms~Close to 4 MRT Stations~Lovely Pool,57612875,Ray,FALSE,1,TRUE,Rochor,Central Region,1.2993873541395091,103.85131202996888,Entire condo,Entire home/apt,4,1,2,4,102.18,92,365,29,59,89,364,16,0,02-05-2024,21-07-2024,4.81,4.69,4.69,4.88,5,5,4.63,0.61,0,0,1,TRUE,25.545,33,FALSE
1129474068512383673,Apartment at central,89725954,Eeling,FALSE,1,TRUE,Tanglin,Central Region,1.2934162980453194,103.8263888,Private room in rental unit,Private room,1,1,2,1,59,92,365,28,58,88,269,0,0,,,,,,,,,,,0,0,1,FALSE,59,9,FALSE
1130188549747669861,Luxurious Queen Sized Room with ensuite toilet,8978331,Jane,FALSE,11,TRUE,Bedok,East Region,1.31986,103.92701,Private room in home,Private room,2,1,1,2,24.8,92,365,0,0,30,305,0,0,,,,,,,,,,,0,0,11,FALSE,12.4,8,FALSE
1130403897914167448,(2 mins to MRT) RM 2: 6-Bed Family Room,313008662,Derrick,FALSE,4,TRUE,Geylang,Central Region,1.31536,103.88256,Private room in bed and breakfast,Private room,6,2,1,6,247,1,365,20,48,76,228,24,15,13-06-2024,01-06-2026,4.58,4.67,4.46,4.67,4.79,4.63,4.67,0.96,90,22230,4,TRUE,41.166666666666664,31,FALSE
1132723839482169367,"Private, Quiet, 0 sharing room",5685222,Shao Xun,FALSE,1,TRUE,Choa Chu Kang,West Region,1.39188,103.75188,Private room in home,Private room,1,1,1,1,22.42,92,180,28,58,88,269,0,0,,,,,,,,,,,0,0,1,FALSE,22.42,24,FALSE
1132956624704206292,2 bedroom spacious unit,238891646,Neha,FALSE,131,TRUE,Bukit Timah,Central Region,1.3327654480054667,103.78781013661025,Entire rental unit,Entire home/apt,4,1,2,4,140.12,92,365,28,58,88,269,0,0,,,,,,,,,,,0,0,131,FALSE,35.03,25,FALSE
1133126746608552480,Cozy & Elegant Private Studio Apartment Unit 5,193819283,Leon,TRUE,7,TRUE,Kallang,Central Region,1.3169362,103.8531556,Entire rental unit,Entire home/apt,2,1,1,1,148.5,6,365,0,0,25,168,14,7,30-05-2024,13-06-2026,4.71,4.79,4.64,5,4.71,4.64,4.5,0.55,84,12474,7,TRUE,74.25,21,FALSE
1133915070063689817,New Cental Cozy 2 Beds Studio-Somerset/City Area,61619807,Ong,FALSE,61,FALSE,River Valley,Central Region,1.296760856154592,103.8396715284038,Entire serviced apartment,Entire home/apt,5,1,1,2,285.61,6,365,20,50,80,342,10,4,03-11-2024,17-10-2025,4.1,4,4.4,4.5,4.8,4.6,4,0.5,48,13709,60,TRUE,57.122,27,FALSE
1138036706054523548,Restful room on heritage street,4725831,Adeline,FALSE,2,TRUE,Marine Parade,Central Region,1.307552540733721,103.90570959465272,Private room in condo,Private room,2,1,1,2,60.42,92,365,28,58,88,269,1,0,23-09-2024,23-09-2024,4,5,5,5,5,4,3,0.05,0,0,2,TRUE,30.21,12,FALSE
1138151240438377785,New City Cozy Studio/Balcony@ Somerset/OrchardArea,61619807,Ong,FALSE,61,FALSE,River Valley,Central Region,1.2959,103.84004,Entire serviced apartment,Entire home/apt,3,1,1,1,213.31,1,365,22,52,82,352,1,1,24-05-2026,24-05-2026,5,5,5,5,5,5,5,0.81,6,1280,60,TRUE,71.10333333333334,26,FALSE
1141680436397532183,Modern central subway apartment,573953309,Jan,FALSE,2,TRUE,Bukit Merah,Central Region,1.29104,103.81705,Private room in rental unit,Private room,1,1,1,1,46.04,92,180,28,58,88,363,0,0,,,,,,,,,,,0,0,2,FALSE,46.04,9,FALSE
1141730617803722380,Downtown Core Room MRT at doorstep,573953309,Jan,FALSE,2,TRUE,Bukit Merah,Central Region,1.28946,103.81885,Private room in rental unit,Private room,1,1,1,1,48.4,92,365,27,57,87,362,0,0,,,,,,,,,,,0,0,2,FALSE,48.4,10,FALSE
1141836308969291531,Comfortable apartment near town,121666882,W.J,FALSE,5,TRUE,Novena,Central Region,1.31957,103.83567,Entire rental unit,Entire home/apt,3,1,2,3,52.67,92,365,26,29,29,231,1,0,27-01-2025,27-01-2025,5,5,5,5,5,5,5,0.06,0,0,4,TRUE,17.55666666666667,16,FALSE
1142759783174433363,3 Bedroom Penthouse in Orchard,462493313,Zz,FALSE,2,TRUE,Museum,Central Region,1.2966063133609766,103.84411347233356,Entire rental unit,Entire home/apt,6,1,3,6,117.99,92,365,22,52,82,357,0,0,,,,,,,,,,,0,0,2,FALSE,19.665,9,FALSE
1143921972375198193,Ensuite Studio · Art Deco Shophouse · Joo Chiat,29032695,Frank,FALSE,12,TRUE,Marine Parade,Central Region,1.30673,103.90424,Private room in home,Private room,2,1,1,1,127.16,7,365,0,8,8,134,2,2,23-08-2025,29-11-2025,4,4,4,3.5,5,5,4.5,0.19,28,3560,12,TRUE,63.58,30,FALSE
1143925942738013965,"Private Room in Art Deco Shophouse, Joo Chiat",29032695,Frank,FALSE,12,TRUE,Marine Parade,Central Region,1.30766,103.90361,Private room in home,Private room,1,1,1,1,105.76,7,365,8,13,43,224,5,0,28-06-2024,25-02-2025,4.2,4.4,4,4.6,4.2,4.4,4.2,0.2,0,0,12,TRUE,105.76,30,FALSE
1143929133718457590,"Heritage Shophouse Room · Katong, East Coast",29032695,Frank,FALSE,12,TRUE,Marine Parade,Central Region,1.30731,103.90342,Private room in home,Private room,1,1,1,1,105.76,7,365,21,21,33,214,2,0,04-09-2024,30-10-2024,4.5,5,5,5,4,5,4.5,0.09,0,0,12,TRUE,105.76,30,FALSE
1143931262251071945,Snug Room in 1939 Heritage Shophouse · Katong,29032695,Frank,FALSE,12,TRUE,Marine Parade,Central Region,1.307725234446346,103.90335793037156,Private room in home,Private room,1,1,1,1,105.76,7,365,0,23,53,227,0,0,,,,,,,,,,,0,0,12,FALSE,105.76,30,FALSE
1145378870944166294,2-story loft with massive windows & private garden,545752502,M Social Singapore,TRUE,7,TRUE,Singapore River,Central Region,1.291,103.8376,Room in hotel,Private room,2,1,1,1,305,1,731,29,59,89,185,1,0,09-05-2024,09-05-2024,5,5,5,5,5,5,5,0.04,0,0,7,TRUE,152.5,28,FALSE
1147038927980632245,City Deluxe Studio Apt/Balcony-Somerset/Orch. Area,404487343,OngRR,FALSE,45,TRUE,River Valley,Central Region,1.29645,103.83995,Entire serviced apartment,Entire home/apt,5,1,1,1,213.98,1,365,23,53,83,349,0,0,,,,,,,,,,,0,0,43,FALSE,42.796,27,FALSE
1147423722643637720,New City Cozy 2-Room Studio @Somerset/Orchard Area,109333133,Pat,FALSE,73,TRUE,River Valley,Central Region,1.2947629952936754,103.83832702315604,Entire serviced apartment,Entire home/apt,6,2,2,2,373.4,1,365,7,37,67,322,1,0,08-05-2024,08-05-2024,5,5,5,5,5,5,5,0.04,0,0,73,TRUE,62.23333333333333,26,FALSE
1147625544649497971,New City Family 2QB Studio Apt-Somerset/Orch. Area,404487343,OngRR,FALSE,45,TRUE,River Valley,Central Region,1.29529,103.83814,Entire serviced apartment,Entire home/apt,6,1,1,2,291.23,1,365,20,50,80,346,0,0,,,,,,,,,,,0,0,43,FALSE,48.538333333333334,27,FALSE
1148171142986946123,New Deluxe Cozy 2 BR Apt @ Somerset/Orchard Area,61619807,Ong,FALSE,61,FALSE,River Valley,Central Region,1.29518,103.83814,Entire serviced apartment,Entire home/apt,6,1,2,2,384.51,1,365,4,31,61,312,2,0,15-06-2024,11-01-2025,4,4.5,5,5,5,5,4,0.08,0,0,60,TRUE,64.085,26,FALSE
1148289733044253588,Andrew’s Apartment,87864383,Ruxin,FALSE,1,TRUE,Hougang,North-East Region,1.37412,103.90324,Private room in rental unit,Private room,1,1,1,1,17.31,92,365,28,58,88,269,0,0,,,,,,,,,,,0,0,1,FALSE,17.31,11,FALSE
1148292370921424427,"Trendy estate, Holland Village - Private Room",575534036,Karen,FALSE,12,TRUE,Queenstown,Central Region,1.311364,103.7935268,Private room in serviced apartment,Private room,2,1,1,1,344.83,6,1125,29,59,89,364,0,0,,,,,,,,,,,0,0,12,FALSE,172.415,13,FALSE
1148305387098585341,"Comfy Holland Village, 1 Bedroom",575534036,Karen,FALSE,12,TRUE,Queenstown,Central Region,1.311364,103.7935268,Private room in serviced apartment,Private room,2,1,1,1,679,6,1125,13,42,72,320,0,0,,,,,,,,,,,0,0,12,FALSE,339.5,18,FALSE
1148310726128055404,Stylish 2BR Superior in Trendy Holland Village,575534036,Karen,FALSE,12,TRUE,Queenstown,Central Region,1.311364,103.7935268,Entire serviced apartment,Entire home/apt,2,1,2,2,684,6,1125,23,48,78,326,0,0,,,,,,,,,,,0,0,12,FALSE,342,17,FALSE
1149191758469030076,Brand new private Condo Room,25401069,Ashutosh,FALSE,1,TRUE,Changi,East Region,1.3580182543976576,103.96962295176336,Private room in condo,Private room,1,1,1,1,10.98,92,365,29,59,89,364,0,0,,,,,,,,,,,0,0,1,FALSE,10.98,18,TRUE
1150726261186875946,SINGAPORE落地全景泳池大床房,142217058,漫步,TRUE,2,TRUE,Outram,Central Region,1.2775242537624916,103.8422623905589,Room in hotel,Private room,2,1,1,1,405,1,1125,29,59,89,254,11,8,02-02-2025,08-05-2026,4.91,4.73,4.91,4.82,4.91,4.91,4.55,0.64,48,19440,2,TRUE,202.5,29,FALSE
1151921017042310050,Snooze Deluxe Twin - 2 minutes away from BUGIS MRT,576414012,The Snooze Hotel,FALSE,2,TRUE,Downtown Core,Central Region,1.29725,103.85642,Room in hotel,Private room,2,1,1,2,93,1,365,28,58,88,242,42,21,17-05-2024,13-05-2026,4.05,4.19,3.95,4.62,4.45,4.69,4,1.63,126,11718,2,TRUE,46.5,13,FALSE
1153541429873321651,Tanjong Pagar CBD Loft Apartment for rent,30613375,Qing,FALSE,2,TRUE,Downtown Core,Central Region,1.2754081,103.8445014,Entire rental unit,Entire home/apt,2,1,1,2,69.64,92,365,0,4,19,294,0,0,,,,,,,,,,,0,0,2,FALSE,34.82,8,FALSE
1154113358017640397,8@woodleigh公寓,24320254,Saifang,FALSE,2,TRUE,Toa Payoh,Central Region,1.3356747507450728,103.86934105306864,Entire rental unit,Entire home/apt,2,1,1,2,50.15,92,365,29,59,89,360,0,0,,,,,,,,,,,0,0,1,FALSE,25.075,11,FALSE
1155424527809347474,3BR Normanton Park at Kent Ridge,101145755,Yulie,FALSE,19,TRUE,Queenstown,Central Region,1.28882,103.79173,Entire rental unit,Entire home/apt,6,1,3,6,107.19,92,180,28,58,88,179,0,0,,,,,,,,,,,0,0,19,FALSE,17.865,26,FALSE
1155541275662895455,VicHaus | Twin Suite | 30 SQM | Kitchenette | East,149374360,Melanie,FALSE,5,TRUE,Marine Parade,Central Region,1.304818,103.905902,Entire serviced apartment,Entire home/apt,3,2,1,3,324,6,365,11,41,71,187,3,1,05-08-2024,07-07-2025,5,5,5,5,5,5,5,0.13,12,3888,1,TRUE,108,43,FALSE
1156055242666803330,VicHaus | Suite | 30 SQM | Kitchenette | East,528168810,Pauline,TRUE,5,TRUE,Marine Parade,Central Region,1.304818,103.905902,Entire serviced apartment,Entire home/apt,3,2,1,2,336,6,365,20,50,80,196,14,8,30-08-2024,25-03-2026,4.93,4.93,4.86,4.93,4.93,4.93,4.79,0.63,96,32256,4,TRUE,112,44,FALSE
1156194445863734469,Snooze Exec Queen - 2 minutes away from BUGIS MRT,576414012,The Snooze Hotel,FALSE,2,TRUE,Downtown Core,Central Region,1.297891,103.85708,Room in hotel,Private room,2,1,1,1,106,1,365,29,59,89,244,20,5,09-08-2024,30-01-2026,3.75,3.85,3.65,4.85,4.1,4.75,3.5,0.87,30,3180,2,TRUE,53,11,FALSE
1156770859883263200,Studio in convenient Novena / central Singapore,109043317,Charmaine,FALSE,1,TRUE,Novena,Central Region,1.3183251772906883,103.84663481265306,Entire home,Entire home/apt,1,1,1,1,102.83,6,365,29,59,89,90,2,0,07-06-2024,12-06-2024,5,5,5,5,5,4.5,5,0.08,0,0,1,TRUE,102.83,6,FALSE
1159877277633034540,Superior Twin Room,578365972,The Snooze Hotel Marine Parade,FALSE,2,TRUE,Bedok,East Region,1.3087218,103.9119842,Room in hotel,Private room,2,1,1,2,71,1,365,28,58,88,184,46,11,16-06-2024,05-05-2026,4.02,4.15,4,4.63,4.59,4.43,3.93,1.85,66,4686,2,TRUE,35.5,8,FALSE
1160439074732955633,Blue Horizon - Gorgeous Apartment in the West!,578517188,Dillon Augustine Kevin,FALSE,1,TRUE,Clementi,West Region,1.2977714027603615,103.76515701413156,Entire condo,Entire home/apt,4,1,3,4,87.76,92,730,26,56,86,267,0,0,,,,,,,,,,,0,0,1,FALSE,21.94,11,FALSE
1162222516503661569,Indian friend home preferred only Indian,578604921,Pughal,FALSE,1,TRUE,Hougang,North-East Region,1.378736163652028,103.88899681952005,Private room in rental unit,Private room,1,1,1,1,30.27,92,365,28,58,88,269,0,0,,,,,,,,,,,0,0,1,FALSE,30.27,6,FALSE
1163456834536895777,New City 2-beds Loft-Studio @Somerset/Orchard Area,109333133,Pat,FALSE,73,TRUE,River Valley,Central Region,1.296323823813492,103.83809617155494,Entire serviced apartment,Entire home/apt,5,1,1,2,314,1,365,16,42,72,248,2,2,18-09-2025,25-05-2026,5,4.5,4.5,5,5,5,4.5,0.21,12,3768,73,TRUE,62.8,26,FALSE
1164079483534405707,"Private Room · Heritage Katong Shophouse, SG",29032695,Frank,FALSE,12,TRUE,Marine Parade,Central Region,1.3067633,103.9042185,Private room in townhouse,Private room,1,1,1,1,105.76,7,365,0,23,53,234,7,4,10-08-2024,05-03-2026,4.71,4.71,4.14,5,4.71,5,4.43,0.3,56,5923,12,TRUE,105.76,30,FALSE
1164084983276437556,Bright Room in Art Deco Shophouse · Joo Chiat,29032695,Frank,FALSE,12,TRUE,Marine Parade,Central Region,1.3067633,103.9042185,Private room in home,Private room,1,1,1,1,107.33,7,365,4,27,57,238,2,1,02-10-2024,24-05-2026,5,5,5,5,5,5,5,0.09,14,1503,12,TRUE,107.33,31,FALSE
1164088481511487446,Top-Floor Room · Heritage Shophouse · Katong,29032695,Frank,FALSE,12,TRUE,Marine Parade,Central Region,1.3067633,103.9042185,Private room in home,Private room,1,1,1,1,105.76,7,365,16,37,67,225,8,4,19-08-2024,18-10-2025,5,5,5,5,4.88,5,4.88,0.35,56,5923,12,TRUE,105.76,31,FALSE
1164192407853655725,Green & Luxury 3 Bed Apartment,28816757,Marek,TRUE,3,TRUE,Tanglin,Central Region,1.30122,103.81831,Entire rental unit,Entire home/apt,6,1,3,6,90.69,92,365,1,6,6,210,1,0,04-01-2025,04-01-2025,5,5,5,5,5,5,5,0.06,0,0,1,TRUE,15.115,44,FALSE
1166368730221769094,Penthouse at Novena near MRT 30 nights,238891646,Neha,FALSE,131,TRUE,Novena,Central Region,1.3216631428822003,103.8425089819592,Entire rental unit,Entire home/apt,4,1,2,4,129.05,92,365,28,58,88,269,0,0,,,,,,,,,,,0,0,131,FALSE,32.2625,10,FALSE
1167164655251198517,Two-Bedroom Standard Apartment,544341239,Cove,FALSE,11,TRUE,Outram,Central Region,1.2824539,103.8472139,Private room in serviced apartment,Private room,4,1,2,2,430,6,28,13,14,14,14,0,0,,,,,,,,,,,0,0,5,FALSE,107.5,8,FALSE
1167867333891082690,Studio Apartment with Queen Bed,544341239,Cove,FALSE,11,TRUE,Outram,Central Region,1.2824539,103.8472139,Private room in serviced apartment,Private room,2,1,1,1,330,6,28,13,14,14,14,0,0,,,,,,,,,,,0,0,5,FALSE,165,8,FALSE
1168481015025943519,Top-Floor Ensuite Studio · Heritage Katong,29032695,Frank,FALSE,12,TRUE,Marine Parade,Central Region,1.3067633,103.9042185,Private room in home,Private room,2,1,1,1,195.51,7,365,29,59,89,270,1,0,10-08-2024,10-08-2024,4,4,4,4,3,5,3,0.04,0,0,12,TRUE,97.755,30,FALSE
1172167222883065630,You are most welcome,92189808,Darius,FALSE,1,TRUE,Tampines,East Region,1.34025,103.95873,Private room in home,Private room,1,1,1,1,22.13,92,365,28,58,88,179,1,0,03-11-2024,03-11-2024,5,5,5,5,5,5,5,0.05,0,0,1,TRUE,22.13,9,FALSE
1172256190630797104,2 Storey Loft @ Attractions Packed Beach Resort.,2676835,Hsoloscargo Residentcubes,FALSE,203,TRUE,Pasir Ris,East Region,1.3797322276535784,103.9547437621521,Room in hotel,Private room,3,1,1,2,433,1,365,21,51,81,82,3,1,28-08-2024,02-10-2025,5,4.67,5,5,5,4.67,4.67,0.13,6,2598,35,TRUE,144.33333333333334,39,FALSE
1172874108701526629,Cozy Getaway | Parc Rivieria,300765938,Xacco,FALSE,149,TRUE,Clementi,West Region,1.3214,103.75376,Entire rental unit,Entire home/apt,5,1,4,5,125.72,92,365,28,58,88,269,0,0,,,,,,,,,,,0,0,52,FALSE,25.144,21,FALSE
1173787944851792627,Beach Tree Room @ Attractions Packed Beach Resort.,2676835,Hsoloscargo Residentcubes,FALSE,203,TRUE,Pasir Ris,East Region,1.3790545688467075,103.95400832297368,Room in hotel,Private room,4,1,1,4,410,1,365,0,14,44,45,2,2,11-08-2025,21-08-2025,4.5,4.5,4.5,5,5,4.5,4.5,0.19,12,4920,35,TRUE,102.5,39,FALSE
1173854653125953472,Central home / River Valley,464852765,Rumyana,FALSE,1,TRUE,River Valley,Central Region,1.29846,103.83321,Private room in rental unit,Private room,3,1,1,3,37.98,92,300,29,59,89,270,0,0,,,,,,,,,,,0,0,1,FALSE,12.659999999999998,13,FALSE
1175759511919555690,d. Cozy Room @ Aljunied /Geylang,581868519,Nanda,TRUE,7,TRUE,Geylang,Central Region,1.3118494509015663,103.8827507656067,Private room in rental unit,Private room,2,1,1,2,13.17,92,365,0,0,0,175,1,1,11-11-2025,11-11-2025,5,5,5,5,5,5,5,0.13,184,2423,6,TRUE,6.585,36,FALSE
1177157378172268071,Beach Tree Room@Attractions Packed Beach Resort 1.,2676835,Hsoloscargo Residentcubes,FALSE,203,TRUE,Pasir Ris,East Region,1.3797,103.95604,Room in hotel,Private room,4,1,1,4,427,1,365,0,14,44,45,1,0,26-09-2024,26-09-2024,4,4,5,3,4,4,4,0.05,0,0,35,TRUE,106.75,39,FALSE
1177266586048046335,Premium 1 bedroom apartment near Orchard,238891646,Neha,FALSE,131,TRUE,River Valley,Central Region,1.29676,103.84146,Entire rental unit,Entire home/apt,2,1,1,1,445.17,6,365,28,58,88,363,1,0,15-11-2024,15-11-2024,5,5,5,5,5,5,5,0.05,0,0,131,TRUE,222.585,7,FALSE
1178156015574107047,Tropical Rm twin @Attractions Packed Beach Resort.,2676835,Hsoloscargo Residentcubes,FALSE,203,TRUE,Pasir Ris,East Region,1.37996,103.9543,Room in hotel,Private room,2,1,1,2,399,1,365,6,15,45,46,0,0,,,,,,,,,,,0,0,35,FALSE,199.5,39,FALSE
1180758818625255257,New Coliving Studio  Joo Chiat,539758925,Foresta,FALSE,1,TRUE,Geylang,Central Region,1.3119886115314692,103.89988059947513,Entire guesthouse,Entire home/apt,2,1,1,2,29.5,92,730,28,58,88,269,0,0,,,,,,,,,,,0,0,1,FALSE,14.75,10,FALSE
1180906224303660510,Habyt Cantonment - Medium Twin,287240181,Habyt Cantonment,FALSE,5,TRUE,Bukit Merah,Central Region,1.2737913,103.8406014,Private room in rental unit,Private room,2,1,1,2,176.67,6,365,23,43,70,345,2,1,11-05-2025,16-10-2025,5,5,4.5,5,5,5,5,0.14,12,2120,5,TRUE,88.335,39,FALSE
1183872124315091222,Short Term 1 BR at Newton Raod,238891646,Neha,FALSE,131,TRUE,Novena,Central Region,1.31658,103.84233,Entire rental unit,Entire home/apt,2,1,1,2,92.83,92,365,29,59,89,364,0,0,,,,,,,,,,,0,0,131,FALSE,46.415,18,FALSE
1183906150836023782,Orchard/ Balmoral Rd/ CommonRoom,69005937,Keith Lau,FALSE,3,TRUE,Newton,Central Region,1.314250301462304,103.83168149739504,Private room in rental unit,Private room,1,1,1,1,18.78,92,365,28,58,88,363,0,0,,,,,,,,,,,0,0,2,FALSE,18.78,5,FALSE
1185915191423357388,2BR Deluxe in Upbeat Holland Village,575534036,Karen,FALSE,12,TRUE,Queenstown,Central Region,1.3125153939125236,103.7929725268906,Entire serviced apartment,Entire home/apt,4,1,2,2,841,6,1125,19,49,79,354,0,0,,,,,,,,,,,0,0,12,FALSE,210.25,17,FALSE
1185943171595849585,"2BR Superior in Trendy Holland Village,",575534036,Karen,FALSE,12,TRUE,Queenstown,Central Region,1.31021,103.79247,Entire serviced apartment,Entire home/apt,3,1,2,2,616,6,1125,23,48,78,353,0,0,,,,,,,,,,,0,0,12,FALSE,205.33333333333334,16,FALSE
1185947576358641538,2BR Superior Apartment in Upbeat Holland Village,575534036,Karen,FALSE,12,TRUE,Queenstown,Central Region,1.3107,103.79441,Entire serviced apartment,Entire home/apt,2,1,2,3,582,6,1125,23,48,78,353,0,0,,,,,,,,,,,0,0,12,FALSE,291,20,FALSE
1185960624679186691,Explore Holland Village - Private Room,575534036,Karen,FALSE,12,TRUE,Queenstown,Central Region,1.31097,103.7927,Private room in serviced apartment,Private room,2,1,1,1,293,6,1125,29,59,89,364,0,0,,,,,,,,,,,0,0,12,FALSE,146.5,13,FALSE
1185980898795655861,"Upbeat district, 1BR in Holland Village",575534036,Karen,FALSE,12,TRUE,Queenstown,Central Region,1.3104981193596523,103.79269164422784,Private room in serviced apartment,Private room,2,1,1,1,523,6,1125,12,41,71,346,0,0,,,,,,,,,,,0,0,12,FALSE,261.5,15,FALSE
1185980922666295692,"1 Bedroom in Holland Village, Vibrant District",575534036,Karen,FALSE,12,TRUE,Queenstown,Central Region,1.3106,103.79283,Private room in serviced apartment,Private room,2,1,1,1,554,6,1125,11,40,70,345,0,0,,,,,,,,,,,0,0,12,FALSE,277,16,FALSE
1185996420473299630,"Vibrant district in Holland Village, Private Room",575534036,Karen,FALSE,12,TRUE,Queenstown,Central Region,1.31246,103.79255,Private room in serviced apartment,Private room,2,1,1,1,305,6,1125,26,56,86,361,0,0,,,,,,,,,,,0,0,12,FALSE,152.5,14,FALSE
1186017127022771892,"Vibrant district in Holland Village, 2BR Deluxe",575534036,Karen,FALSE,12,TRUE,Bukit Timah,Central Region,1.312498570029813,103.7941168184405,Entire serviced apartment,Entire home/apt,4,1,2,2,890,6,1125,18,48,78,353,3,2,13-05-2025,13-10-2025,5,5,5,5,5,5,4.33,0.22,24,21360,12,TRUE,222.5,20,FALSE
1186066289562000666,Condo Common Room- Avail Now,48437716,Tracey,FALSE,3,TRUE,Bukit Panjang,West Region,1.34829671,103.77262292454854,Private room in rental unit,Private room,2,1,1,2,17.71,92,365,29,59,89,364,0,0,,,,,,,,,,,0,0,2,FALSE,8.855,12,FALSE
1186549961463342281,2BR Deluxe in Upscale Holland Village,575534036,Karen,FALSE,12,TRUE,Queenstown,Central Region,1.3103835308488885,103.79303300020231,Private room in serviced apartment,Private room,4,1,2,2,1023.67,6,1125,21,51,81,356,0,0,,,,,,,,,,,0,0,12,FALSE,255.9175,20,FALSE
1186868541390529861,Peaceful One Bedroom Apartment,16120125,Nelson,FALSE,1,TRUE,Tampines,East Region,1.3529253,103.9291632,Entire rental unit,Entire home/apt,2,1,1,2,62.62,92,600,29,59,89,364,0,0,,,,,,,,,,,0,0,1,FALSE,31.31,9,FALSE
1188009951382171280,"landed house, multiple rooms",585983839,Dandan,FALSE,1,TRUE,Geylang,Central Region,1.30961,103.8936,Private room in home,Private room,10,1,3,10,32.15,92,365,26,56,86,361,0,0,,,,,,,,,,,0,0,1,FALSE,3.215,10,FALSE
1189547322218087029,Condo Common Room for rent,48437716,Tracey,FALSE,3,TRUE,Bukit Panjang,West Region,1.34854,103.77092,Private room in rental unit,Private room,2,1,1,2,17.72,92,365,29,59,89,364,1,1,13-07-2025,13-07-2025,2,2,1,3,2,3,2,0.08,184,3260,2,TRUE,8.86,10,FALSE
1195250012341744827,Family Jungle room@Attractions Packed BeachResort.,2676835,Hsoloscargo Residentcubes,FALSE,203,TRUE,Pasir Ris,East Region,1.3754,103.95682,Room in hotel,Private room,4,1,1,3,394,1,365,19,44,74,75,0,0,,,,,,,,,,,0,0,35,FALSE,98.5,39,FALSE
1195978643273072905,Beach Bay@ Attractions Packed Beach Resort 4 beds.,2676835,Hsoloscargo Residentcubes,FALSE,203,TRUE,Pasir Ris,East Region,1.3760840718442016,103.9553226,Room in hotel,Private room,4,1,1,4,477,1,365,0,8,38,39,2,2,12-10-2025,05-05-2026,5,5,5,4.5,5,4.5,4.5,0.23,12,5724,35,TRUE,119.25,39,FALSE
1196695636110912931,Two cozy & full equipped bedroom,60202360,MaMa,FALSE,1,TRUE,Punggol,North-East Region,1.40648,103.90125,Private room in rental unit,Private room,5,1,2,5,19.36,183,365,27,57,87,362,0,0,,,,,,,,,,,0,0,1,FALSE,3.872,11,FALSE
1196827296326616861,Lavish 3 BR central apartment,238891646,Neha,FALSE,131,TRUE,Singapore River,Central Region,1.29322,103.83242,Entire rental unit,Entire home/apt,6,1,3,6,221.24,92,365,29,59,89,364,0,0,,,,,,,,,,,0,0,131,FALSE,36.873333333333335,7,FALSE
1197600134466660700,#f. Cozy Private Room @ Farrer Park,581244198,Nanda,FALSE,1,TRUE,Kallang,Central Region,1.31299,103.8575,Private room in rental unit,Private room,2,1,1,2,14.48,92,365,0,1,31,212,0,0,,,,,,,,,,,0,0,1,FALSE,7.24,20,FALSE
1197767433809719883,e. Cozy room @ Aljunied/ Geylang,581868519,Nanda,TRUE,7,TRUE,Geylang,Central Region,1.3130237486515166,103.88412273807783,Private room in rental unit,Private room,2,1,1,2,14.11,92,365,29,59,89,364,3,1,08-12-2024,12-08-2025,5,5,5,5,5,5,5,0.16,184,2596,6,TRUE,7.055,37,FALSE
1198444671916609250,"With skyline views@ Bugis Rd, High floor 2BR",138649185,Sidharth,FALSE,492,TRUE,Kallang,Central Region,1.3000202177015847,103.86186411995187,Entire rental unit,Entire home/apt,4,1,2,4,217.59,92,365,27,57,87,268,0,0,,,,,,,,,,,0,0,215,FALSE,54.3975,45,FALSE
1201971237883159675,Instant Double Capsule In Mix Dorm(Price for 2Pax),46545593,Meadows,FALSE,5,TRUE,Kallang,Central Region,1.3113038561588022,103.86073693068846,Shared room in bed and breakfast,Shared room,2,8,1,8,71,1,99,25,54,84,271,5,2,24-09-2024,24-09-2025,4.6,4.6,4.6,4.8,4.8,4.2,4,0.23,12,852,5,TRUE,35.5,33,FALSE
1203586062379106402,Luxury Room ~Steps away from the MRT,131052744,George,TRUE,1,TRUE,Marine Parade,Central Region,1.29884,103.88989,Private room in home,Private room,5,1,1,2,190.63,2,365,8,13,24,222,22,22,05-02-2026,26-06-2026,4.95,4.9,4.9,4.95,4.95,4.95,4.86,4.55,132,25163,1,TRUE,38.126,18,FALSE
1207318281263563928,New 2 BR Apartment /WIFI @ Somerset/Orchard Area,61619807,Ong,FALSE,61,FALSE,River Valley,Central Region,1.296,103.84003,Entire serviced apartment,Entire home/apt,5,1,2,2,361.22,6,365,0,0,0,169,7,2,03-11-2024,16-02-2026,3.57,4,4,4.29,4.57,4.14,3.71,0.35,24,8669,60,TRUE,72.244,22,FALSE
1207844551442217013,Cozy nest in the City,9985120,B,FALSE,2,TRUE,Bukit Merah,Central Region,1.27257,103.81013,Private room in rental unit,Private room,1,1,1,1,28.16,92,365,27,57,87,362,0,0,,,,,,,,,,,0,0,2,FALSE,28.16,7,FALSE
1208976108760291000,New Double Bed Capsule Bed Price for 2pax,46545593,Meadows,FALSE,5,TRUE,Kallang,Central Region,1.31124,103.86065,Shared room in bed and breakfast,Shared room,2,9,1,1,71,1,99,25,54,84,271,3,0,28-07-2024,01-02-2025,2.33,4.33,3.33,4.33,4.33,3.67,2.33,0.13,0,0,5,TRUE,35.5,33,FALSE
1209115483295579932,"cosy room in private estate,Bukit Timah",91224988,Hibiscus,FALSE,1,TRUE,Bukit Timah,Central Region,1.34408,103.7726,Private room in home,Private room,1,1,1,1,19.73,92,352,29,59,89,364,1,1,01-04-2026,01-04-2026,5,5,5,5,5,5,5,0.32,184,3630,1,TRUE,19.73,30,FALSE
1209750007577598619,starlight,528203435,Qingxia,FALSE,4,TRUE,Choa Chu Kang,West Region,1.3863396400867785,103.74291495173426,Private room in rental unit,Private room,2,1,1,2,23,92,365,29,59,89,364,1,0,28-11-2024,28-11-2024,5,5,5,5,5,5,5,0.05,0,0,4,TRUE,11.5,10,FALSE
1211541109420739270,Masteroom with private bath (S),25375339,シン,FALSE,13,TRUE,Geylang,Central Region,1.31298,103.87823,Private room in rental unit,Private room,1,1,1,1,92.71,28,365,29,59,89,364,0,0,,,,,,,,,,,0,0,12,FALSE,92.71,26,FALSE
1213308678304633864,Beautiful & clean 1BR furnished flat | Beside MRT,58541664,Lixian Ashley,FALSE,1,TRUE,Bedok,East Region,1.3271637180693363,103.9477862790227,Entire rental unit,Entire home/apt,2,1,1,2,41.3,92,133,22,52,82,357,0,0,,,,,,,,,,,0,0,1,FALSE,20.65,9,FALSE
1213692178756023876,Instant Single capsule mix Dorm,46545593,Meadows,FALSE,5,TRUE,Kallang,Central Region,1.3113288,103.8607382,Shared room in bed and breakfast,Shared room,1,4,1,6,38,1,99,29,56,84,347,101,43,05-08-2024,07-06-2026,4.59,4.76,4.63,4.78,4.8,4.76,4.64,4.37,255,9690,5,TRUE,38,35,FALSE
1214386044475516046,Common room (S),25375339,シン,FALSE,13,TRUE,Geylang,Central Region,1.3133366304956346,103.87994717970548,Private room in rental unit,Private room,1,1,1,1,61.43,28,365,29,59,89,364,2,0,22-09-2024,10-12-2024,4.5,4.5,4.5,4.5,4.5,4,4,0.09,0,0,12,TRUE,61.43,32,FALSE
1214989558350921428,Instant Single Capsule Mix Dorm,46545593,Meadows,FALSE,5,TRUE,Kallang,Central Region,1.312108887654713,103.86150177567988,Shared room in bed and breakfast,Shared room,1,4,1,6,38,1,99,29,56,84,347,11,7,10-08-2024,07-05-2026,4.73,4.73,4.55,4.82,4.64,4.73,4.55,0.48,42,1596,5,TRUE,38,34,FALSE
1215310989306586316,Rare Room at The Sail!,122468322,Misheel,FALSE,1,TRUE,Downtown Core,Central Region,1.281253179536786,103.85283038020134,Private room in rental unit,Private room,1,1,1,1,23.3,92,730,22,52,82,357,0,0,,,,,,,,,,,0,0,1,FALSE,23.3,25,FALSE
1215647072509016582,"Modern, cosy and convenient!",3926646,Paul,FALSE,4,TRUE,Downtown Core,Central Region,1.2741406609920327,103.84172923449908,Entire rental unit,Entire home/apt,2,1,1,2,38.37,180,365,29,59,89,364,0,0,,,,,,,,,,,0,0,4,FALSE,19.185,7,FALSE
1217007724712172781,Great room @Tampinese,592836807,Poonsuk,FALSE,1,TRUE,Tampines,East Region,1.3527567260259163,103.93057353794576,Private room in rental unit,Private room,1,1,1,1,38.12,92,365,27,57,87,362,0,0,,,,,,,,,,,0,0,1,FALSE,38.12,13,FALSE
1217612248414968885,Vacanza@East - Resort Style Co-Living Cozy Room 03,594643865,Alfred,FALSE,3,TRUE,Bedok,East Region,1.3279977991164742,103.91432438131696,Private room in condo,Private room,2,1,3,2,28.03,92,365,29,59,89,364,1,0,19-01-2025,19-01-2025,5,5,5,5,5,5,5,0.06,0,0,3,TRUE,14.015,31,FALSE
1220080250159546479,Hive 2 Basement,126446203,Goh,FALSE,1,TRUE,Clementi,West Region,1.2932182,103.7668098,Private room in home,Private room,1,1,1,1,18.33,92,365,29,59,89,364,0,0,,,,,,,,,,,0,0,1,FALSE,18.33,8,FALSE
1221533983278407899,h. Cozy room @ Aljunied/ Geylang,581868519,Nanda,TRUE,7,TRUE,Geylang,Central Region,1.31274,103.88223,Private room in rental unit,Private room,2,1,1,2,13.06,92,365,29,59,89,364,0,0,,,,,,,,,,,0,0,6,FALSE,6.53,19,FALSE
1222360436810497593,"Riverfront, spacious flat nr bus",586544331,Katharine,FALSE,1,TRUE,Bukit Merah,Central Region,1.291779872189269,103.8255674019456,Entire rental unit,Entire home/apt,2,1,1,2,106.3,92,365,26,56,86,361,0,0,,,,,,,,,,,0,0,1,FALSE,53.15,12,FALSE
1222735570077900345,Singapore Chinatown PoolViewRoom,142217058,漫步,TRUE,2,TRUE,Outram,Central Region,1.2851323652937146,103.84602435845056,Private room in serviced apartment,Private room,2,1,1,1,390,1,1125,29,59,89,264,0,0,,,,,,,,,,,0,0,2,FALSE,195,44,FALSE
1225352616556540568,Riverside Deluxe King/Twin Room.,2676835,Hsoloscargo Residentcubes,FALSE,203,TRUE,Singapore River,Central Region,1.2883284261127437,103.8353585736812,Room in hotel,Private room,2,1,1,1,438,1,365,27,57,87,145,0,0,,,,,,,,,,,0,0,35,FALSE,219,18,FALSE
1225438079664618315,Riverside Hotel Singapore Family Room 2 Queen.,2676835,Hsoloscargo Residentcubes,FALSE,203,TRUE,Singapore River,Central Region,1.2894087287641935,103.83684136929188,Room in hotel,Private room,4,1,1,2,528,1,365,18,44,74,75,0,0,,,,,,,,,,,0,0,35,FALSE,132,18,FALSE
1225906045023625223,Riverside Hotel Singapore Premier Family Room,2676835,Hsoloscargo Residentcubes,FALSE,203,TRUE,Singapore River,Central Region,1.28994,103.83545,Room in hotel,Private room,4,1,1,3,505,1,365,7,27,57,58,0,0,,,,,,,,,,,0,0,35,FALSE,126.25,18,FALSE
1225972660254798233,Riverside Hotel Singapore Connecting Suite,2676835,Hsoloscargo Residentcubes,FALSE,203,TRUE,Singapore River,Central Region,1.28796,103.83671,Room in hotel,Private room,6,1,1,3,898,3,365,24,54,84,359,1,0,21-05-2025,21-05-2025,5,5,5,5,5,5,5,0.07,0,0,35,TRUE,149.66666666666666,19,FALSE
1226856435663364449,New Comfy 2 Bedroom Apt @ Somerset/ Orchard Area,109333133,Pat,FALSE,73,TRUE,River Valley,Central Region,1.295394301,103.83993652391926,Entire serviced apartment,Entire home/apt,5,1,2,2,468.75,1,365,0,23,50,291,27,18,26-09-2024,23-05-2026,4.56,4.44,4.48,4.93,4.74,4.81,4.56,1.26,108,50625,73,TRUE,93.75,27,FALSE
1226856585106284966,New Comfy 2QB-Studio @ Somerset/Orchard Area,46685310,Yyin,FALSE,71,TRUE,River Valley,Central Region,1.29651,103.83797,Entire serviced apartment,Entire home/apt,4,1,1,2,257.96,6,365,13,43,73,335,6,3,28-10-2024,06-05-2026,4.5,4.67,4.5,4.83,5,4.83,4.67,0.3,36,9287,71,TRUE,64.49,24,FALSE
1226856613274248660,New City Cozy Studio APT- Somerset/ Orchard Area,46685310,Yyin,FALSE,71,TRUE,River Valley,Central Region,1.29513,103.83799,Entire serviced apartment,Entire home/apt,4,1,1,1,223.32,6,365,1,30,60,322,3,1,27-10-2024,04-12-2025,4.33,4.33,5,5,5,5,4.67,0.15,12,2680,71,TRUE,55.83,24,FALSE
1227154676044915085,Fabulous 3 br apt at Orchard,238891646,Neha,FALSE,131,TRUE,Newton,Central Region,1.3073826833180804,103.8309497045193,Entire rental unit,Entire home/apt,6,2,3,4,1369.5,6,365,28,58,88,363,0,0,,,,,,,,,,,0,0,131,FALSE,228.25,7,TRUE
1227302530704862749,Riverside Hotel Theme Room Sg,2676835,Hsoloscargo Residentcubes,FALSE,203,TRUE,Singapore River,Central Region,1.289947551507555,103.83547119837073,Room in hotel,Private room,4,1,1,3,641,1,365,27,57,87,88,0,0,,,,,,,,,,,0,0,35,FALSE,160.25,18,FALSE
1227318472840875048,Riverside Hotel Theme Suite Sg,2676835,Hsoloscargo Residentcubes,FALSE,203,TRUE,Singapore River,Central Region,1.28807,103.83716,Room in hotel,Private room,5,1,2,3,754,1,365,26,56,86,87,0,0,,,,,,,,,,,0,0,35,FALSE,150.8,18,FALSE
1227374221257274983,City Center Deluxe King/Twin Room Chinatown Sg,2676835,Hsoloscargo Residentcubes,FALSE,203,TRUE,Singapore River,Central Region,1.28765,103.84388,Room in hotel,Private room,2,1,1,1,353.67,3,365,28,58,88,91,0,0,,,,,,,,,,,0,0,35,FALSE,176.835,18,FALSE
1227387149074092124,Triple Private Room in Hostel,521372493,Radzone Hostel,FALSE,4,TRUE,Singapore River,Central Region,1.2870313,103.8489388,Room in hotel,Private room,3,3,1,2,121,1,365,8,28,57,310,15,9,03-12-2024,05-06-2026,4.27,4.4,4.2,4.53,4.8,4.6,4.13,0.78,54,6534,4,TRUE,40.333333333333336,5,FALSE
1228330371205511016,City Center Family Kids Rm Chinatown Sg.,2676835,Hsoloscargo Residentcubes,FALSE,203,TRUE,Singapore River,Central Region,1.2871,103.84529,Room in hotel,Private room,4,1,1,2,520,1,365,10,30,60,61,1,0,24-02-2025,24-02-2025,5,5,5,5,5,5,5,0.06,0,0,35,TRUE,130,18,FALSE
1228800942317269763,Cosy & Relaxing Stay R1 @ Bugis/Orchard/Dhoby,55844797,Steph,FALSE,12,TRUE,Rochor,Central Region,1.3012128188364118,103.8523666129855,Private room in rental unit,Private room,2,1,1,2,32.25,92,365,0,0,0,199,0,0,,,,,,,,,,,0,0,12,FALSE,16.125,36,FALSE
1229021715252281264,New Deluxe Family 2QB Studio-Somerset/Orchard Area,61619807,Ong,FALSE,61,FALSE,River Valley,Central Region,1.2947628506401874,103.83955972894942,Entire serviced apartment,Entire home/apt,5,1,1,2,318,1,365,20,50,80,349,3,1,02-11-2024,06-08-2025,4.33,4.33,4.67,4.67,4.33,4.33,4.33,0.15,6,1908,60,TRUE,63.6,26,FALSE
1229028998701679313,New City Cozy en-Suite Room -Somerset/Orchard Area,46685310,Yyin,FALSE,71,TRUE,River Valley,Central Region,1.29663,103.84019,Private room in serviced apartment,Private room,2,1,1,1,148.2,6,365,9,39,69,331,7,0,17-09-2024,26-02-2025,4.86,4.43,4.86,4.86,4.86,4.86,4.43,0.32,0,0,71,TRUE,74.1,22,FALSE
1231005395139604028,Peaceful Joo Chiat House,2319599,Yolanda,FALSE,1,TRUE,Bedok,East Region,1.31459,103.91126,Private room in home,Private room,2,1,1,2,34.18,92,110,29,59,89,364,0,0,,,,,,,,,,,0,0,1,FALSE,17.09,8,FALSE
1231531802719583902,Vacanza@East - Resort Style Co-Living Cozy Room 01,594643865,Alfred,FALSE,3,TRUE,Bedok,East Region,1.3300194586097642,103.91379383014304,Private room in condo,Private room,2,1,3,2,19.51,92,365,16,16,16,214,1,0,31-12-2024,31-12-2024,5,5,5,5,5,4,4,0.05,0,0,3,TRUE,9.755,31,FALSE
1231551276817126657,Cosy & Relaxing Stay L2 @ Bugis/Orchard/Dhoby,55844797,Steph,FALSE,12,TRUE,Rochor,Central Region,1.30067,103.8512,Private room in rental unit,Private room,2,1,1,2,30.17,92,365,0,0,0,168,0,0,,,,,,,,,,,0,0,12,FALSE,15.085,36,FALSE
1231566982294212720,Vacanza@East - Resort Style Co-Living Cozy Room 02,594643865,Alfred,FALSE,3,TRUE,Bedok,East Region,1.32966,103.91407,Private room in condo,Private room,2,1,3,2,22.41,92,365,0,0,28,303,1,1,14-12-2025,14-12-2025,5,5,5,4,5,4,4,0.15,184,4123,3,TRUE,11.205,31,FALSE
1231711853789900461,2 bedroom apt at Clementi,238891646,Neha,FALSE,131,TRUE,Clementi,West Region,1.3173562671259176,103.76543904160552,Entire rental unit,Entire home/apt,4,1,2,4,149.76,92,365,28,58,88,363,0,0,,,,,,,,,,,0,0,131,FALSE,37.44,7,FALSE
1231908534008916973,New Deluxe Family 2QB Studio-Somerset/Orchard Area,61619807,Ong,FALSE,61,FALSE,River Valley,Central Region,1.29665,103.83791,Entire rental unit,Entire home/apt,5,1,1,2,315.38,1,365,15,42,72,338,11,8,23-09-2024,01-03-2026,4.82,4.91,4.64,4.91,5,5,4.73,0.51,48,15138,60,TRUE,63.076,26,FALSE
1234127594707611730,NEW Cozy Family 2QB StudioApt-Somerset/OrchardArea,46685310,Yyin,FALSE,71,TRUE,River Valley,Central Region,1.2949842119067396,103.83983867183396,Entire serviced apartment,Entire home/apt,5,1,1,2,257.75,6,365,13,43,73,335,1,0,13-10-2024,13-10-2024,4,5,4,4,5,4,4,0.05,0,0,71,TRUE,51.55,25,FALSE
1234127745004933134,NEW Comfy Family 2-QB Studio-Orchard/Somerset Area,10248444,Recr,FALSE,64,TRUE,River Valley,Central Region,1.2945639118000258,103.83852151175418,Entire serviced apartment,Entire home/apt,6,1,1,2,323,1,365,18,44,74,344,12,5,07-01-2025,10-04-2026,4.58,4.67,4.67,4.75,4.75,4.5,4.08,0.67,30,9690,64,TRUE,53.833333333333336,26,FALSE
1234127940569953580,New City Cozy Studio/Balcony-Somerset/Orchard Area,109333133,Pat,FALSE,73,TRUE,River Valley,Central Region,1.2961609915020615,103.83797361029522,Entire serviced apartment,Entire home/apt,4,1,1,1,259.75,1,365,25,55,85,264,1,0,11-11-2024,11-11-2024,4,4,4,5,5,4,4,0.05,0,0,73,TRUE,64.9375,26,FALSE
1234127971959328439,New Cozy Luxe Studio/Balcony-Orchard/Somerset Area,109333133,Pat,FALSE,73,TRUE,River Valley,Central Region,1.29536,103.83786,Entire serviced apartment,Entire home/apt,4,1,1,1,254.47,6,365,25,55,85,163,0,0,,,,,,,,,,,0,0,73,FALSE,63.6175,25,FALSE
1237528895641202332,Service Terrace Room Tanah Merah,34707342,Chloe,FALSE,3,TRUE,Bedok,East Region,1.3316204960503824,103.9459524,Private room in guesthouse,Private room,1,1,1,1,23.64,92,730,29,59,89,364,0,0,,,,,,,,,,,0,0,3,FALSE,23.64,7,FALSE
1237545402386389392,Service Terrace Shared Room Tanah Merah,34707342,Chloe,FALSE,3,TRUE,Bedok,East Region,1.33078,103.94573,Private room in guesthouse,Private room,2,1,1,2,30.04,92,1125,29,59,89,364,0,0,,,,,,,,,,,0,0,3,FALSE,15.02,8,FALSE
1238656994190513553,Master room at Eunos MRT,265191783,Sally,FALSE,7,TRUE,Geylang,Central Region,1.31625,103.90545,Private room in bungalow,Private room,2,1,1,2,20.98,92,365,29,59,89,364,0,0,,,,,,,,,,,0,0,3,FALSE,10.49,6,FALSE
1239879728744216302,CBD Hotel Singapore Deluxe King Room w Breakfast,2676835,Hsoloscargo Residentcubes,FALSE,203,TRUE,Outram,Central Region,1.27629,103.84385,Room in hotel,Private room,2,1,1,1,410,2,365,27,57,87,88,1,0,29-12-2024,29-12-2024,5,5,5,5,5,5,5,0.05,0,0,35,TRUE,205,30,FALSE
1239985171891429870,CBD Hotel Singapore Deluxe Twin Room wth Breakfast,2676835,Hsoloscargo Residentcubes,FALSE,203,TRUE,Downtown Core,Central Region,1.2951641331923127,103.8526360681704,Room in hotel,Private room,2,1,1,2,410,3,365,27,57,87,88,0,0,,,,,,,,,,,0,0,35,FALSE,205,30,FALSE
1241238978192145855,新加坡的公寓式酒店内的房间,285197596,雪锋,FALSE,2,TRUE,Singapore River,Central Region,1.2884549694527636,103.84885805195472,Entire rental unit,Entire home/apt,1,1,1,1,424.04,92,365,29,59,89,364,0,0,,,,,,,,,,,0,0,1,FALSE,424.04,12,FALSE
1241947087107704109,Comfortable 2 Bedroom Apartment near MRT,238891646,Neha,FALSE,131,TRUE,Bukit Merah,Central Region,1.2892001547939989,103.83218205942732,Entire serviced apartment,Entire home/apt,6,3,2,3,685.33,6,365,28,58,88,363,0,0,,,,,,,,,,,0,0,131,FALSE,114.22166666666668,18,FALSE
1243199194517432903,"450sq.ft. Central 1BR @Orchard, Singapore",138649185,Sidharth,FALSE,492,TRUE,Tanglin,Central Region,1.31421,103.82474,Entire rental unit,Entire home/apt,2,1,1,1,423.5,6,180,29,59,89,364,0,0,,,,,,,,,,,0,0,215,FALSE,211.75,43,FALSE
1243831644267807183,"Chinatown: Room with 10 beds, 1 min walk to MRT",337002461,Rucksack Inn SG,FALSE,18,TRUE,Outram,Central Region,1.2833664,103.843579,Room in hotel,Private room,10,1,1,10,338,1,365,12,25,51,311,2,2,29-12-2025,14-06-2026,5,4.5,4.5,5,5,5,4.5,0.33,12,4056,18,TRUE,33.8,12,FALSE
1243860150618704413,1BR Serviced Apartment - 350M Serangoon MRT,651579232,Claudia,FALSE,4,TRUE,Serangoon,North-East Region,1.34542,103.87248,Entire serviced apartment,Entire home/apt,2,1,1,1,355,6,365,29,59,89,364,3,0,22-09-2024,03-06-2025,4,4,4.33,5,4,4.33,4,0.14,0,0,4,TRUE,177.5,17,FALSE
1243882041882079966,"Chinatown: Room with 8 beds, 1 min walk to MRT",337002461,Rucksack Inn SG,FALSE,18,TRUE,Outram,Central Region,1.2833664,103.843579,Room in hotel,Private room,8,1,1,8,261,1,365,18,35,64,326,8,5,12-01-2025,14-05-2026,4.13,3.63,4.25,4.75,4.5,4.75,3.88,0.45,30,7830,18,TRUE,32.625,13,FALSE
1243968935509780473,"Downtown: Room with 10 beds, 5 min walk to MRT",337002461,Rucksack Inn SG,FALSE,18,TRUE,Kallang,Central Region,1.3118223,103.8601729,Room in hotel,Private room,10,1,1,10,262,1,365,25,50,80,354,20,17,20-12-2024,02-06-2026,4.1,4.25,4.3,4.25,4.3,4.45,4,1.08,102,26724,18,TRUE,26.2,16,FALSE
1243982290262063870,"Downtown: Room with 6 beds, 5 mins walk to MRT",337002461,Rucksack Inn SG,FALSE,18,TRUE,Kallang,Central Region,1.3118223,103.8601729,Room in hotel,Private room,6,1,1,6,177,1,365,22,50,80,355,36,20,25-10-2024,27-04-2026,3.94,3.86,3.67,4.42,4.22,4.25,3.78,1.76,120,21240,18,TRUE,29.5,15,FALSE
1244751405963770819,Studio Serviced Apartment 350M from Serangoon MRT,651579232,Claudia,FALSE,4,TRUE,Serangoon,North-East Region,1.3461,103.87045,Entire rental unit,Entire home/apt,2,1,1,1,337,6,365,29,59,89,364,1,1,04-10-2025,04-10-2025,4,3,4,3,4,4,3,0.11,12,4044,4,TRUE,168.5,15,FALSE
1244760151070150179,Studio Apartment Near Nex Serangoon Shopping mall,651579232,Claudia,FALSE,4,TRUE,Serangoon,North-East Region,1.347033240206104,103.87208653068537,Entire rental unit,Entire home/apt,2,1,1,1,355,6,365,29,59,89,364,1,0,27-10-2024,27-10-2024,2,4,1,5,5,3,2,0.05,0,0,4,TRUE,177.5,8,FALSE
1245008565055001529,Deluxe Room with Queen bed & Balcony in Havelock,545753012,Copthorne King's Hotel,FALSE,5,TRUE,Singapore River,Central Region,1.2882914,103.8366161,Room in hotel,Private room,2,1,1,1,247,1,731,19,49,79,354,0,0,,,,,,,,,,,0,0,5,FALSE,123.5,26,FALSE
1245008922960180463,Deluxe Room with Twin beds & Balcony in Havelock,545753012,Copthorne King's Hotel,FALSE,5,TRUE,Singapore River,Central Region,1.2882914,103.8366161,Room in hotel,Private room,2,1,1,2,240,1,731,20,50,80,315,2,2,27-08-2025,12-09-2025,5,5,5,5,5,5,5,0.2,12,2880,5,TRUE,120,26,FALSE
1245009421467255295,"Signature Studio in Havelock, 10 mins to train",545753012,Copthorne King's Hotel,FALSE,5,TRUE,Singapore River,Central Region,1.2882914,103.8366161,Room in hotel,Private room,2,1,1,1,205,1,731,29,59,87,308,2,0,18-11-2024,01-01-2025,4.5,4.5,4.5,4,4.5,4.5,4,0.1,0,0,5,TRUE,102.5,27,FALSE
1245009727166972007,Deluxe Family room with Balcony in Havelock,545753012,Copthorne King's Hotel,FALSE,5,TRUE,Singapore River,Central Region,1.2882914,103.8366161,Room in hotel,Private room,2,1,1,1,195,1,731,21,51,79,239,0,0,,,,,,,,,,,0,0,5,FALSE,97.5,26,FALSE
1245035143461768096,High ceiling Studio Loft & sleek amenities,545752892,Studio M Hotel,FALSE,3,TRUE,Singapore River,Central Region,1.29061,103.83922,Room in hotel,Private room,3,1,1,1,210,1,731,19,49,79,352,0,0,,,,,,,,,,,0,0,3,FALSE,70,26,FALSE
1245035329117568652,Newly renovated loft with breakfast included,545752892,Studio M Hotel,FALSE,3,TRUE,Singapore River,Central Region,1.29061,103.83922,Room in hotel,Private room,2,1,1,1,195,1,731,29,59,89,228,1,1,06-03-2026,06-03-2026,3,4,5,4,4,5,3,0.26,6,1170,3,TRUE,97.5,26,FALSE
1245035329137671409,Two-level stylish loft with study area,545752892,Studio M Hotel,FALSE,3,TRUE,Singapore River,Central Region,1.29061,103.83922,Room in hotel,Private room,3,1,1,1,230,1,731,29,59,89,361,0,0,,,,,,,,,,,0,0,3,FALSE,76.66666666666667,25,FALSE
1245036227533995479,Popular choice with rainfall shower & free WiFi,545752783,Orchard Hotel Singapore,FALSE,10,TRUE,Orchard,Central Region,1.3075322,103.8286,Room in hotel,Private room,2,1,1,2,200,1,731,14,41,67,312,3,2,08-01-2025,18-09-2025,5,5,5,5,5,5,5,0.17,12,2400,10,TRUE,100,28,FALSE
1245036465374172592,In-room coffee for a mid-shopping-spree pick-me-up,545752783,Orchard Hotel Singapore,FALSE,10,TRUE,Orchard,Central Region,1.3075322,103.8286,Room in hotel,Private room,2,1,1,2,200,1,731,19,45,75,343,2,1,12-11-2024,09-09-2025,5,5,5,5,5,5,5,0.1,6,1200,10,TRUE,100,27,FALSE
1245036504532859018,Premier Lounge access & breakfast included,545752783,Orchard Hotel Singapore,FALSE,10,TRUE,Orchard,Central Region,1.3075322,103.8286,Room in hotel,Private room,2,1,1,1,425,1,28,29,59,89,364,0,0,,,,,,,,,,,0,0,10,FALSE,212.5,28,FALSE
1245036577479981093,Swing by the Premier Lounge for drinks and bites,545752783,Orchard Hotel Singapore,FALSE,10,TRUE,Orchard,Central Region,1.3075322,103.8286,Room in hotel,Private room,2,1,1,2,510,1,731,29,59,89,353,0,0,,,,,,,,,,,0,0,10,FALSE,255,28,FALSE
1245038698926911796,Additional sofa bed and bathtub/shower combo,545752783,Orchard Hotel Singapore,FALSE,10,TRUE,Orchard,Central Region,1.3075322,103.8286,Room in hotel,Private room,2,1,1,1,350,1,731,29,59,89,362,0,0,,,,,,,,,,,0,0,10,FALSE,175,28,FALSE
1245038735494024880,All the essentials like in-room coffee & free WiFi,545752783,Orchard Hotel Singapore,FALSE,10,TRUE,Orchard,Central Region,1.3075322,103.8286,Room in hotel,Private room,2,1,1,2,375,1,28,29,59,89,364,0,0,,,,,,,,,,,0,0,10,FALSE,187.5,28,FALSE
1245038806356626105,Restful and serene with an Asian flair,545752783,Orchard Hotel Singapore,FALSE,10,TRUE,Orchard,Central Region,1.3075322,103.8286,Room in hotel,Private room,2,1,1,2,190,1,731,20,50,80,341,0,0,,,,,,,,,,,0,0,10,FALSE,95,28,FALSE
1245039292085214029,Pierre Yves Rochon designed haven near the shops,545752783,Orchard Hotel Singapore,FALSE,10,TRUE,Orchard,Central Region,1.3075322,103.8286,Room in hotel,Private room,2,1,1,1,290,1,731,25,55,85,347,0,0,,,,,,,,,,,0,0,10,FALSE,145,28,FALSE
1245039301875922656,"Top-booked suite, plus 24/7 Premier Lounge access",545752783,Orchard Hotel Singapore,FALSE,10,TRUE,Orchard,Central Region,1.3075322,103.8286,Room in hotel,Private room,2,1,1,1,424,1,731,29,59,89,358,0,0,,,,,,,,,,,0,0,10,FALSE,212,28,FALSE
1245040592865068919,Inviting escape with queen bed and alcove ceiling,545752502,M Social Singapore,TRUE,7,TRUE,Singapore River,Central Region,1.291,103.8376,Room in hotel,Private room,2,1,1,1,165,1,731,28,58,88,361,1,0,12-11-2024,12-11-2024,3,5,4,1,3,5,4,0.05,0,0,7,TRUE,82.5,29,FALSE
1245040697036756481,Ground-floor living space and mezzanine bed,545752502,M Social Singapore,TRUE,7,TRUE,Singapore River,Central Region,1.291,103.8376,Room in hotel,Private room,2,1,1,1,205,1,731,29,59,89,215,0,0,,,,,,,,,,,0,0,7,FALSE,102.5,28,FALSE
1245040811276713618,"Signature alcove ceiling, rain shower & free WiFi",545752502,M Social Singapore,TRUE,7,TRUE,Singapore River,Central Region,1.291,103.8376,Room in hotel,Private room,2,1,1,1,170,1,28,29,59,89,364,5,4,28-09-2024,07-04-2026,4.4,4.8,5,4.4,4.4,4.8,4,0.23,24,4080,7,TRUE,85,28,FALSE
1245041425164865094,"Chic neutrals, alcove ceiling and two twin beds",545752502,M Social Singapore,TRUE,7,TRUE,Singapore River,Central Region,1.291,103.8376,Room in hotel,Private room,2,1,1,2,165,1,731,26,55,85,222,5,5,16-07-2025,25-02-2026,4.6,4.8,4.8,5,5,4.8,4.4,0.43,30,4950,7,TRUE,82.5,29,FALSE
1245041457283215245,Chapel-inspired ceiling and furnished terrace,545752502,M Social Singapore,TRUE,7,TRUE,Singapore River,Central Region,1.291,103.8376,Room in hotel,Private room,2,1,1,1,175,1,731,29,59,89,200,0,0,,,,,,,,,,,0,0,7,FALSE,87.5,29,FALSE
1245041559512155990,Duplex-style setup with sofa on mezzanine level,545752502,M Social Singapore,TRUE,7,TRUE,Singapore River,Central Region,1.291,103.8376,Room in hotel,Private room,2,1,1,1,185,1,731,29,59,89,221,2,1,07-02-2025,08-02-2026,5,5,4,5,5,5,4.5,0.12,6,1110,7,TRUE,92.5,28,FALSE
1245042094840209743,Classy Queen room in city centre with breakfast,545750991,M Hotel Singapore City Centre,FALSE,15,TRUE,Downtown Core,Central Region,1.27392,103.84481,Room in hotel,Private room,2,1,1,1,330,1,28,29,59,89,364,2,1,24-06-2025,10-06-2026,5,5,5,5,5,5,5,0.16,6,1980,15,TRUE,165,26,FALSE
1245042368693738144,Chic suite with room with King Bed in city centre,545750991,M Hotel Singapore City Centre,FALSE,15,TRUE,Downtown Core,Central Region,1.27392,103.84481,Room in hotel,Private room,3,1,1,1,575,1,731,29,59,89,363,0,0,,,,,,,,,,,0,0,15,FALSE,191.66666666666666,26,FALSE
1245043284927406360,Club King Bed Room with Breakfast in River Valley,524793962,Grand Copthorne Waterfront,TRUE,14,FALSE,Singapore River,Central Region,1.2900873,103.8353025,Room in hotel,Private room,2,1,1,1,370,1,731,29,59,89,364,0,0,,,,,,,,,,,0,0,14,FALSE,185,28,FALSE
1245043805117116935,Grand Club Room in River Valley with Lounge Access,524793962,Grand Copthorne Waterfront,TRUE,14,FALSE,Singapore River,Central Region,1.2900873,103.8353025,Room in hotel,Private room,2,1,1,1,468,1,731,29,59,89,364,0,0,,,,,,,,,,,0,0,14,FALSE,234,25,FALSE
1245043836725601611,Grand Deluxe room with King bed in River Valley,524793962,Grand Copthorne Waterfront,TRUE,14,FALSE,Singapore River,Central Region,1.2900873,103.8353025,Room in hotel,Private room,2,1,1,1,230,1,731,24,54,84,359,2,1,05-05-2025,14-08-2025,5,5,5,5,3.5,5,4.5,0.14,6,1380,14,TRUE,115,28,FALSE
1245044201507770270,Grand Deluxe room with Twin bed in River Valley,524793962,Grand Copthorne Waterfront,TRUE,14,FALSE,Singapore River,Central Region,1.2900873,103.8353025,Room in hotel,Private room,2,1,1,2,300,1,731,7,7,30,279,2,1,26-12-2024,21-04-2026,5,5,5,5,5,5,4,0.11,6,1800,14,TRUE,150,29,FALSE
1245044231618369774,Grand Deluxe King Waterfront room in River Valley,524793962,Grand Copthorne Waterfront,TRUE,14,FALSE,Singapore River,Central Region,1.2900873,103.8353025,Room in hotel,Private room,2,1,1,1,320,1,28,29,59,89,364,45,41,07-02-2025,15-06-2026,4.96,4.89,4.96,4.96,4.89,4.96,4.82,2.66,246,78720,14,TRUE,160,29,FALSE
1245044348549678171,Grand Deluxe Twin Waterfront room in River Valley,524793962,Grand Copthorne Waterfront,TRUE,14,FALSE,Singapore River,Central Region,1.2900873,103.8353025,Room in hotel,Private room,2,1,1,2,320,1,28,29,59,89,364,4,3,16-06-2025,13-06-2026,5,5,5,5,5,5,5,0.32,18,5760,14,TRUE,160,29,FALSE
1245044712267075004,Luxurious Grand Executive Suite in River Valley,524793962,Grand Copthorne Waterfront,TRUE,14,FALSE,Singapore River,Central Region,1.2900873,103.8353025,Room in hotel,Private room,2,1,1,1,635,1,28,29,59,89,364,0,0,,,,,,,,,,,0,0,14,FALSE,317.5,29,FALSE
1245044712674227081,One Bedroom Serviced Apartment in River Valley,524793962,Grand Copthorne Waterfront,TRUE,14,FALSE,Singapore River,Central Region,1.2900873,103.8353025,Room in hotel,Private room,2,1,1,1,500,1,28,29,59,89,364,0,0,,,,,,,,,,,0,0,14,FALSE,250,28,FALSE
1245044844648218308,Premier Club King Room in River Valley,524793962,Grand Copthorne Waterfront,TRUE,14,FALSE,Singapore River,Central Region,1.2900873,103.8353025,Room in hotel,Private room,2,1,1,1,525,1,28,29,59,89,364,0,0,,,,,,,,,,,0,0,14,FALSE,262.5,28,FALSE
1245045754334948868,Premier Room in River Valley with King Bed,524793962,Grand Copthorne Waterfront,TRUE,14,FALSE,Singapore River,Central Region,1.2900873,103.8353025,Room in hotel,Private room,2,1,1,1,350,1,731,29,59,89,364,1,1,20-11-2025,20-11-2025,5,5,5,5,5,5,5,0.14,6,2100,14,TRUE,175,30,FALSE
1245045759996750155,Premier Room in River Valley with Twin Beds,524793962,Grand Copthorne Waterfront,TRUE,14,FALSE,Singapore River,Central Region,1.2900873,103.8353025,Room in hotel,Private room,2,1,1,2,350,1,731,29,59,89,358,0,0,,,,,,,,,,,0,0,14,FALSE,175,30,FALSE
1245045896133419487,Premier Room with waterfront views in River Valley,524793962,Grand Copthorne Waterfront,TRUE,14,FALSE,Singapore River,Central Region,1.2900873,103.8353025,Room in hotel,Private room,2,1,1,1,370,1,731,12,36,66,335,0,0,,,,,,,,,,,0,0,14,FALSE,185,30,FALSE
1245045900148258901,Premier Room with riverfront views in River Valley,524793962,Grand Copthorne Waterfront,TRUE,14,FALSE,Singapore River,Central Region,1.2900873,103.8353025,Room in hotel,Private room,2,1,1,2,370,1,731,28,58,88,358,0,0,,,,,,,,,,,0,0,14,FALSE,185,30,FALSE
1247631280875913742,Club premier room with king bed and one sofa bed,545750991,M Hotel Singapore City Centre,FALSE,15,TRUE,Downtown Core,Central Region,1.27392,103.84481,Room in hotel,Private room,3,1,1,2,545,1,731,29,59,89,364,0,0,,,,,,,,,,,0,0,15,FALSE,181.66666666666666,26,FALSE
1247631300344863691,Classy Premier King Room in city centre,545750991,M Hotel Singapore City Centre,FALSE,15,TRUE,Downtown Core,Central Region,1.27392,103.84481,Room in hotel,Private room,3,1,1,2,425,1,28,29,59,89,364,2,2,15-08-2025,15-08-2025,5,5,5,5,5,5,5,0.19,12,5100,15,TRUE,141.66666666666666,27,FALSE
1248122162330316547,Aranda Country Club Executive Suite (Ground floor),651570560,Aranda Country Club,FALSE,4,TRUE,Pasir Ris,East Region,1.3761439,103.9536304,Room in aparthotel,Entire home/apt,4,2,2,3,330,1,7,10,38,64,138,7,7,25-07-2025,25-02-2026,4,3.71,4.14,4.29,4.43,4.14,4.14,0.62,42,13860,4,TRUE,82.5,21,FALSE
1249599562146029286,Beach Bay@Attractions Packed Beach Resort 4 beds2.,2676835,Hsoloscargo Residentcubes,FALSE,203,TRUE,Pasir Ris,East Region,1.3755842726729717,103.95669166830866,Room in hotel,Private room,4,1,1,2,359,1,365,1,9,39,40,0,0,,,,,,,,,,,0,0,35,FALSE,89.75,36,FALSE
1249621253662167153,2 Storey Loft @ Attractions Packed Beach Resort2.,2676835,Hsoloscargo Residentcubes,FALSE,203,TRUE,Pasir Ris,East Region,1.3753817715998635,103.9570061977571,Room in hotel,Private room,3,1,1,2,433,1,365,21,51,81,82,0,0,,,,,,,,,,,0,0,35,FALSE,144.33333333333334,36,FALSE
1250664127604301004,Fabulous 2 br at Orchard,238891646,Neha,FALSE,131,TRUE,Orchard,Central Region,1.307512568588401,103.83294828598642,Entire rental unit,Entire home/apt,4,2,2,3,890.17,6,365,28,58,88,363,0,0,,,,,,,,,,,0,0,131,FALSE,222.5425,7,FALSE
1252083926209830706,Fabulous studio at Orchard,238891646,Neha,FALSE,131,TRUE,Orchard,Central Region,1.3066998393560094,103.83093445419736,Entire rental unit,Entire home/apt,2,1,1,1,456.5,6,365,28,58,88,363,0,0,,,,,,,,,,,0,0,131,FALSE,228.25,7,FALSE
1253314317325403345,"Alma House, One Bedroom Suite",653907958,Alma House,FALSE,5,TRUE,River Valley,Central Region,1.2929272,103.8386723,Room in hotel,Private room,3,1,1,2,242,6,365,27,57,87,362,89,49,24-10-2024,24-05-2026,4.72,4.79,4.82,4.67,4.88,4.74,4.69,4.35,255,61710,5,TRUE,80.66666666666667,32,FALSE
1253974800414317414,Common Room rental for ladies,247587163,Asfia,FALSE,1,TRUE,Jurong West,West Region,1.3361907,103.7225665,Private room in home,Private room,2,1,1,2,221.24,92,365,29,59,89,364,0,0,,,,,,,,,,,0,0,1,FALSE,110.62,5,FALSE
1254061358660243009,"Alma House, Studio",653907958,Alma House,FALSE,5,TRUE,River Valley,Central Region,1.2929272,103.8386723,Room in hotel,Private room,2,1,1,1,213.58,6,365,29,59,89,364,50,19,05-12-2024,18-01-2026,4.76,4.76,4.74,4.74,4.86,4.72,4.66,2.62,228,48696,5,TRUE,106.79,27,FALSE
1254334294650326595,Clean,527665623,Bryan,FALSE,1,TRUE,Bukit Panjang,West Region,1.37434,103.76612,Entire home,Entire home/apt,6,1,3,6,4719.7,92,365,29,59,89,364,0,0,,,,,,,,,,,0,0,1,FALSE,786.6166666666667,7,TRUE
1257066182152340231,Centrally Located Room Suite-Somerset/Orchard Area,10248444,Recr,FALSE,64,TRUE,River Valley,Central Region,1.2968179361103696,103.839984,Private room in serviced apartment,Private room,3,1,1,1,137.55,6,365,13,43,73,335,3,0,22-10-2024,14-12-2024,4.67,4.33,4.67,4.67,4.67,4.67,4.33,0.15,0,0,64,TRUE,45.85,25,FALSE
1262373708236458790,New Cozy Room Suite /WIFI @ Somerset/city Area,109333133,Pat,FALSE,73,TRUE,River Valley,Central Region,1.29675,103.83976,Private room in serviced apartment,Private room,2,1,1,1,148.2,6,365,9,39,69,237,9,5,11-11-2024,19-02-2026,4.56,4.22,4.56,4.89,4.89,4.78,4.44,0.45,60,8892,73,TRUE,74.1,19,FALSE
1262373719670688199,Easy Access Room Suite /WIFI @ Somerset/city Area,109333133,Pat,FALSE,73,TRUE,River Valley,Central Region,1.294937713771801,103.83890858412389,Private room in serviced apartment,Private room,2,1,1,1,148.2,6,365,9,34,64,326,9,0,23-10-2024,14-06-2025,4.44,4.67,5,4.78,4.89,4.89,4.44,0.44,0,0,73,TRUE,74.1,22,FALSE
1262373732305054823,New City Cosy 2 Rooms Studio-Somerset/Orchard Area,109333133,Pat,FALSE,73,TRUE,River Valley,Central Region,1.2965595833214665,103.8395737562943,Entire serviced apartment,Entire home/apt,6,2,2,2,435.2,1,365,10,37,67,320,2,2,16-02-2026,05-04-2026,4.5,4,5,5,5,4.5,4.5,0.45,12,5222,73,TRUE,72.53333333333333,26,FALSE
1262373745988496937,1 New City Family Loft Studio-Somerset/OrchardArea,109333133,Pat,FALSE,73,TRUE,River Valley,Central Region,1.296479820700578,103.83825081193484,Entire rental unit,Entire home/apt,6,1,1,2,320.45,1,365,10,38,68,236,10,8,15-12-2024,14-04-2026,4.6,4.5,4.7,5,4.8,5,4.7,0.53,48,15382,73,TRUE,53.40833333333333,27,FALSE
1263071652141265178,350M to Serangoon MRT Studio,651579232,Claudia,FALSE,4,TRUE,Serangoon,North-East Region,1.3456685600241276,103.87223727067948,Entire rental unit,Entire home/apt,2,1,1,1,355,6,365,29,59,89,364,0,0,,,,,,,,,,,0,0,4,FALSE,177.5,16,FALSE
1265288847858303408,New City Cozy 2Room Studio-Somerset/Orchard Area,61619807,Ong,FALSE,61,FALSE,River Valley,Central Region,1.2961790776877489,103.83821848123324,Entire serviced apartment,Entire home/apt,7,1,2,2,434.2,1,365,10,33,63,312,2,2,23-05-2026,10-06-2026,4,4,4.5,5,5,4.5,4,1.58,12,5210,60,TRUE,62.028571428571425,26,FALSE
1265288878454238159,New City 2 Bedroom Apt/WIFI -Somerset/Orchard Area,61619807,Ong,FALSE,61,FALSE,River Valley,Central Region,1.2946854773703351,103.83834084367376,Entire serviced apartment,Entire home/apt,5,1,2,2,428.17,1,365,0,23,53,215,2,2,07-09-2025,13-05-2026,5,4.5,5,5,5,5,4.5,0.2,12,5138,60,TRUE,85.634,26,FALSE
1265288892759176989,New City Cozy 2-QB Studio Apt-Somerset/OrchardArea,61619807,Ong,FALSE,61,FALSE,River Valley,Central Region,1.296756147037139,103.83817061748668,Entire serviced apartment,Entire home/apt,6,1,1,2,323,1,365,20,50,80,255,0,0,,,,,,,,,,,0,0,60,FALSE,53.833333333333336,26,FALSE
1265288907387767945,New Comfy Studio w Balcony -Somerset/Orchard Area,61619807,Ong,FALSE,61,FALSE,River Valley,Central Region,1.29672,103.83823,Entire serviced apartment,Entire home/apt,3,1,1,1,211.24,1,365,25,55,85,354,3,0,09-11-2024,17-06-2025,4.33,4.33,4.67,4.67,4.67,4.33,4.33,0.15,0,0,60,TRUE,70.41333333333334,25,FALSE
1265289253814478892,New Easy Access 2 Bedroom Apt-Somerset/OrchardArea,46685310,Yyin,FALSE,71,TRUE,River Valley,Central Region,1.29465,103.84016,Entire serviced apartment,Entire home/apt,5,1,2,2,438.33,6,365,0,23,53,304,1,1,25-07-2025,25-07-2025,4,4,4,4,4,4,4,0.09,12,5260,71,TRUE,87.666,26,FALSE
1265289501797725426,NEW Cozy Family 2 Beds Studio-Somerset/OrchardArea,46685310,Yyin,FALSE,71,TRUE,River Valley,Central Region,1.2952708705603968,103.84016715534722,Entire serviced apartment,Entire home/apt,6,1,1,2,276.68,6,365,12,33,63,233,20,5,29-10-2024,06-02-2026,4.4,4.55,4.55,4.7,4.85,4.55,4.45,0.99,60,16601,71,TRUE,46.11333333333334,27,FALSE
1267274248707779718,Spacious 120 sqm 2-Bedroom Suite in Singapore,800558,⁨Kim (金)⁩,FALSE,38,TRUE,Downtown Core,Central Region,1.2823674,103.851679,Entire home,Entire home/apt,4,2,2,2,1278.25,4,365,26,56,86,361,0,0,,,,,,,,,,,0,0,10,FALSE,319.5625,22,TRUE
1269863028905697608,Studio Unit - Service Apartment,501291108,The Assembly Place,FALSE,5,TRUE,Tanglin,Central Region,1.3163713,103.8271781,Entire rental unit,Entire home/apt,2,1,1,1,270,6,365,28,58,88,363,2,2,26-09-2025,27-01-2026,4.5,5,5,5,5,4.5,4.5,0.22,24,6480,5,TRUE,135,7,FALSE
1270088900132297049,New City Cozy 2-Rooms Studio -Somerset/OrchardArea,61619807,Ong,FALSE,61,FALSE,River Valley,Central Region,1.29662,103.83796,Entire rental unit,Entire home/apt,6,2,2,2,573.33,6,365,13,43,73,329,1,0,23-10-2024,23-10-2024,5,5,5,5,5,5,5,0.05,0,0,60,TRUE,95.555,23,FALSE
1270629576397461583,Spacious Dual Key 1 Bedroom Unit,657864050,Singapore,FALSE,8,TRUE,Kallang,Central Region,1.32803,103.86527,Entire rental unit,Entire home/apt,2,1,1,2,33.87,93,365,29,59,89,364,0,0,,,,,,,,,,,0,0,8,FALSE,16.935,9,FALSE
1270631361821065268,Penthouse,438521604,Marie,FALSE,1,TRUE,Bukit Panjang,West Region,1.3785644,103.7625986,Entire rental unit,Entire home/apt,8,1,4,8,129.46,92,92,27,57,87,362,0,0,,,,,,,,,,,0,0,1,FALSE,16.1825,13,FALSE
1270739188048773184,Two bedroom @ Orchard Road,657879804,W,FALSE,2,TRUE,Orchard,Central Region,1.30117,103.84056,Entire rental unit,Entire home/apt,6,1,2,6,74.35,92,180,28,58,88,363,0,0,,,,,,,,,,,0,0,2,FALSE,12.391666666666666,30,FALSE
1270750916788857193,One bedroom @ Orchard Road,657879804,W,FALSE,2,TRUE,Orchard,Central Region,1.30117,103.84056,Entire rental unit,Entire home/apt,4,1,1,4,54.73,92,180,28,58,88,179,0,0,,,,,,,,,,,0,0,2,FALSE,13.6825,29,FALSE
1273146445598729319,New Familyt Loft Studio Apt @Somerset/Orchard Area,10248444,Recr,FALSE,64,TRUE,River Valley,Central Region,1.295990270538114,103.8382157048029,Entire serviced apartment,Entire home/apt,6,1,1,2,291.23,1,365,10,38,68,235,2,1,18-12-2024,22-05-2026,3,3,3.5,3.5,4.5,4,3,0.11,6,1747,64,TRUE,48.538333333333334,26,FALSE
1273146505287037021,New City Cozy 2 BR Apartment @Orchard/SomersetArea,10248444,Recr,FALSE,64,TRUE,River Valley,Central Region,1.29485,103.83958,Entire serviced apartment,Entire home/apt,5,1,2,2,382.48,1,365,0,21,51,212,16,12,29-12-2024,06-06-2026,4.38,4.44,4.38,4.81,4.63,4.69,4.19,0.88,72,27539,64,TRUE,76.49600000000001,26,FALSE
1273146892193924433,NEW City Comfy en-Suite Room-Somerset/Orchard Area,109333133,Pat,FALSE,73,TRUE,River Valley,Central Region,1.296175235271062,103.83811073337014,Private room in serviced apartment,Private room,3,1,1,1,151.69,6,365,9,39,69,237,4,1,02-12-2024,19-10-2025,4.5,4,4.75,5,4.5,4.5,4.5,0.21,12,1820,73,TRUE,50.56333333333333,20,FALSE
1273146910324214626,NEW Cozy Family 2QB Studio Apt-Somerset/Orch. Area,109333133,Pat,FALSE,73,TRUE,River Valley,Central Region,1.296031146693516,103.84019171922868,Entire serviced apartment,Entire home/apt,6,1,1,2,335,1,365,20,50,80,257,11,10,05-06-2025,04-01-2026,4.45,4.45,4.73,4.73,4.82,4.64,4.36,0.85,60,20100,73,TRUE,55.833333333333336,27,FALSE
1273146922438941203,NEW DeluxeCozy Loft Studio Apt-Somerset/Orch. Area,109333133,Pat,FALSE,73,TRUE,River Valley,Central Region,1.29603,103.83803,Entire serviced apartment,Entire home/apt,6,1,1,2,318.68,1,365,9,37,67,233,0,0,,,,,,,,,,,0,0,73,FALSE,53.11333333333334,27,FALSE
1273146967432465760,New Cozy Loft Studio @ Somerset/Orchard Area,109333133,Pat,FALSE,73,TRUE,River Valley,Central Region,1.29486,103.838,Entire serviced apartment,Entire home/apt,5,1,1,2,324.74,1,365,18,39,68,334,5,4,23-11-2024,01-06-2026,5,4.2,4.8,5,5,5,4.8,0.26,24,7794,73,TRUE,64.94800000000001,25,FALSE
1273147089681029084,Cozy City Room Suite /WIFI @Somerset /Orchard Area,46685310,Yyin,FALSE,71,TRUE,River Valley,Central Region,1.29664,103.83903,Private room in serviced apartment,Private room,2,1,1,1,146.68,6,365,0,26,56,222,17,9,06-02-2025,19-11-2025,4.71,4.65,4.82,4.94,4.94,4.94,4.53,1,108,15841,71,TRUE,73.34,24,FALSE
1273147103665538835,New City Cozy Room Suite/WIFI-Somerset/OrchardArea,46685310,Yyin,FALSE,71,TRUE,River Valley,Central Region,1.2949591308227473,103.8397731836411,Private room in serviced apartment,Private room,3,1,1,1,148.79,1,365,25,55,85,260,2,2,08-09-2025,28-11-2025,5,5,5,4.5,5,5,4.5,0.2,12,1785,71,TRUE,49.596666666666664,22,FALSE
1273147512621212350,City Minimalist Studio/WIFI-Somerset/Orchard Area,61619807,Ong,FALSE,61,FALSE,River Valley,Central Region,1.29542,103.83844,Entire rental unit,Entire home/apt,4,1,1,1,221.24,6,365,25,55,85,253,1,0,04-03-2025,04-03-2025,5,5,5,5,5,5,5,0.06,0,0,60,TRUE,55.31,25,FALSE
1273147526072083803,New City Compact Studio/WIFI-Somerset/Orchard Area,61619807,Ong,FALSE,61,FALSE,River Valley,Central Region,1.295224136137464,103.83790102504972,Entire serviced apartment,Entire home/apt,3,1,1,1,221.24,6,365,13,43,73,242,0,0,,,,,,,,,,,0,0,60,FALSE,73.74666666666667,25,FALSE
1273147568804170130,New Comfy Room Suite w WIFI-Somerset/Orchard Area,61619807,Ong,FALSE,61,FALSE,River Valley,Central Region,1.29517,103.84017,Private room in serviced apartment,Private room,2,1,1,1,150.95,6,365,9,39,69,238,0,0,,,,,,,,,,,0,0,60,FALSE,75.475,20,FALSE
1273148228502796094,New City Cozy Room Suite/WIFI-Somerset/OrchardArea,10248444,Recr,FALSE,64,TRUE,River Valley,Central Region,1.2944241789338784,103.84009123984386,Private room in serviced apartment,Private room,2,1,1,1,164.14,6,365,25,55,85,255,0,0,,,,,,,,,,,0,0,64,FALSE,82.07,21,FALSE
1277122968554379586,Close to NUS Botannia 单人公寓,52494253,Liu,FALSE,2,TRUE,Clementi,West Region,1.318192107936501,103.75433161854744,Private room in rental unit,Private room,5,1,1,5,22.13,92,365,15,45,75,350,0,0,,,,,,,,,,,0,0,2,FALSE,4.426,27,FALSE
1278638563004389479,Single Comfort Cabin Room (111) near NUS,1439258,K2Guesthouse,FALSE,44,TRUE,Queenstown,Central Region,1.27986,103.7875,Room in boutique hotel,Private room,1,1,1,1,85,1,365,3,13,41,130,1,1,13-10-2025,13-10-2025,5,5,5,5,5,5,5,0.12,6,510,44,TRUE,85,24,FALSE
1280054485181233706,2 Bedroom Superior Apt at Newton Food Centre,525002801,Randell,FALSE,2,TRUE,Newton,Central Region,1.3106962606934347,103.83980147346232,Entire rental unit,Entire home/apt,5,1,2,5,120.58,92,730,26,56,86,361,0,0,,,,,,,,,,,0,0,2,FALSE,24.116,37,FALSE
1281561275248057517,Peaceful serene room shared bath,112817803,Danielle,FALSE,2,TRUE,Ang Mo Kio,North-East Region,1.375569657234405,103.8309617114427,Private room in home,Private room,3,1,1,3,19.65,92,365,27,57,87,268,0,0,,,,,,,,,,,0,0,1,FALSE,6.55,6,FALSE
1289024343920493450,Standard Double Hotel Room in Little India,554949756,Front,FALSE,6,TRUE,Rochor,Central Region,1.3092046,103.85317,Room in hotel,Private room,2,1,1,1,122,1,365,18,45,75,341,6,6,16-07-2025,24-01-2026,3,2.83,3.17,3.33,3.5,3.33,3.17,0.52,36,4392,6,TRUE,61,38,FALSE
1289599933265613292,Superior Double Hotel Room in Little India,554949756,Front,FALSE,6,TRUE,Rochor,Central Region,1.3092046,103.85317,Room in hotel,Private room,2,1,1,1,131,1,365,26,56,86,359,7,7,16-12-2025,12-06-2026,4,3.71,3.71,4.29,3.43,3.57,3.71,1.07,42,5502,6,TRUE,65.5,33,FALSE
1289634704575357709,"Two Bedroom suite, minimalist design and spacious",662109622,,,,,Downtown Core,Central Region,1.2805585,103.8451894,Room in hotel,Private room,4,1,1,4,137.42,1,731,6,28,58,223,0,0,,,,,,,,,,,0,0,3,FALSE,34.355,23,FALSE
1289634785191542896,"Three Bedroom suite , luxurious and elegant decor",662109622,,,,,Downtown Core,Central Region,1.2805585,103.8451894,Room in hotel,Private room,6,1,1,6,136,1,731,1,8,32,218,0,0,,,,,,,,,,,0,0,3,FALSE,22.666666666666668,23,FALSE
1289719008815143656,Triple Bed Room in Little India Hotel,554949756,Front,FALSE,6,TRUE,Rochor,Central Region,1.3092046,103.85317,Room in hotel,Private room,3,1,1,3,168,1,365,22,49,79,350,16,15,22-06-2025,30-03-2026,3.63,3.81,3.56,4.31,4.31,3.5,3.44,1.29,90,15120,6,TRUE,56,34,FALSE
1290947334777048082,Embrace Tranquility. Zen Living.,658005868,Sakura,FALSE,2,TRUE,Sungei Kadut,North Region,1.4173508812364704,103.75982996262036,Private room in home,Private room,2,1,1,2,14.45,92,365,29,59,89,364,1,1,06-07-2025,06-07-2025,3,3,1,4,4,4,3,0.08,184,2659,1,TRUE,7.225,25,FALSE
1291267976099099893,Stylish & Cozy Co-living space,122243761,Shans Coliving,FALSE,7,TRUE,Rochor,Central Region,1.3050943,103.8532522,Private room in home,Private room,2,1,1,2,33.2,92,365,28,58,88,179,0,0,,,,,,,,,,,0,0,7,FALSE,16.6,17,FALSE
1291926881199645857,Stylish & Cozy co-living space,122243761,Shans Coliving,FALSE,7,TRUE,Rochor,Central Region,1.3043772509940383,103.8542524325016,Private room in home,Private room,2,1,1,2,33.2,92,365,28,58,88,363,0,0,,,,,,,,,,,0,0,7,FALSE,16.6,8,FALSE
1291961811088348666,Stylish & Cozy Co-living space,122243761,Shans Coliving,FALSE,7,TRUE,Rochor,Central Region,1.30564,103.85411,Private room in home,Private room,1,1,1,1,21.86,92,365,29,59,89,364,0,0,,,,,,,,,,,0,0,7,FALSE,21.86,6,FALSE
1291975938986668058,Stylish & Cozy Co-living space,122243761,Shans Coliving,FALSE,7,TRUE,Rochor,Central Region,1.3050943,103.8532522,Private room in home,Private room,2,1,1,2,33.2,92,365,28,58,88,363,0,0,,,,,,,,,,,0,0,7,FALSE,16.6,6,FALSE
1291976420482563454,Stylish & Cozy Co-living space,122243761,Shans Coliving,FALSE,7,TRUE,Rochor,Central Region,1.3050943,103.8532522,Private room in home,Private room,1,1,1,1,16.85,92,365,28,58,88,363,0,0,,,,,,,,,,,0,0,7,FALSE,16.85,6,FALSE
1291993758503637592,Stylish & Cozy Co-living space,122243761,Shans Coliving,FALSE,7,TRUE,Rochor,Central Region,1.3050943,103.8532522,Private room in home,Private room,1,1,1,1,20.67,92,365,28,58,88,363,0,0,,,,,,,,,,,0,0,7,FALSE,20.67,6,FALSE
1292000714964253527,Stylish & Cozy Co-living space,122243761,Shans Coliving,FALSE,7,TRUE,Rochor,Central Region,1.3050943,103.8532522,Private room in home,Private room,1,1,1,1,21.78,92,365,28,58,88,363,0,0,,,,,,,,,,,0,0,7,FALSE,21.78,6,FALSE
1294098476942265354,Private Double with Shared Bath,521372493,Radzone Hostel,FALSE,4,TRUE,Singapore River,Central Region,1.2870313,103.8489388,Shared room in bed and breakfast,Shared room,2,3,1,1,121,1,365,16,41,71,342,0,0,,,,,,,,,,,0,0,4,FALSE,60.5,5,FALSE
1294643455196374244,2BR Superior Apt near West Coast Plaza,376693750,Randell,FALSE,2,TRUE,Clementi,West Region,1.3037119,103.766029,Entire rental unit,Entire home/apt,3,1,2,3,99.97,92,730,29,59,89,364,0,0,,,,,,,,,,,0,0,2,FALSE,33.32333333333333,16,FALSE
1295238447814060622,Affordable Single Cabin Room @Nus and Mrt (112),1439258,K2Guesthouse,FALSE,44,TRUE,Queenstown,Central Region,1.2803,103.78727,Room in hotel,Private room,1,1,1,1,99,1,365,5,15,44,126,0,0,,,,,,,,,,,0,0,44,FALSE,99,19,FALSE
1295474357603673048,Space UPlift L3F,8067685,Fiona,FALSE,1,TRUE,Ang Mo Kio,North-East Region,1.3876688550732517,103.83737340188502,Private room in home,Private room,3,1,2,3,36.78,92,365,0,6,36,311,0,0,,,,,,,,,,,0,0,1,FALSE,12.26,36,FALSE
1297609663625645209,New Deluxe 2-QB Studio Apt- Somerset/ Orchard Area,10248444,Recr,FALSE,64,TRUE,River Valley,Central Region,1.2947,103.84008,Entire serviced apartment,Entire home/apt,6,1,1,2,337.5,6,365,19,49,79,341,0,0,,,,,,,,,,,0,0,64,FALSE,56.25,27,FALSE
1298240569886538203,New City Family 2 Rm Studio-Somerset/Orchard Area,10248444,Recr,FALSE,64,TRUE,River Valley,Central Region,1.29477,103.84001,Entire serviced apartment,Entire home/apt,6,1,2,2,412.95,6,365,20,47,77,330,6,4,02-02-2025,27-12-2025,4,4,3.83,4.5,4.67,4.33,4,0.35,48,19822,64,TRUE,68.825,26,FALSE
1298279713280635359,New City Cozy Room Suite/WIFI-Somerset/OrchardArea,10248444,Recr,FALSE,64,TRUE,River Valley,Central Region,1.29683,103.83982,Private room in serviced apartment,Private room,2,1,1,1,158.1,1,365,9,39,69,334,0,0,,,,,,,,,,,0,0,64,FALSE,79.05,19,FALSE
1298280168073199401,New Comfy City Room Suite @ Somerset/Orchard Area,46685310,Yyin,FALSE,71,TRUE,River Valley,Central Region,1.29494,103.83831,Private room in serviced apartment,Private room,2,1,1,1,154.05,6,365,9,39,69,327,7,1,03-02-2025,21-09-2025,4.57,4.57,5,4.86,4.71,4.57,4.29,0.41,12,1849,71,TRUE,77.025,22,FALSE
1298304693095813522,New Deluxe Studio Apt/WIFI @Somerset/ Orchard Area,10248444,Recr,FALSE,64,TRUE,River Valley,Central Region,1.2965779719974666,103.83791188658516,Entire serviced apartment,Entire home/apt,4,1,1,1,219.52,1,365,14,44,74,341,0,0,,,,,,,,,,,0,0,64,FALSE,54.88,26,FALSE
1298306276925215082,New City Compact Studio Apt @Somerset/Orchard Area,46685310,Yyin,FALSE,71,TRUE,River Valley,Central Region,1.296106664160774,103.84017729127152,Entire serviced apartment,Entire home/apt,4,1,1,1,195.58,1,365,27,57,87,352,9,2,25-12-2024,14-02-2026,4.33,4.44,4.56,4.22,4.33,4.56,4.56,0.49,12,2347,71,TRUE,48.895,26,FALSE
1298306821436355793,New Deluxe Studio Apt/WIFI @Somerset/ Orchard Area,109333133,Pat,FALSE,73,TRUE,River Valley,Central Region,1.29653,103.83824,Entire serviced apartment,Entire home/apt,4,1,1,1,248.63,6,365,14,44,74,242,0,0,,,,,,,,,,,0,0,73,FALSE,62.1575,27,FALSE
1298350621345394366,New Deluxe City Loft Studio-Somerset/ Orchard Area,46685310,Yyin,FALSE,71,TRUE,River Valley,Central Region,1.2950704484713516,103.83799691119908,Entire rental unit,Entire home/apt,6,1,1,2,329.12,6,365,9,39,69,325,4,2,23-02-2025,18-11-2025,4.25,4,4.75,4.5,4.5,4,4,0.24,24,7899,71,TRUE,54.85333333333333,27,FALSE
1298394088890426354,New Luxe Balcony Studio Apt@ Somerset/Orchard Area,109333133,Pat,FALSE,73,TRUE,River Valley,Central Region,1.296380404691252,103.83804601064038,Entire serviced apartment,Entire home/apt,4,1,1,1,230.37,6,365,25,55,85,163,1,1,26-08-2025,26-08-2025,4,4,5,5,5,5,5,0.1,12,2764,73,TRUE,57.5925,26,FALSE
1298401999313639862,New Cozy Family Studio Apt@ Somerset/ Orchard Area,109333133,Pat,FALSE,73,TRUE,River Valley,Central Region,1.2965075612544144,103.83819094208488,Entire serviced apartment,Entire home/apt,5,1,1,1,251.67,6,365,19,49,79,247,0,0,,,,,,,,,,,0,0,73,FALSE,50.333999999999996,25,FALSE
1298486869378455777,Fabulous 2 Bedroom Apartment at Havelock road,238891646,Neha,FALSE,131,TRUE,Bukit Merah,Central Region,1.28882,103.83184,Entire serviced apartment,Entire home/apt,6,3,2,2,685.33,6,365,28,58,88,363,1,1,25-07-2025,25-07-2025,5,5,5,5,5,5,4,0.09,12,8224,131,TRUE,114.22166666666668,19,FALSE
1298499011850976732,"Spacious 3 Bedroom Apartment, near MRT",238891646,Neha,FALSE,131,TRUE,Bukit Merah,Central Region,1.29072,103.83207,Entire serviced apartment,Entire home/apt,6,1,3,3,909.17,6,365,28,58,88,357,1,1,14-08-2025,14-08-2025,5,5,5,5,5,5,5,0.09,12,10910,131,TRUE,151.52833333333334,7,FALSE
1299877828985823706,Novena Serviced Apartment- Deluxe One bedroom 9,24496358,Katherine,TRUE,53,TRUE,Novena,Central Region,1.3185311,103.8474873,Entire rental unit,Entire home/apt,3,1,1,3,275.17,6,365,5,35,65,313,2,1,12-04-2025,21-02-2026,5,5,5,5,5,5,5,0.14,12,3302,53,TRUE,91.72333333333334,30,FALSE
1299928827892640344,Novena Serviced Apartment-Deluxe One bedroom,68059127,Wei,TRUE,50,TRUE,Novena,Central Region,1.3185311,103.8474873,Entire rental unit,Entire home/apt,3,1,1,3,240.03,6,365,12,42,72,316,3,2,08-04-2025,07-03-2026,5,5,5,5,4.67,4.67,4.67,0.2,24,5761,50,TRUE,80.01,28,FALSE
1303955219727272437,New Comfy Family-Loft Studio-Somerset/Orchard Area,46685310,Yyin,FALSE,71,TRUE,River Valley,Central Region,1.29653,103.83944,Entire serviced apartment,Entire home/apt,6,1,1,2,328.39,6,365,10,38,68,324,0,0,,,,,,,,,,,0,0,71,FALSE,54.73166666666666,27,FALSE
1304066465447656325,City Cozy Loft Studio Apt -Somerset/Orchard Area,10248444,Recr,FALSE,64,TRUE,River Valley,Central Region,1.29477,103.83858,Entire serviced apartment,Entire home/apt,5,1,1,2,318,1,365,7,35,65,331,8,8,19-02-2026,14-06-2026,4.25,4.25,4.5,4.63,4.5,4.5,4.25,1.83,48,15264,64,TRUE,63.6,25,FALSE
1304068562876015691,New Cozy Studio Apt/WIFI @Somerset/ Orchard Area,46685310,Yyin,FALSE,71,TRUE,River Valley,Central Region,1.2967926820989226,103.83849127237606,Entire serviced apartment,Entire home/apt,5,1,1,2,266.88,6,365,13,43,73,331,12,7,26-01-2025,25-01-2026,4.83,4.83,4.75,5,5,4.92,4.75,0.69,84,22418,71,TRUE,53.376,26,FALSE
1304069572049684905,New City Cozy 2QB Studio Apt-Somerset/Orchard Area,61619807,Ong,FALSE,61,FALSE,River Valley,Central Region,1.29461,103.83934,Entire rental unit,Entire home/apt,5,1,1,2,296.21,1,365,5,23,53,317,17,14,20-01-2025,13-06-2026,4.88,4.76,4.71,4.82,4.88,4.59,4.59,0.97,84,24882,60,TRUE,59.242,26,FALSE
1304074944274836942,New Cozy 2QB Family Studio @ Somerset/Orchard Area,109333133,Pat,FALSE,73,TRUE,River Valley,Central Region,1.29635,103.83971,Entire serviced apartment,Entire home/apt,5,1,1,2,303.4,6,365,13,43,73,151,2,2,23-07-2025,11-12-2025,5,5,5,5,5,5,5,0.18,24,7282,73,TRUE,60.67999999999999,26,FALSE
1304245612864353032,New Cozy 2 Rooms Family Studio-Somerset/City Area,109333133,Pat,FALSE,73,TRUE,River Valley,Central Region,1.29453,103.83925,Entire serviced apartment,Entire home/apt,5,2,2,2,403.83,6,365,11,41,71,232,0,0,,,,,,,,,,,0,0,73,FALSE,80.76599999999999,26,FALSE
1305015830508327690,New Comfy Family Loft Studio-Somerset/Orchard Area,10248444,Recr,FALSE,64,TRUE,River Valley,Central Region,1.2963806110243716,103.83836677538146,Entire serviced apartment,Entire home/apt,6,1,1,2,296.21,1,365,7,23,53,306,11,10,09-05-2025,07-03-2026,4.55,4.64,4.73,4.64,4.82,4.82,4.36,0.79,60,17773,64,TRUE,49.36833333333333,25,FALSE
1305708479714004669,New Comfy Studio Apt/Balcony-Somerset/OrchardArea,10248444,Recr,FALSE,64,TRUE,River Valley,Central Region,1.296441744024934,103.83829955343862,Entire serviced apartment,Entire home/apt,4,1,1,1,224.17,1,365,21,47,77,345,0,0,,,,,,,,,,,0,0,64,FALSE,56.0425,26,FALSE
1305712363471731665,New Cozy Studio/Balcony Apt-Somerset/Orchard Area,109333133,Pat,FALSE,73,TRUE,River Valley,Central Region,1.2944976143514184,103.83795433219034,Entire serviced apartment,Entire home/apt,5,1,1,1,248.63,6,365,25,55,85,253,0,0,,,,,,,,,,,0,0,73,FALSE,49.726,26,FALSE
1305762870197957367,1New Cosy Studio Apt/Balcony @Somerset/OrchardArea,10248444,Recr,FALSE,64,TRUE,River Valley,Central Region,1.2964,103.8398,Entire serviced apartment,Entire home/apt,4,1,1,1,220.02,1,365,25,55,85,353,2,2,14-02-2026,30-03-2026,3.5,3.5,4,3.5,4,4.5,4,0.44,12,2640,64,TRUE,55.005,28,FALSE
1305764194609352155,New Deluxe Balcony Studio Apt-Somerset/OrchardArea,46685310,Yyin,FALSE,71,TRUE,River Valley,Central Region,1.2965515099574147,103.84020658701792,Entire serviced apartment,Entire home/apt,4,1,1,1,224.88,6,365,25,55,85,343,3,1,07-02-2025,06-10-2025,4.67,4.67,5,5,5,5,5,0.18,12,2699,71,TRUE,56.22,26,FALSE
1306041215051067535,New Comfy Room Suite /WIFI @ Somerset/Orchard Area,109333133,Pat,FALSE,73,TRUE,River Valley,Central Region,1.2965858773037648,103.83947736883576,Private room in serviced apartment,Private room,3,1,1,1,163.35,6,365,9,39,69,147,0,0,,,,,,,,,,,0,0,73,FALSE,54.449999999999996,22,FALSE
1306041233447821840,New Comfy Family Loft Studio Orchard/Somerset Area,109333133,Pat,FALSE,73,TRUE,River Valley,Central Region,1.2963001758257315,103.8381474398415,Entire serviced apartment,Entire home/apt,6,1,1,2,334.55,1,365,9,30,60,228,1,1,08-04-2026,08-04-2026,5,5,5,5,5,4,4,0.36,6,2007,73,TRUE,55.75833333333333,25,FALSE
1306048811341918233,New Luxe Family 2QB Loft Studio-Somerset/City Area,404487343,OngRR,FALSE,45,TRUE,River Valley,Central Region,1.2959282878068796,103.83801127871152,Entire serviced apartment,Entire home/apt,6,1,1,2,339.61,6,365,9,39,69,326,4,2,11-04-2025,26-09-2025,4.5,4.75,4.25,5,4.5,4.25,4.25,0.27,24,8151,43,TRUE,56.60166666666667,25,FALSE
1306249380244056095,New City Compact Loft Studio-Somerset/Orchard Area,46685310,Yyin,FALSE,71,TRUE,River Valley,Central Region,1.296042023453744,103.8398875000293,Entire serviced apartment,Entire home/apt,3,1,1,1,186.82,6,365,25,55,85,343,0,0,,,,,,,,,,,0,0,71,FALSE,62.27333333333333,25,FALSE
1306274138096981390,New Cozy Loft Studio Apt@ Somerset/ Orchard Area,404487343,OngRR,FALSE,45,TRUE,River Valley,Central Region,1.29453,103.83947,Entire serviced apartment,Entire home/apt,3,1,1,1,179.5,6,365,25,55,85,344,4,1,30-12-2024,21-07-2025,4.75,4.75,5,5,5,5,4,0.22,12,2154,43,TRUE,59.833333333333336,25,FALSE
1306370957563529743,New Comfy en-Suite Room/WIFI-Somerset/Orchard Area,46685310,Yyin,FALSE,71,TRUE,River Valley,Central Region,1.29459,103.83832,Private room in serviced apartment,Private room,2,1,1,1,152.42,1,365,9,39,69,334,1,1,17-05-2026,17-05-2026,5,5,5,5,5,5,5,0.68,6,915,71,TRUE,76.21,22,FALSE
1306372338389015777,New City Cozy Room Suite @ Somerset/ Orchard Area,61619807,Ong,FALSE,61,FALSE,River Valley,Central Region,1.2966,103.83942,Private room in rental unit,Private room,2,1,1,1,142.12,6,365,8,18,48,307,6,3,12-01-2025,12-09-2025,4.67,4.67,4.83,4.83,4.67,4.33,4.83,0.34,36,5116,60,TRUE,71.06,23,FALSE
1306389617315785047,New Cozy Room Suite/WIFI-Somerset/OrchardArea,404487343,OngRR,FALSE,45,TRUE,River Valley,Central Region,1.29672,103.83808,Private room in serviced apartment,Private room,2,1,1,1,144.85,6,365,9,39,69,238,0,0,,,,,,,,,,,0,0,43,FALSE,72.425,22,FALSE
1306458252774828087,Comfy City Room Suite/ WIFI -Somerset/Orchard Area,109333133,Pat,FALSE,73,TRUE,River Valley,Central Region,1.2946,103.84061,Private room in serviced apartment,Private room,3,1,1,1,149.95,6,365,13,43,73,239,0,0,,,,,,,,,,,0,0,73,FALSE,49.98333333333333,22,FALSE
1306574239207960251,1Central Located Studio Apt @Somerset/Orchard Area,10248444,Recr,FALSE,64,TRUE,River Valley,Central Region,1.29675,103.84064,Entire serviced apartment,Entire home/apt,3,1,1,1,209.93,1,365,25,55,85,262,4,4,02-03-2026,12-04-2026,4.25,4.5,4.25,4.5,4.5,4.75,4.25,1,24,5038,64,TRUE,69.97666666666667,26,FALSE
1306750404800476311,Central located Cozy Studio @ Somerse/Orchard Area,109333133,Pat,FALSE,73,TRUE,River Valley,Central Region,1.29454,103.84055,Entire serviced apartment,Entire home/apt,3,1,1,1,203.4,1,365,25,55,85,262,0,0,,,,,,,,,,,0,0,73,FALSE,67.8,26,FALSE
1306854554543308924,Cozy Compact Studio Apt/WIFI-Somerset/Orchard Area,61619807,Ong,FALSE,61,FALSE,River Valley,Central Region,1.29646,103.83895,Entire serviced apartment,Entire home/apt,3,1,1,1,183.2,6,365,25,55,85,253,4,3,10-02-2025,21-03-2026,4.5,4.25,4.5,4.75,4.75,4.75,4,0.24,36,6595,60,TRUE,61.06666666666666,26,FALSE
1306859544303077350,City Cozy Studio Apt /WIFI @ Somerset/Orchard Area,109333133,Pat,FALSE,73,TRUE,River Valley,Central Region,1.2965011125578594,103.8406988848697,Entire serviced apartment,Entire home/apt,4,1,1,1,212.11,6,365,25,55,85,163,4,3,02-01-2025,20-10-2025,4.75,4.5,4.75,5,5,5,4.5,0.22,36,7636,73,TRUE,53.0275,26,FALSE
1306860255150533715,Central Cozy Studio Apt/WIFI-Somerset/OrchardArea,404487343,OngRR,FALSE,45,TRUE,River Valley,Central Region,1.296691399420612,103.8388914467324,Entire serviced apartment,Entire home/apt,3,1,1,1,175.59,6,365,13,41,71,240,1,0,09-02-2025,09-02-2025,4,4,5,5,5,5,3,0.06,0,0,43,TRUE,58.53,26,FALSE
1309312515411968346,Family Room (2 queen beds and 1 single bed),554949756,Front,FALSE,6,TRUE,Rochor,Central Region,1.3092046,103.85317,Room in hotel,Private room,5,1,1,3,220,1,365,1,4,17,163,8,8,23-08-2025,20-05-2026,4.25,4.25,4.38,4.5,4.5,3.75,4,0.77,48,10560,6,TRUE,44,36,FALSE
1309428590557640347,Spacious Attic Studio Near Town,657864050,Singapore,FALSE,8,TRUE,Kallang,Central Region,1.31612,103.85831,Entire rental unit,Entire home/apt,2,1,1,2,44.84,92,365,29,59,89,364,0,0,,,,,,,,,,,0,0,8,FALSE,22.42,16,FALSE
1309466989404771093,Spacious Studio Unit In Town,657864050,Singapore,FALSE,8,TRUE,Kallang,Central Region,1.31599,103.85688,Entire home,Entire home/apt,2,1,1,2,44.37,92,365,29,59,89,364,0,0,,,,,,,,,,,0,0,8,FALSE,22.185,15,FALSE
1309472050479764448,Cosy 1 bedroom unit in town,657864050,Singapore,FALSE,8,TRUE,Kallang,Central Region,1.3141117267160858,103.85765353625284,Entire home,Entire home/apt,2,1,1,2,44.11,92,365,29,59,89,364,0,0,,,,,,,,,,,0,0,8,FALSE,22.055,14,FALSE
1312255601257594103,Cozy loft unit in town,657864050,Singapore,FALSE,8,TRUE,Geylang,Central Region,1.3152881974107715,103.89897063606804,Entire home,Entire home/apt,1,1,1,1,37.37,92,365,15,15,15,266,0,0,,,,,,,,,,,0,0,8,FALSE,37.37,13,FALSE
1312812567245126469,NEW Central Cozy 2 BR Apt -Somerset/OrchardArea,404487343,OngRR,FALSE,45,TRUE,River Valley,Central Region,1.29448,103.84013,Entire serviced apartment,Entire home/apt,5,1,2,2,339.92,6,365,0,19,49,211,5,3,11-02-2025,06-06-2026,4.6,4.8,5,5,5,4.6,4.4,0.3,36,12237,43,TRUE,67.98400000000001,26,FALSE
1312932716021699125,NEW City Cozy 2 Rooms Studio-Somerset/Orchard Area,404487343,OngRR,FALSE,45,TRUE,River Valley,Central Region,1.296584496017215,103.83941866555908,Entire serviced apartment,Entire home/apt,6,2,2,2,439.99,1,365,20,47,77,236,0,0,,,,,,,,,,,0,0,43,FALSE,73.33166666666666,26,FALSE
1314437239671960203,"Beautiful and Cosy, Near MRT!",519208906,Yumi,FALSE,1,TRUE,Marine Parade,Central Region,1.302319799761309,103.89890414309538,Entire rental unit,Entire home/apt,4,1,2,4,80.71,92,365,29,59,89,364,0,0,,,,,,,,,,,0,0,1,FALSE,20.1775,8,FALSE
1314483372159402069,City-fringe studio apartment,657864050,Singapore,FALSE,8,TRUE,Geylang,Central Region,1.31608,103.89861,Entire home,Entire home/apt,2,1,1,2,40.59,92,365,29,59,89,364,0,0,,,,,,,,,,,0,0,8,FALSE,20.295,16,FALSE
1315651916134063029,Superior Queen @ Habyt Studios Kallang,667873160,,,,,Kallang,Central Region,1.3110586,103.8737653,Room in hotel,Private room,2,1,1,2,135.16,1,731,10,33,59,325,0,0,,,,,,,,,,,0,0,4,FALSE,67.58,16,FALSE
1315652015159181079,Thoughtfully designed Deluxe Queen Studio,667873160,,,,,Kallang,Central Region,1.3110586,103.8737653,Room in hotel,Private room,2,1,1,2,176.58,1,731,11,26,56,326,2,0,25-02-2025,21-04-2025,3.5,3,4.5,4.5,3.5,4,3.5,0.12,0,0,4,TRUE,88.29,16,FALSE
1315652091047185933,Premier Studio Queen @ Habyt Studios Kallang,667873160,,,,,Kallang,Central Region,1.3110586,103.8737653,Room in hotel,Private room,2,1,1,2,176.58,1,731,10,32,60,321,1,1,28-09-2025,28-09-2025,4,5,5,5,4,4,4,0.11,6,1059,4,TRUE,88.29,16,FALSE
1315652604740497202,Superior studio queen,667873257,Habyt Novena,FALSE,5,TRUE,Novena,Central Region,1.3263412,103.8477399,Room in hotel,Private room,2,1,1,2,135,1,731,23,53,83,348,1,0,11-03-2025,11-03-2025,5,5,5,5,5,4,5,0.06,0,0,2,TRUE,67.5,16,FALSE
1315652610472728110,Deluxe studio queen,667873257,Habyt Novena,FALSE,5,TRUE,Novena,Central Region,1.3263412,103.8477399,Room in hotel,Private room,2,1,1,2,155,1,731,14,42,72,339,2,1,18-03-2025,11-06-2026,4.5,4.5,4,5,4.5,4.5,4.5,0.13,6,930,2,TRUE,77.5,16,FALSE
1315672031100794571,"2 Bedroom apartment near MRT, Havelock Road",238891646,Neha,FALSE,131,TRUE,Bukit Merah,Central Region,1.2893,103.83213,Entire rental unit,Entire home/apt,6,3,2,2,669.17,6,365,28,58,88,357,1,1,19-08-2025,19-08-2025,5,5,5,5,5,5,3,0.1,12,8030,131,TRUE,111.52833333333332,9,FALSE
1315672094739536482,Centrally located 2 Bedroom Apartment,238891646,Neha,FALSE,131,TRUE,Rochor,Central Region,1.3001050771904958,103.85269158085336,Entire rental unit,Entire home/apt,4,1,2,4,119.84,92,365,28,58,88,363,0,0,,,,,,,,,,,0,0,131,FALSE,29.96,7,FALSE
1316065943885927362,Single Room/Hillview/Near MRT,63180047,Janet,FALSE,3,FALSE,Bukit Batok,West Region,1.3570496,103.7598731,Private room in rental unit,Private room,1,1,1,1,20.94,92,365,29,59,89,364,0,0,,,,,,,,,,,0,0,1,FALSE,20.94,8,FALSE
1317634105948886927,City Fringe Condo Common Room,47928660,Anna Kexin,FALSE,3,TRUE,Geylang,Central Region,1.31169,103.88993,Private room in loft,Private room,1,1,2,1,20.55,92,365,29,59,89,364,0,0,,,,,,,,,,,0,0,2,FALSE,20.55,14,FALSE
1320848285122971172,Modern Apartment near Orchard Rd with Pool & Gym!,2358002,Leslie,FALSE,1,TRUE,River Valley,Central Region,1.2964,103.83803,Private room in condo,Private room,2,1,1,2,20.16,92,365,0,0,0,151,0,0,,,,,,,,,,,0,0,1,FALSE,10.08,19,FALSE
1321722084789469932,Sentosa island ORA hotel,538385739,Steven,TRUE,2,TRUE,Southern Islands,Central Region,1.25695,103.82029,Room in hotel,Private room,3,2,1,2,411,1,365,29,59,87,357,5,3,17-01-2025,12-05-2026,5,4.8,5,4.6,4.8,4.8,5,0.28,18,7398,2,TRUE,137,13,FALSE
1322758420420779598,Rent out entire living space,224816054,E,FALSE,2,TRUE,Sembawang,North Region,1.44822,103.83235,Entire rental unit,Entire home/apt,4,1,1,4,14.58,190,730,29,59,89,364,0,0,,,,,,,,,,,0,0,2,FALSE,3.645,7,FALSE
1322768108718953327,rent out entire living space hdb,224816054,E,FALSE,2,TRUE,Sembawang,North Region,1.44822,103.83235,Entire rental unit,Entire home/apt,4,1,1,4,14.77,192,365,29,59,89,364,0,0,,,,,,,,,,,0,0,2,FALSE,3.6925,7,FALSE
1325672655801870215,River Valley Room for rent!,6675090,Evelyn,FALSE,3,TRUE,Bukit Merah,Central Region,1.29323,103.81922,Private room in rental unit,Private room,1,1,1,1,17.51,92,365,29,59,89,364,0,0,,,,,,,,,,,0,0,3,FALSE,17.51,20,FALSE
1327474735092440170,Executive Suite in Coliving Home,670920744,Hei Homes,FALSE,1,TRUE,Novena,Central Region,1.322,103.84278,Private room in rental unit,Private room,2,1,1,2,32.75,92,365,29,59,89,364,0,0,,,,,,,,,,,0,0,1,FALSE,16.375,8,FALSE
1331208941160275555,Pearl's Hill Terrace 1 bedroom Singapore,456752357,Matavee,FALSE,51,TRUE,Outram,Central Region,1.2844623086185143,103.8409636169672,Private room in rental unit,Private room,2,1,1,1,296.83,6,365,22,52,82,357,0,0,,,,,,,,,,,0,0,2,FALSE,148.415,11,FALSE
1331223971253499843,gemmil lane 1 bedroom Singapore,456752357,Matavee,FALSE,51,TRUE,Outram,Central Region,1.2824535034156392,103.84728658944368,Private room in rental unit,Private room,2,1,1,1,491.5,6,365,26,56,86,361,0,0,,,,,,,,,,,0,0,2,FALSE,245.75,10,FALSE
1333360144259034736,Beautiful Clean Cozy Room!,37646474,Nancy,FALSE,1,TRUE,Choa Chu Kang,West Region,1.397537,103.7510112,Private room in rental unit,Private room,1,1,1,1,25.07,92,365,26,56,86,361,0,0,,,,,,,,,,,0,0,1,FALSE,25.07,18,FALSE
1333775744789750642,Affordable Double Room NEAR NUS & HawPar MRT (6),1439258,K2Guesthouse,FALSE,44,TRUE,Queenstown,Central Region,1.2812816479091031,103.78714499012716,Private room in rental unit,Private room,1,1,1,1,76.82,30,30,4,4,9,99,1,1,31-03-2026,31-03-2026,5,5,5,5,5,5,5,0.33,60,4609,44,TRUE,76.82,26,FALSE
1335335017353294696,City Center Hotel Connecting Room Chinatown Sg,2676835,Hsoloscargo Residentcubes,FALSE,203,TRUE,Outram,Central Region,1.2861754741253355,103.84568218025449,Room in hotel,Private room,2,1,1,2,722,1,365,27,56,86,90,0,0,,,,,,,,,,,0,0,35,FALSE,361,10,FALSE
1335851191064677766,Guilin View Apt Central,65893484,Metilda,FALSE,1,TRUE,Bukit Batok,West Region,1.35708,103.75186,Entire rental unit,Entire home/apt,5,1,4,5,23.69,180,365,29,59,89,364,0,0,,,,,,,,,,,0,0,1,FALSE,4.738,11,FALSE
1336351356101307394,Designer Home Rare Edition,5092893,Sam,FALSE,3,TRUE,Ang Mo Kio,North-East Region,1.3753816921067183,103.83060795909384,Entire home,Entire home/apt,4,1,5,4,353.98,92,1125,29,59,89,364,0,0,,,,,,,,,,,0,0,3,FALSE,88.495,17,FALSE
1336767663147239829,Cosy One Bedroom,673690444,Jade Chen,FALSE,1,TRUE,Geylang,Central Region,1.3176568140461524,103.88485696166754,Private room in rental unit,Private room,1,1,1,1,18.81,92,365,29,59,89,364,0,0,,,,,,,,,,,0,0,1,FALSE,18.81,7,FALSE
1337620154431778248,Spacious 1-Bedder Apt at Marina Bay w Garden View,4189855,Thiam Khai,FALSE,1,TRUE,Downtown Core,Central Region,1.27615,103.85261,Entire condo,Entire home/apt,2,1,1,2,58.86,92,365,0,0,0,177,0,0,,,,,,,,,,,0,0,1,FALSE,29.43,50,FALSE
1338131598150897404,Your Female Pod In SG(FP-A-301B),50158481,Dream Lodge,FALSE,5,TRUE,Kallang,Central Region,1.3101886382817542,103.85826952698366,Shared room in bed and breakfast,Shared room,1,13,1,22,35,1,365,28,58,88,357,222,136,26-01-2025,01-06-2026,4.72,4.81,4.64,4.87,4.84,4.7,4.68,12.81,255,8925,5,TRUE,35,9,FALSE
1339444586883104498,Aranda Country Club Executive Suite (2nd floor),651570560,Aranda Country Club,FALSE,4,TRUE,Pasir Ris,East Region,1.37578,103.95463,Room in aparthotel,Entire home/apt,4,2,2,4,295,1,7,13,41,71,143,11,9,08-05-2025,14-03-2026,4.36,3.82,4.27,4.55,4.36,4.45,4,0.79,54,15930,4,TRUE,73.75,21,FALSE
1340117225750178279,"Mich&Stevens,Room w/sharedBathrm",20872645,Michelle,FALSE,1,TRUE,Bukit Batok,West Region,1.3568189947111535,103.75956196375424,Private room in rental unit,Private room,1,1,1,1,9.83,92,365,0,0,3,278,0,0,,,,,,,,,,,0,0,1,FALSE,9.83,18,TRUE
1340139141658285718,lily,528203435,Qingxia,FALSE,4,TRUE,Choa Chu Kang,West Region,1.3873530278952906,103.7437841668725,Private room in rental unit,Private room,2,1,1,1,80.33,15,365,17,47,77,352,3,1,02-04-2025,04-11-2025,4,4,4.33,4,3.67,4,3.67,0.2,30,2410,4,TRUE,40.165,10,FALSE
1340929750803163262,Singapore Robertson Quay unit,67860905,Jeffery,FALSE,2,TRUE,Singapore River,Central Region,1.2914059,103.8377933,Entire rental unit,Entire home/apt,3,1,1,3,63.04,92,120,10,10,10,192,0,0,,,,,,,,,,,0,0,1,FALSE,21.013333333333332,12,FALSE
1341701597256289125,Cozy 2 Queen beds Studio @Somerset/Orchard Area,61619807,Ong,FALSE,61,FALSE,River Valley,Central Region,1.2947280578139413,103.83865785390262,Entire serviced apartment,Entire home/apt,4,1,1,2,292.6,6,365,25,55,85,253,2,2,06-07-2025,13-08-2025,5,5,5,5,5,4.5,5,0.17,24,7022,60,TRUE,73.15,24,FALSE
1343180658186138318,New Cozy Family2QB Studio Apt-Somerset/OrchardArea,404487343,OngRR,FALSE,45,TRUE,River Valley,Central Region,1.2966274141755936,103.83987919605536,Entire serviced apartment,Entire home/apt,6,1,1,2,269.93,6,365,19,49,79,338,2,1,17-02-2025,07-10-2025,5,5,4.5,5,5,5,5,0.12,12,3239,43,TRUE,44.98833333333334,27,FALSE
1343201042844114892,Double Bed in Shared Hostel,521372493,Radzone Hostel,FALSE,4,TRUE,Singapore River,Central Region,1.2870312180351968,103.84893883019686,Shared room in bed and breakfast,Shared room,2,1,1,1,56,1,365,29,59,89,362,68,56,19-02-2025,21-06-2026,4.68,4.66,4.5,4.82,4.85,4.9,4.66,4.11,255,14280,4,TRUE,28,6,FALSE
1343206443923719513,Single Bed in Shared Hostel,521372493,Radzone Hostel,FALSE,4,TRUE,Singapore River,Central Region,1.2870312180351968,103.84893883019686,Shared room in bed and breakfast,Shared room,1,3,1,1,44,1,365,28,58,88,361,31,24,09-02-2025,21-06-2026,4.55,4.55,4.35,4.42,4.52,4.58,4.39,1.84,144,6336,4,TRUE,44,6,FALSE
1343279650923634953,New Comfy Studio Apt/Balcony-Somerset/Orchard Area,46685310,Yyin,FALSE,71,TRUE,River Valley,Central Region,1.296446622,103.84011238020834,Entire serviced apartment,Entire home/apt,3,1,1,1,219.52,1,365,22,52,82,347,0,0,,,,,,,,,,,0,0,71,FALSE,73.17333333333333,27,FALSE
1343419833722782300,NEW City Cozy 2 Bedroom Apt @Somerset/Orchard Area,404487343,OngRR,FALSE,45,TRUE,River Valley,Central Region,1.29481,103.83939,Entire serviced apartment,Entire home/apt,5,1,2,2,439.99,1,365,0,23,53,302,4,2,16-02-2025,09-06-2026,4.75,4.75,4,4.75,4.75,4.5,4.5,0.24,12,5280,43,TRUE,87.998,26,FALSE
1343446362439764941,1 City Comfy Studio Apt/WIFI-Somerset/Orchard Area,46685310,Yyin,FALSE,71,TRUE,River Valley,Central Region,1.2969242779827834,103.84037085414684,Entire serviced apartment,Entire home/apt,4,1,1,1,219.52,1,365,25,55,85,350,0,0,,,,,,,,,,,0,0,71,FALSE,54.88,26,FALSE
1343570517071036051,City Studio Apt/WIFI @ Somerset/Orchard Area,404487343,OngRR,FALSE,45,TRUE,River Valley,Central Region,1.2965609447745934,103.84062387807268,Entire serviced apartment,Entire home/apt,3,1,1,1,193.56,6,365,25,55,85,254,0,0,,,,,,,,,,,0,0,43,FALSE,64.52,26,FALSE
1343974752354429672,New City Cozy Studio Apt/WIFI-Somerset/OrchardArea,10248444,Recr,FALSE,64,TRUE,River Valley,Central Region,1.2965733863197066,103.83813651504958,Entire serviced apartment,Entire home/apt,4,1,1,1,217.09,6,365,25,55,85,343,3,0,19-03-2025,03-06-2025,4.67,4.33,5,5,5,5,4.67,0.19,0,0,64,TRUE,54.2725,26,FALSE
1344014131118367064,1 New Comfy 2 Rooms Studio @ Somerset/Orchard Area,61619807,Ong,FALSE,61,FALSE,River Valley,Central Region,1.29444,103.83843,Entire serviced apartment,Entire home/apt,6,2,2,2,440.52,1,365,11,41,71,318,1,1,15-05-2026,15-05-2026,3,3,3,4,4,3,3,0.65,6,2643,60,TRUE,73.42,26,FALSE
1344111998892645325,New Comfy 2 Bedrooms Apt @ Somerset/Orchard Area,10248444,Recr,FALSE,64,TRUE,River Valley,Central Region,1.29635,103.83969,Entire serviced apartment,Entire home/apt,6,1,2,2,439.99,1,365,4,31,61,308,0,0,,,,,,,,,,,0,0,64,FALSE,73.33166666666666,27,FALSE
1344547688385162840,New Easy Access Room Suite @ Somerset/Orchard,46685310,Yyin,FALSE,71,TRUE,River Valley,Central Region,1.2967672549006886,103.83919362309815,Private room in serviced apartment,Private room,2,1,1,1,151.5,6,365,9,39,69,325,0,0,,,,,,,,,,,0,0,71,FALSE,75.75,22,FALSE
1344575891027257713,Cozy BR Suite/WIFI/Easy Access-Somerset/Orch Area,61619807,Ong,FALSE,61,FALSE,River Valley,Central Region,1.29637,103.84042,Private room in serviced apartment,Private room,2,1,1,1,159.47,6,365,9,39,69,325,0,0,,,,,,,,,,,0,0,60,FALSE,79.735,22,FALSE
1344809682698712822,New Family Cozy 2QB Studio Apt Somerset/Orch. Area,404487343,OngRR,FALSE,45,TRUE,River Valley,Central Region,1.29606,103.83782,Entire serviced apartment,Entire home/apt,6,1,1,2,290.48,1,365,20,50,80,256,0,0,,,,,,,,,,,0,0,43,FALSE,48.413333333333334,27,FALSE
1344849433741431046,New Comfy Studio Apt/Balcony @Somerset/OrchardArea,404487343,OngRR,FALSE,45,TRUE,River Valley,Central Region,1.2953,103.83991,Entire serviced apartment,Entire home/apt,3,1,1,1,199.94,1,365,25,55,85,351,0,0,,,,,,,,,,,0,0,43,FALSE,66.64666666666666,28,FALSE
1344894591929119544,New Deluxe Studio Apt/WIFI @ Somerset/Orchard Area,404487343,OngRR,FALSE,45,TRUE,River Valley,Central Region,1.29506,103.84018,Entire serviced apartment,Entire home/apt,4,1,1,1,248.63,6,365,14,44,74,333,2,0,07-03-2025,15-04-2025,4.5,5,5,4.5,5,5,5,0.13,0,0,43,TRUE,62.1575,27,FALSE
1345203308848553425,1 Comfy 2QB Studio Apt/WIFI @Somerset/Orchard Area,46685310,Yyin,FALSE,71,TRUE,River Valley,Central Region,1.2960832460845786,103.84058933131368,Entire serviced apartment,Entire home/apt,4,1,1,2,291.23,1,365,25,55,85,350,1,1,26-03-2026,26-03-2026,4,4,2,5,5,5,4,0.31,6,1747,71,TRUE,72.8075,26,FALSE
1345216532468535369,Cozy Studio Apt /WIFI @Somerset/Orchard Area,46685310,Yyin,FALSE,71,TRUE,River Valley,Central Region,1.2966290192040328,103.83923993190854,Entire serviced apartment,Entire home/apt,3,1,1,1,214.99,6,365,25,55,85,343,1,1,01-12-2025,01-12-2025,5,5,5,5,5,5,5,0.14,12,2580,71,TRUE,71.66333333333334,25,FALSE
1345891939259136012,New Cosy Studio Apt/Balcony-Somerset/Orchard Area,10248444,Recr,FALSE,64,TRUE,River Valley,Central Region,1.29665,103.83939,Entire serviced apartment,Entire home/apt,3,1,1,1,197.2,1,365,22,52,82,351,0,0,,,,,,,,,,,0,0,64,FALSE,65.73333333333333,26,FALSE
1346027236788079433,6 bed mixed dorm (1) in Hostel,474773234,River City,FALSE,14,TRUE,Singapore River,Central Region,1.28655,103.8476,Shared room in bed and breakfast,Shared room,1,1,1,1,43,1,365,29,49,79,339,9,7,02-03-2025,14-06-2026,4.22,4.22,4.44,4.22,4.56,4.78,4.22,0.56,42,1806,14,TRUE,43,7,FALSE
1346039598045648279,6 Bed Mixed Dorm (2) in Hostel,474773234,River City,FALSE,14,TRUE,Singapore River,Central Region,1.28646,103.84833,Shared room in bed and breakfast,Shared room,1,3,1,1,43,1,365,29,59,89,357,2,0,24-02-2025,07-05-2025,4.5,3.5,4.5,5,5,5,4.5,0.12,0,0,14,TRUE,43,7,FALSE
1346354420159732076,6 Bed Mixed Dorm (3) in Hostel,474773234,River City,FALSE,14,TRUE,Singapore River,Central Region,1.28836,103.84636,Shared room in bed and breakfast,Shared room,1,3,1,1,39,1,365,28,58,88,183,1,0,25-02-2025,25-02-2025,5,5,5,5,5,5,5,0.06,0,0,14,TRUE,39,8,FALSE
1346363354944047426,9 Bed Mixed Dorm (2) in Hostel,474773234,River City,FALSE,14,TRUE,Singapore River,Central Region,1.2874616,103.8471597,Shared room in bed and breakfast,Shared room,1,3,1,6,41,1,365,29,58,88,187,0,0,,,,,,,,,,,0,0,14,FALSE,41,8,FALSE
1348198066277353354,Fully furnished 2 Bedroom Condo,657864050,Singapore,FALSE,8,TRUE,Novena,Central Region,1.3254179,103.8531355,Entire rental unit,Entire home/apt,6,1,2,6,51.24,92,365,29,59,89,364,0,0,,,,,,,,,,,0,0,8,FALSE,8.540000000000001,14,FALSE
1348268344518940558,Cosy Bunk Room for Budget Stays Near Kallang MRT,676710654,Kah Shiong,FALSE,6,TRUE,Geylang,Central Region,1.3132574,103.8758863,Room in hotel,Private room,2,1,1,2,78,1,365,29,59,89,364,3,0,04-03-2025,16-03-2025,2,1.67,1.67,3.67,2.33,2.67,1.33,0.19,0,0,6,TRUE,39,17,FALSE
1348338466507742115,"Deluxe, Window",676710654,Kah Shiong,FALSE,6,TRUE,Geylang,Central Region,1.3144035833010177,103.8752671799088,Room in hotel,Private room,2,1,1,1,84,1,365,29,59,89,364,3,1,27-02-2025,15-08-2025,1.67,2,2,3.33,1.67,2.33,1.33,0.18,6,504,6,TRUE,42,17,FALSE
1348340856696751817,Deluxe twin room with View near Kallang MRT,676710654,Kah Shiong,FALSE,6,TRUE,Geylang,Central Region,1.3129,103.87683,Room in hotel,Private room,2,1,1,2,104.8,1,365,29,59,89,361,1,0,28-02-2025,28-02-2025,2,4,2,5,5,2,3,0.06,0,0,6,TRUE,52.4,15,FALSE
1348343822357935398,Premier Room for Relaxing Stays Near Kallang MRT,676710654,Kah Shiong,FALSE,6,TRUE,Geylang,Central Region,1.31208,103.87542,Room in hotel,Private room,2,1,1,1,104.8,1,365,29,59,89,364,0,0,,,,,,,,,,,0,0,6,FALSE,52.4,17,FALSE
1348345238423635867,Family room,676710654,Kah Shiong,FALSE,6,TRUE,Geylang,Central Region,1.3139601316741192,103.8767903710122,Room in hotel,Private room,3,1,1,2,170,1,365,26,56,86,361,0,0,,,,,,,,,,,0,0,6,FALSE,56.666666666666664,13,FALSE
1351210783305842043,Superior Double Room close to Downtown,674516503,Hotel Traveltine,FALSE,4,TRUE,Kallang,Central Region,1.3025087,103.8642451,Room in hotel,Private room,2,1,1,1,133.28,1,731,29,58,88,92,0,0,,,,,,,,,,,0,0,4,FALSE,66.64,20,FALSE
1352873550327051901,6 bed mixed dorm (4) in Hostel,474773234,River City,FALSE,14,TRUE,Singapore River,Central Region,1.2874161,103.8472705,Shared room in bed and breakfast,Shared room,1,3,1,1,39,1,365,27,50,80,349,7,1,16-02-2025,01-07-2025,4.14,4.43,4.57,4.29,4.29,4.86,4.14,0.42,6,234,14,TRUE,39,8,FALSE
1352885337891104870,新加坡山禾悦别墅禅意房,652674004,Mira,FALSE,13,TRUE,Bedok,East Region,1.3156852,103.9422477,Private room in home,Private room,2,1,1,2,38.67,92,365,29,59,89,364,0,0,,,,,,,,,,,0,0,2,FALSE,19.335,59,FALSE
1354005223820273636,Double room without window near Kallang MRT,676710654,Kah Shiong,FALSE,6,TRUE,Kallang,Central Region,1.3127872721879394,103.87499196849808,Room in hotel,Private room,2,1,1,1,84,1,365,23,53,83,354,2,0,19-02-2025,21-02-2025,2.5,2.5,2.5,3,3,3,2.5,0.12,0,0,6,TRUE,42,18,FALSE
1354883996744969920,Fort780 Private Studio with WiFi near NEX Mall/MRT,159031223,Stay With Fort,TRUE,8,TRUE,Hougang,North-East Region,1.3545603,103.8792847,Private room in serviced apartment,Private room,2,1,1,1,143,6,365,11,38,68,337,26,20,28-03-2025,11-06-2026,4.73,4.73,4.77,4.54,4.77,4.31,4.54,1.7,240,34320,8,TRUE,71.5,50,FALSE
1355386557880114266,Fort780 Cozy 1-BR with Wi-Fi near NEX Mall/MRT,159031223,Stay With Fort,TRUE,8,TRUE,Hougang,North-East Region,1.3545603,103.8792847,Entire serviced apartment,Entire home/apt,2,1,1,1,197.67,6,365,13,43,73,348,3,2,27-05-2025,08-10-2025,4.67,4.67,4.67,4.67,4.67,4.67,4.67,0.23,24,4744,8,TRUE,98.835,50,FALSE
1355419869118053243,Fort780 Spacious Deluxe 1BR with Wifi near NEX/MRT,159031223,Stay With Fort,TRUE,8,TRUE,Hougang,North-East Region,1.3545603,103.8792847,Entire serviced apartment,Entire home/apt,2,1.5,1,1,223.33,6,365,9,39,69,344,6,4,12-03-2025,01-04-2026,5,4.67,5,4.33,4.5,4.83,4.83,0.38,48,10720,8,TRUE,111.665,47,FALSE
1357229015696955203,6 Bed Mixed Dorm (5) in a Hostel,474773234,River City,FALSE,14,TRUE,Singapore River,Central Region,1.2874161,103.8472705,Shared room in bed and breakfast,Shared room,1,3,1,1,40,1,365,26,56,86,355,0,0,,,,,,,,,,,0,0,14,FALSE,40,8,FALSE
1357233633468835603,6 Bed Mixed Dorm (6) in a Hostel,474773234,River City,FALSE,14,TRUE,Singapore River,Central Region,1.2874161,103.8472705,Shared room in bed and breakfast,Shared room,1,3,1,1,43,1,365,29,59,89,358,0,0,,,,,,,,,,,0,0,14,FALSE,43,8,FALSE
1357259875101674536,9 Bed Mixed Dorm (3) in Hostel,474773234,River City,FALSE,14,TRUE,Singapore River,Central Region,1.2874161,103.8472705,Shared room in bed and breakfast,Shared room,1,3,1,1,41,1,365,29,58,88,187,0,0,,,,,,,,,,,0,0,14,FALSE,41,8,FALSE
1357264239347023858,9 Bed Mixed Dorm (4) in Hostel,474773234,River City,FALSE,14,TRUE,Singapore River,Central Region,1.2874161,103.8472705,Shared room in bed and breakfast,Shared room,1,3,1,1,41,1,365,29,58,88,361,0,0,,,,,,,,,,,0,0,14,FALSE,41,8,FALSE
1359148134280726663,New Luxe Family Loft Studio-Somerset/Orchard Area,10248444,Recr,FALSE,64,TRUE,River Valley,Central Region,1.29507,103.84013,Entire serviced apartment,Entire home/apt,6,1,1,2,353.72,1,365,9,39,69,327,1,1,13-10-2025,13-10-2025,4,4,4,4,4,4,4,0.12,6,2122,64,TRUE,58.95333333333334,26,FALSE
1359270466450018804,New Easy Access Cozy BR Suite-Somerset/OrchardArea,10248444,Recr,FALSE,64,TRUE,River Valley,Central Region,1.2952918058282117,103.83812433595614,Private room in serviced apartment,Private room,3,1,1,1,150.95,6,365,25,55,85,343,1,0,01-04-2025,01-04-2025,5,5,5,5,5,5,5,0.07,0,0,64,TRUE,50.31666666666666,22,FALSE
1359446999908619845,薰衣草,125437217,Yiqi,FALSE,4,TRUE,Choa Chu Kang,West Region,1.38557,103.74354,Private room in rental unit,Private room,2,1,1,1,82.2,15,365,3,16,46,227,3,2,31-05-2025,24-01-2026,4,4.33,3.67,4,4.33,4.67,3.67,0.23,60,4932,4,TRUE,41.1,21,FALSE
1359514609732043693,New City Cozy Balcony Studio-Somerset/Orchard Area,46685310,Yyin,FALSE,71,TRUE,River Valley,Central Region,1.2947,103.83879,Entire serviced apartment,Entire home/apt,3,1,1,1,221.24,6,365,25,55,85,343,1,0,27-04-2025,27-04-2025,4,3,4,5,4,5,3,0.07,0,0,71,TRUE,73.74666666666667,26,FALSE
1359768974639975588,New Family Cozy 2 Rm Studio-Somerset/Orchard Area,46685310,Yyin,FALSE,71,TRUE,River Valley,Central Region,1.29656,103.84007,Entire serviced apartment,Entire home/apt,6,2,2,2,419.04,1,365,10,40,70,321,0,0,,,,,,,,,,,0,0,71,FALSE,69.84,25,FALSE
1359786154595419891,New Cozy 2 Rooms Studio APT-Somerset/OrchardArea,46685310,Yyin,FALSE,71,TRUE,River Valley,Central Region,1.29455534,103.8396511815875,Entire serviced apartment,Entire home/apt,6,2,2,2,449.58,1,365,20,47,77,328,3,3,28-07-2025,19-02-2026,4.33,4,4.33,4.33,4.33,4.33,4,0.27,18,8092,71,TRUE,74.92999999999999,25,FALSE
1359864223207987060,Cozy Family 2 Rooms Studio Somerset/Orchard Area,46685310,Yyin,FALSE,71,TRUE,River Valley,Central Region,1.2959789404361333,103.83807771726774,Entire serviced apartment,Entire home/apt,6,2,2,2,427.59,1,365,10,36,66,316,1,1,26-05-2026,26-05-2026,5,5,5,5,5,5,5,0.86,6,2566,71,TRUE,71.265,26,FALSE
1359885009093105801,New Cozy Family 2BR Apartment-Somerset/OrchardArea,46685310,Yyin,FALSE,71,TRUE,River Valley,Central Region,1.2949079126548448,103.8396842607516,Entire serviced apartment,Entire home/apt,5,1,2,2,430.41,1,365,0,20,50,301,3,2,24-03-2025,24-01-2026,3.67,4.33,4.33,4.67,4.67,4,3.67,0.19,12,5165,71,TRUE,86.08200000000001,27,FALSE
1359978368464044529,1 NEW Comfy Studio/Balcony @ Somerset/Orchard Area,61619807,Ong,FALSE,61,FALSE,River Valley,Central Region,1.2968,103.84009,Entire serviced apartment,Entire home/apt,4,1,1,1,252.27,1,365,25,55,85,350,1,1,15-02-2026,15-02-2026,5,5,5,5,5,5,5,0.22,6,1514,60,TRUE,63.0675,27,FALSE
1360002782987306879,New City Cozy 2 Beds Studio @Somerset/Orchard Area,61619807,Ong,FALSE,61,FALSE,River Valley,Central Region,1.29633,103.83828,Entire serviced apartment,Entire home/apt,6,1,1,2,283.2,6,365,19,49,79,337,8,7,06-05-2025,17-02-2026,4.38,4.63,4.5,4.63,4.63,4.63,4.38,0.57,84,23789,60,TRUE,47.199999999999996,27,FALSE
1360441929513870368,Comfort Deluxe Family Room with Street View,674507123,,,,,Rochor,Central Region,1.30493,103.85365,Room in hotel,Private room,3,1,1,3,170,1,365,26,56,83,351,5,2,15-04-2025,05-09-2025,4.2,4.2,4,4.6,4.6,4.4,4,0.34,12,2040,1,TRUE,56.666666666666664,9,FALSE
1360520155928927546,New City-Cozy Room Suite/WIFI-Somerset/OrchardArea,61619807,Ong,FALSE,61,FALSE,River Valley,Central Region,1.2951875687661083,103.84012347534149,Private room in serviced apartment,Private room,3,1,1,1,149.12,6,365,25,55,85,344,6,6,05-07-2025,12-01-2026,4.5,4.5,4.67,4.67,4.67,4.5,4.5,0.5,72,10737,60,TRUE,49.70666666666667,23,FALSE
1360701017259711319,New City Comfy Rooms Suite @ Somerset/Orchard Area,61619807,Ong,FALSE,61,FALSE,River Valley,Central Region,1.2947475475183006,103.83836867527812,Private room in serviced apartment,Private room,2,1,1,1,168.73,6,365,9,39,69,328,1,1,26-08-2025,26-08-2025,4,4,4,4,4,4,3,0.1,12,2025,60,TRUE,84.365,22,FALSE
1361073234550030022,New City 2 Rooms Studio Apt @Somerset/Orchard Area,404487343,OngRR,FALSE,45,TRUE,River Valley,Central Region,1.2951163131329335,103.83824009759168,Entire serviced apartment,Entire home/apt,6,2,2,2,409.91,1,365,10,37,67,319,0,0,,,,,,,,,,,0,0,43,FALSE,68.31833333333334,26,FALSE
1361497917977363587,New Cozy 2 Rooms Apartment @ Somerset/Orchard Area,404487343,OngRR,FALSE,45,TRUE,River Valley,Central Region,1.296262497,103.8380552410478,Entire serviced apartment,Entire home/apt,5,2,2,2,403.83,6,365,0,23,53,215,1,1,12-07-2025,12-07-2025,4,5,5,5,5,3,4,0.08,12,4846,43,TRUE,80.76599999999999,27,FALSE
1361524661283778455,New Accessible Cozy BR Suite-Somerset/OrchardArea,404487343,OngRR,FALSE,45,TRUE,River Valley,Central Region,1.2948736768396476,103.8397395720656,Private room in serviced apartment,Private room,3,1,1,1,157.33,6,365,25,55,85,342,0,0,,,,,,,,,,,0,0,43,FALSE,52.443333333333335,19,FALSE
1361534795336469399,NEW City Cozy Room Suite/WIFI-Somerset/OrchardArea,404487343,OngRR,FALSE,45,TRUE,River Valley,Central Region,1.2944856280257886,103.83992326133212,Private room in serviced apartment,Private room,2,1,1,1,157.33,6,365,9,39,69,328,0,0,,,,,,,,,,,0,0,43,FALSE,78.665,22,FALSE
1361575186810254505,Comfy City Studio APT/Balcony-Somerset/OrchardArea,404487343,OngRR,FALSE,45,TRUE,River Valley,Central Region,1.2963325764986882,103.84077941700704,Entire serviced apartment,Entire home/apt,4,1,1,1,236.3,6,365,4,4,4,259,0,0,,,,,,,,,,,0,0,43,FALSE,59.075,27,FALSE
1361584911889184757,City Cozy Room Suite/WIFI @ Somerset/Orchard Area,404487343,OngRR,FALSE,45,TRUE,River Valley,Central Region,1.29662,103.83895,Private room in rental unit,Private room,2,1,1,1,148.2,6,365,9,39,69,326,0,0,,,,,,,,,,,0,0,43,FALSE,74.1,23,FALSE
1361595974009298578,Easy Access Room Suite/WIFI @Somerset/Orchard Area,404487343,OngRR,FALSE,45,TRUE,River Valley,Central Region,1.2965876607195927,103.84050268090252,Private room in rental unit,Private room,3,1,1,1,140.78,6,365,13,43,73,330,1,0,21-04-2025,21-04-2025,5,5,5,5,5,5,5,0.07,0,0,43,TRUE,46.92666666666667,23,FALSE
1362163898873586933,Charming villa in the East,15663330,Vivek,FALSE,1,TRUE,Marine Parade,Central Region,1.2982390536522372,103.88886825889212,Private room in rental unit,Private room,2,1,1,2,35.2,92,365,29,59,89,364,0,0,,,,,,,,,,,0,0,1,FALSE,17.6,12,FALSE
1364292763458645376,"Single Room with Window, 5 mins to Farrer Park MRT",680876971,Chris,FALSE,11,TRUE,Rochor,Central Region,1.30972,103.8542,Room in hotel,Private room,1,1,1,1,88,1,365,24,54,84,359,0,0,,,,,,,,,,,0,0,11,FALSE,88,15,FALSE
1364944427931632293,Cozy Twin Room – 5 Min Walk to Farrer Park MRT,680876971,Chris,FALSE,11,TRUE,Rochor,Central Region,1.3089,103.85635,Room in hotel,Private room,2,1,1,1,84,1,365,28,58,88,363,2,1,09-03-2025,26-11-2025,1.5,2,1.5,2.5,3.5,3,1.5,0.13,6,504,11,TRUE,42,17,FALSE
1364955339908594565,Snug Double Room – 5 Min Walk to Farrer Park MRT,680876971,Chris,FALSE,11,TRUE,Rochor,Central Region,1.3083438086189807,103.85471582714986,Room in hotel,Private room,2,1,1,1,91.2,1,365,29,59,89,364,0,0,,,,,,,,,,,0,0,11,FALSE,45.6,16,FALSE
1364961403416718483,Spacious Triple Room –No Window,680876971,Chris,FALSE,11,TRUE,Rochor,Central Region,1.30794,103.85467,Room in hotel,Private room,3,1,1,1,110,1,365,29,59,89,364,0,0,,,,,,,,,,,0,0,11,FALSE,36.666666666666664,17,FALSE
1364968016141187945,Quadruple for 4 Pax - 5 Min to Farrer Park,680876971,Chris,FALSE,11,TRUE,Rochor,Central Region,1.3084572895473876,103.85443595744802,Room in hotel,Private room,4,1,1,4,170,1,365,29,59,89,364,1,0,28-03-2025,28-03-2025,3,4,3,5,3,5,2,0.07,0,0,11,TRUE,42.5,17,FALSE
1364979098729611742,Double Room with Window– 5 Min to Farrer Park MRT,680876971,Chris,FALSE,11,TRUE,Rochor,Central Region,1.3082960417658347,103.85451160754958,Room in hotel,Private room,2,1,1,1,95.2,1,365,29,59,89,364,1,0,02-03-2025,02-03-2025,1,1,2,3,1,3,1,0.06,0,0,11,TRUE,47.6,16,FALSE
1365009690444478851,Deluxe twin with Window- 5 mins to Farrer Park MRT,680876971,Chris,FALSE,11,TRUE,Rochor,Central Region,1.3101233454038772,103.85456765578174,Room in hotel,Private room,2,1,1,1,101.6,1,365,29,59,89,364,0,0,,,,,,,,,,,0,0,11,FALSE,50.8,17,FALSE
1365016793430726651,"Deluxe Triple Room, 5 min walk to Farrer Park MRT",680876971,Chris,FALSE,11,TRUE,Rochor,Central Region,1.3101905704936707,103.85420078535408,Room in hotel,Private room,3,1,1,1,117,1,365,29,59,89,364,0,0,,,,,,,,,,,0,0,11,FALSE,39,17,FALSE
1365607146278165007,"Connecting room, window,  near Farrer Park MRT",680876971,Chris,FALSE,11,TRUE,Rochor,Central Region,1.3080895854584167,103.85548756385256,Room in hotel,Private room,5,1,1,3,221,1,365,27,57,87,358,11,6,30-05-2025,28-01-2026,3.36,3.27,2.82,4.18,3.91,3.09,3.09,0.83,36,7956,11,TRUE,44.2,17,FALSE
1365693872009063552,Galaxy Pods Chinatown Single Capsule,681289641,Richard,FALSE,2,TRUE,Outram,Central Region,1.2834693000000048,103.84547096931152,Shared room in hotel,Shared room,1,3,1,14,46,1,365,27,57,87,182,84,62,17-03-2025,13-06-2026,4.33,4.45,4.07,4.8,4.65,4.76,4.39,5.36,255,11730,2,TRUE,46,18,FALSE
1366350685509540470,Triple Room close to Downtown,674516503,Hotel Traveltine,FALSE,4,TRUE,Kallang,Central Region,1.3025087,103.8642451,Room in hotel,Private room,2,1,1,1,272,1,731,26,56,86,90,0,0,,,,,,,,,,,0,0,4,FALSE,136,20,FALSE
1366350937888032120,Deluxe Double Room close to Downtown,674516503,Hotel Traveltine,FALSE,4,TRUE,Kallang,Central Region,1.3025087,103.8642451,Room in hotel,Private room,2,1,1,1,160,1,731,29,59,89,173,0,0,,,,,,,,,,,0,0,4,FALSE,80,20,FALSE
1366351018779965888,Family Room close to Downtown,674516503,Hotel Traveltine,FALSE,4,TRUE,Kallang,Central Region,1.3025087,103.8642451,Room in hotel,Private room,2,1,1,1,248,1,731,28,55,85,89,0,0,,,,,,,,,,,0,0,4,FALSE,124,20,FALSE
1367128624122045875,Galaxy Pods Chinatown Double Capsule,681289641,Richard,FALSE,2,TRUE,Outram,Central Region,1.2834644,103.8455527,Shared room in hotel,Shared room,2,1,1,1,58,1,365,29,59,89,184,30,17,15-03-2025,26-04-2026,4.27,4.2,3.83,4.67,4.17,4.6,4.13,1.91,102,5916,2,TRUE,29,16,FALSE
1367258114838231197,New City Family 2-Room Studio-Somerset/OrchardArea,46685310,Yyin,FALSE,71,TRUE,River Valley,Central Region,1.296363723042919,103.8382596894857,Entire serviced apartment,Entire home/apt,6,2,2,2,401.63,1,365,16,32,62,309,2,1,06-04-2025,27-11-2025,5,5,5,5,5,5,4.5,0.13,6,2410,71,TRUE,66.93833333333333,25,FALSE
1367280084661745973,1 NEW City Cozy Loft Studio@ Somerset/Orchard Area,61619807,Ong,FALSE,61,FALSE,River Valley,Central Region,1.29624,103.84019,Entire serviced apartment,Entire home/apt,5,1,1,2,295.55,1,365,20,50,80,345,0,0,,,,,,,,,,,0,0,60,FALSE,59.11,27,FALSE
1367352350623885320,New City Family 2Rooms Studio-Somerset/OrchardArea,46685310,Yyin,FALSE,71,TRUE,River Valley,Central Region,1.2961904533849546,103.83818721689656,Entire serviced apartment,Entire home/apt,6,2,2,2,405.35,6,365,10,40,70,321,0,0,,,,,,,,,,,0,0,71,FALSE,67.55833333333334,25,FALSE
1367385386918852056,NEW Compact Cozy 2 Rooms Studio-Somerset/City Area,404487343,OngRR,FALSE,45,TRUE,River Valley,Central Region,1.29667,103.83803,Entire serviced apartment,Entire home/apt,6,2,2,2,443.19,1,365,11,39,69,318,0,0,,,,,,,,,,,0,0,43,FALSE,73.865,26,FALSE
1367696801318491983,1 NEW City Cozy Studio Apt @ Somerset/Orchard Area,61619807,Ong,FALSE,61,FALSE,River Valley,Central Region,1.2960426604636135,103.83986539229063,Entire serviced apartment,Entire home/apt,5,1,1,2,322.4,1,365,13,43,73,338,0,0,,,,,,,,,,,0,0,60,FALSE,64.47999999999999,26,FALSE
1368429074505250934,Victoria Studio Queen,23336011,Heritage,TRUE,82,TRUE,Rochor,Central Region,1.3044357087035376,103.85880666842628,Room in hotel,Private room,2,1,1,1,141,1,365,27,57,87,362,6,5,17-06-2025,24-01-2026,4.83,5,5,4.83,5,4.83,4.67,0.48,30,4230,71,TRUE,70.5,19,FALSE
1368450537387221528,Victoria Studio Double (No Window),23336011,Heritage,TRUE,82,TRUE,Rochor,Central Region,1.3039078812988525,103.86038670418466,Room in hotel,Private room,2,1,1,1,123,1,365,22,49,79,349,29,25,28-04-2025,27-04-2026,4.93,4.9,4.97,4.93,4.97,4.86,4.76,2.03,150,18450,71,TRUE,61.5,21,FALSE
1368584855731737819,"Hotel Classic by Venue, Standard twin (no windo...",682068197,Hotel Classic By Venue,FALSE,4,TRUE,Geylang,Central Region,1.3157202,103.8977056,Room in hotel,Private room,2,1,1,2,120.94,1,731,27,55,83,337,68,68,30-07-2025,18-06-2026,4.72,4.65,4.78,4.94,4.87,4.78,4.69,6.04,255,30840,2,TRUE,60.47,20,FALSE
1368585875892463786,Superior twin,682068491,The Venue Hotel,FALSE,4,TRUE,Marine Parade,Central Region,1.3095663,103.9023934,Room in hotel,Private room,2,1,1,2,76.74,1,731,24,54,83,336,4,4,10-08-2025,02-06-2026,3.25,3.25,3.75,4.5,4,5,3.75,0.37,24,1842,1,TRUE,38.37,18,FALSE
1368587172214912254,Standard twin (no window) room,682068756,,,,,Geylang,Central Region,1.3115803,103.9007281,Room in hotel,Private room,2,1,1,2,125,1,731,25,54,82,332,5,4,18-05-2025,28-05-2026,4.2,4.6,4.6,5,4.6,4,4.2,0.36,24,3000,2,TRUE,62.5,19,FALSE
1368587269176073347,Superior twin room,682068756,,,,,Geylang,Central Region,1.3115803,103.9007281,Room in hotel,Private room,2,1,1,2,140.01,1,731,27,56,86,346,24,22,26-05-2025,31-05-2026,4.46,4.58,4.38,4.75,4.33,4.46,4.29,1.79,132,18481,2,TRUE,70.005,19,FALSE
1368825575095003869,Cosy Modern 1 Bedroom Home,10939535,Janelle,FALSE,1,TRUE,Serangoon,North-East Region,1.3548553,103.8656265,Entire rental unit,Entire home/apt,2,1,1,2,62.41,92,365,22,52,82,357,0,0,,,,,,,,,,,0,0,1,FALSE,31.205,32,FALSE
1369311964362394287,Victoria Loft (No Window),23336011,Heritage,TRUE,82,TRUE,Rochor,Central Region,1.3043282437836896,103.85895887010214,Room in hotel,Private room,2,1,1,1,118,1,365,26,54,84,352,3,1,22-04-2025,25-08-2025,4.67,4.33,4.67,5,5,4.67,4,0.21,6,708,71,TRUE,59,22,FALSE
1370114888753604618,Private landed property w Pool,117401338,Pare,FALSE,1,TRUE,Serangoon,North-East Region,1.3449348898471971,103.86299930512904,Private room in home,Private room,2,1,3,2,20.44,120,730,29,59,89,364,0,0,,,,,,,,,,,0,0,1,FALSE,10.22,18,FALSE
1370784245919443629,Bilik Queen Room near the beach,679890583,ISA Hotel & Apartment Hotel,FALSE,8,TRUE,Marine Parade,Central Region,1.3000032,103.9000674,Room in hotel,Private room,2,1,1,1,161.2,1,731,26,56,86,359,0,0,,,,,,,,,,,0,0,8,FALSE,80.6,19,FALSE
1370784279981960498,Deluxe Queen Room,679890583,ISA Hotel & Apartment Hotel,FALSE,8,TRUE,Marine Parade,Central Region,1.3000032,103.9000674,Room in hotel,Private room,2,1,1,1,198.4,1,731,23,53,83,358,0,0,,,,,,,,,,,0,0,8,FALSE,99.2,19,FALSE
1370784368317080436,Deluxe King Room,679890583,ISA Hotel & Apartment Hotel,FALSE,8,TRUE,Marine Parade,Central Region,1.3000032,103.9000674,Room in hotel,Private room,2,1,1,1,198.4,1,731,22,52,82,357,0,0,,,,,,,,,,,0,0,8,FALSE,99.2,19,FALSE
1370784451327994444,Premium Queen Room,679890583,ISA Hotel & Apartment Hotel,FALSE,8,TRUE,Marine Parade,Central Region,1.3000032,103.9000674,Room in hotel,Private room,2,1,1,1,297.6,1,731,0,21,51,325,0,0,,,,,,,,,,,0,0,8,FALSE,148.8,19,FALSE
1370784492261658990,Premium King Room,679890583,ISA Hotel & Apartment Hotel,FALSE,8,TRUE,Marine Parade,Central Region,1.3000032,103.9000674,Room in hotel,Private room,2,1,1,1,260.4,1,731,23,51,81,356,0,0,,,,,,,,,,,0,0,8,FALSE,130.2,19,FALSE
1370784560296587005,Supreme King Room,679890583,ISA Hotel & Apartment Hotel,FALSE,8,TRUE,Marine Parade,Central Region,1.3000032,103.9000674,Room in hotel,Private room,2,1,1,1,260.4,1,731,13,38,68,343,0,0,,,,,,,,,,,0,0,8,FALSE,130.2,19,FALSE
1370784715989062175,Deluxe Duo Room,679890583,ISA Hotel & Apartment Hotel,FALSE,8,TRUE,Marine Parade,Central Region,1.3000032,103.9000674,Room in hotel,Private room,4,1,1,2,396.8,1,731,17,45,75,350,0,0,,,,,,,,,,,0,0,8,FALSE,99.2,19,FALSE
1370846997595359402,Cosy homestay - interns/students most welcome,126899795,⁨Grace43⁩,FALSE,1,TRUE,Bedok,East Region,1.3114033034432906,103.9308213246829,Private room in home,Private room,2,1,2,2,13.14,92,365,29,59,89,364,0,0,,,,,,,,,,,0,0,1,FALSE,6.57,12,FALSE
1371361251068733907,Deluxe queen with pool access,681047152,,,,,Kallang,Central Region,1.307308,103.858887,Room in hotel,Private room,2,1,1,2,200,1,731,29,59,89,184,2,2,05-10-2025,09-10-2025,4,4,4,4.5,4.5,3.5,2,0.22,12,2400,1,TRUE,100,21,FALSE
1371468663052929115,Quad room with a skylight & bathtub,681052352,"Santa Grand Hotel, A NuVe Group Collection",FALSE,2,TRUE,Marine Parade,Central Region,1.3067682,103.9058348,Room in hotel,Private room,4,1,1,4,195,1,731,15,35,65,301,3,3,25-07-2025,30-05-2026,4.67,5,5,5,5,4.33,4.33,0.26,18,3510,1,TRUE,48.75,22,FALSE
1371483156073782484,3 Bedroom apartment with laundry room,681052960,,,,,Bukit Merah,Central Region,1.2899162,103.8314523,Room in hotel,Private room,5,1,1,5,463.61,1,731,21,51,81,205,2,1,12-04-2025,27-09-2025,5,5,5,5,5,5,5,0.13,6,2782,2,TRUE,92.72200000000001,22,FALSE
1371483576343592465,2 Bedroom apartment,681052960,,,,,Bukit Merah,Central Region,1.2899162,103.8314523,Room in hotel,Private room,4,1,1,4,591.67,1,731,29,59,89,213,2,1,11-04-2025,03-10-2025,4.5,4.5,4,5,4,4.5,4,0.13,6,3550,2,TRUE,147.9175,22,FALSE
1371702584351367780,Common Room in Cosy Condominium,16878734,David,FALSE,2,TRUE,Hougang,North-East Region,1.3752645,103.9041005,Private room in rental unit,Private room,1,1,1,1,24.41,92,365,29,59,89,364,0,0,,,,,,,,,,,0,0,2,FALSE,24.41,14,FALSE
1372020136988890198,Common Room in Cosy Condominium,16878734,David,FALSE,2,TRUE,Hougang,North-East Region,1.3752645,103.9041005,Private room in rental unit,Private room,1,1,1,1,17.08,92,365,29,56,56,263,0,0,,,,,,,,,,,0,0,2,FALSE,17.08,15,FALSE
1372333760095576456,Tranquil room in a cosy house,8337751,Veronica,FALSE,1,TRUE,Serangoon,North-East Region,1.36713,103.86514,Private room in home,Private room,2,1,1,2,29.5,92,180,22,52,82,173,0,0,,,,,,,,,,,0,0,1,FALSE,14.75,46,FALSE
1374544766177339821,Peaceful Private Room,24476285,Ck,FALSE,2,TRUE,Yishun,North Region,1.4312792667026486,103.82725265450355,Private room in home,Private room,1,1,1,1,15.07,60,365,29,59,89,130,7,5,12-04-2025,05-05-2026,5,5,5,5,5,5,4.86,0.47,255,3843,2,TRUE,15.07,31,FALSE
1380884400304985962,Accessible Comfy Room Suite@ Somerset/Orchard Area,46685310,Yyin,FALSE,71,TRUE,River Valley,Central Region,1.2948433952817475,103.83840528943222,Private room in serviced apartment,Private room,3,1,1,1,160.25,6,365,9,39,69,329,0,0,,,,,,,,,,,0,0,71,FALSE,53.416666666666664,21,FALSE
1380884417723370929,Easy Access Comfy BR Suite @ Somerset/Orchard Area,46685310,Yyin,FALSE,71,TRUE,River Valley,Central Region,1.29508,103.84064,Private room in serviced apartment,Private room,3,1,1,1,159.28,6,365,13,43,73,333,0,0,,,,,,,,,,,0,0,71,FALSE,53.093333333333334,25,FALSE
1380884455747956673,New Comfy Family Studio Apt@ Somerset/Orchard Area,46685310,Yyin,FALSE,71,TRUE,River Valley,Central Region,1.29481,103.8401,Entire serviced apartment,Entire home/apt,5,1,1,1,215.15,6,365,19,49,79,337,0,0,,,,,,,,,,,0,0,71,FALSE,43.03,27,FALSE
1380884472560143790,NewCozy Family 2QB Studio Apt-Somerset/OrchardArea,46685310,Yyin,FALSE,71,TRUE,River Valley,Central Region,1.29659,103.838,Entire serviced apartment,Entire home/apt,6,1,1,2,322.99,6,365,19,49,79,337,0,0,,,,,,,,,,,0,0,71,FALSE,53.83166666666667,27,FALSE
1380884526925505437,City Comfy Room Suite/WIFI @ Somerset/Orchard Area,109333133,Pat,FALSE,73,TRUE,River Valley,Central Region,1.294546414054025,103.83988915932257,Private room in serviced apartment,Private room,3,1,1,1,159.28,6,365,13,43,73,333,0,0,,,,,,,,,,,0,0,73,FALSE,53.093333333333334,25,FALSE
1380884556282673361,New City Cozy Studio Apt/WIFI-Somerset/OrchardArea,109333133,Pat,FALSE,73,TRUE,River Valley,Central Region,1.29665,103.83845,Entire serviced apartment,Entire home/apt,5,1,1,1,236,1,365,19,46,76,341,1,1,18-08-2025,18-08-2025,5,4,4,5,5,5,4,0.09,6,1416,73,TRUE,47.2,27,FALSE
1381310380520420427,New Comfy 2 Beds Studio Apt@ Somerset/Orchard Area,109333133,Pat,FALSE,73,TRUE,River Valley,Central Region,1.296548801016776,103.8378293,Entire serviced apartment,Entire home/apt,6,1,1,2,323,1,365,17,47,77,346,0,0,,,,,,,,,,,0,0,73,FALSE,53.833333333333336,27,FALSE
1381891002702649907,e# Cozy Private Room @ Farrer Park,685536791,Nanda,FALSE,2,TRUE,Kallang,Central Region,1.3114072214053984,103.85806215645674,Private room in rental unit,Private room,2,1,1,2,13.75,92,365,29,59,89,364,0,0,,,,,,,,,,,0,0,2,FALSE,6.875,32,FALSE
1382311297245411252,Galaxy Pods Boat Quay Single,685640177,Richard,FALSE,2,TRUE,Singapore River,Central Region,1.287657,103.8489571,Shared room in guesthouse,Shared room,1,1,1,1,32,1,365,23,52,80,169,27,25,25-05-2025,05-06-2026,4.41,4.37,4.44,4.81,4.11,4.67,4.37,2.02,150,4800,2,TRUE,32,7,FALSE
1382376411379566157,Galaxy Pods Boat Quay Double,685640177,Richard,FALSE,2,TRUE,Singapore River,Central Region,1.287657,103.8489571,Shared room in guesthouse,Shared room,2,1,1,1,58,1,365,29,59,89,181,3,2,16-04-2025,20-03-2026,4.33,4.67,4.67,5,5,5,4.67,0.2,12,696,2,TRUE,29,7,FALSE
1383253400357101331,Fully furnished independent bungalow.,5092893,Sam,FALSE,3,TRUE,Ang Mo Kio,North-East Region,1.3757011765931118,103.82911423119825,Entire home,Entire home/apt,4,1,5,4,261.06,92,365,29,59,89,364,0,0,,,,,,,,,,,0,0,3,FALSE,65.265,17,FALSE
1383662753417352734,f# Cozy Private Room @ Farrer Park,685536791,Nanda,FALSE,2,TRUE,Kallang,Central Region,1.31094,103.85634,Private room in rental unit,Private room,2,1,1,2,13.45,92,365,29,57,57,262,0,0,,,,,,,,,,,0,0,2,FALSE,6.725,32,FALSE
1383835231312995022,Colonial beachfront home with sea views,681544907,House Of Melissa Boutique Farmstay,FALSE,1,TRUE,Changi,East Region,1.3910832,103.9851761,Room in hotel,Private room,2,1,1,1,600,1,731,19,32,57,79,0,0,,,,,,,,,,,0,0,1,FALSE,300,16,FALSE
1384018651538872739,Luxurious three br apartment,238891646,Neha,FALSE,131,TRUE,Queenstown,Central Region,1.28803,103.79385,Entire rental unit,Entire home/apt,5,1,3,5,150.18,92,365,28,58,88,363,0,0,,,,,,,,,,,0,0,131,FALSE,30.036,16,FALSE
1384517015736114901,Small double,686218657,,,,,Outram,Central Region,1.2837871,103.8445143,Room in hotel,Private room,2,1,1,2,270,1,731,15,40,70,213,4,4,05-01-2026,30-04-2026,4.75,4.5,4.5,4.75,4.75,4.75,4.5,0.67,24,6480,6,TRUE,135,18,FALSE
1384517120290936732,Twin room,686218657,,,,,Outram,Central Region,1.2837871,103.8445143,Room in hotel,Private room,2,1,1,2,270,1,731,18,42,72,217,7,7,10-07-2025,13-05-2026,4.43,4.43,4.57,4.71,4.43,4.86,4,0.59,42,11340,6,TRUE,135,18,FALSE
1384517182849252537,Deluxe double,686218657,,,,,Outram,Central Region,1.2837871,103.8445143,Room in hotel,Private room,2,1,1,2,321.3,1,731,27,56,86,235,5,5,11-07-2025,23-03-2026,3.2,3.6,3.2,4.6,4.4,4.2,2.8,0.42,30,9639,6,TRUE,160.65,18,FALSE
1384517254369762689,Studio plus,686218657,,,,,Outram,Central Region,1.2837871,103.8445143,Room in hotel,Private room,3,1,1,3,270,1,731,24,54,84,234,1,1,05-06-2026,05-06-2026,2,4,2,5,5,5,2,1,6,1620,6,TRUE,90,18,FALSE
1384517330327975627,Family plus,686218657,,,,,Outram,Central Region,1.28379,103.84451,Room in hotel,Private room,4,1,1,4,261.8,1,731,10,26,55,196,1,1,18-05-2026,18-05-2026,5,5,4,5,5,5,4,0.65,6,1571,6,TRUE,65.45,18,FALSE
1384517350667720107,Loft room,686218657,,,,,Outram,Central Region,1.2837871,103.8445143,Room in hotel,Private room,5,1,1,5,270,1,731,17,36,66,207,2,2,05-01-2026,06-04-2026,4,4,4,4.5,4.5,4.5,4,0.34,12,3240,6,TRUE,54,18,FALSE
1385119706478676480,"4-BR House, The Keystone at Bukit Timah, Near MRT",684026224,Roselle,FALSE,7,TRUE,Queenstown,Central Region,1.3080761323903358,103.79952646408616,Entire home,Entire home/apt,6,1,4,6,100.51,92,180,26,56,86,177,0,0,,,,,,,,,,,0,0,1,FALSE,16.75166666666667,20,FALSE
1385260149120006056,"Serviced apt, 2-bedrm Suite, 2 queen beds, sleep 4",396588956,Weave Living Singapore,TRUE,4,FALSE,Rochor,Central Region,1.3022928,103.8497956,Entire serviced apartment,Entire home/apt,5,1,2,2,500,6,365,0,0,0,257,4,4,03-07-2025,05-10-2025,4.75,4.25,4.75,5,4.5,4.5,4,0.33,48,24000,4,TRUE,100,18,FALSE
1385268057402211587,"Serviced apt, Premium Suite - 1 bed, Weave Suites",396588956,Weave Living Singapore,TRUE,4,FALSE,Rochor,Central Region,1.3022928,103.8497956,Entire serviced apartment,Entire home/apt,2,1,1,1,250,6,365,0,0,0,257,1,1,28-07-2025,28-07-2025,5,5,5,5,5,5,5,0.09,12,3000,4,TRUE,125,19,FALSE
1385270767333358854,"Serviced apt, Junior Suite, 1 bed, Weave Suites",396588956,Weave Living Singapore,TRUE,4,FALSE,Rochor,Central Region,1.3022928,103.8497956,Entire serviced apartment,Entire home/apt,2,1,1,1,360,6,365,0,0,0,257,2,2,21-07-2025,01-08-2025,4.5,4.5,5,5,4,5,4,0.17,24,8640,4,TRUE,180,17,FALSE
1387408042593557128,绿叶,125437217,Yiqi,FALSE,4,TRUE,Choa Chu Kang,West Region,1.3871849,103.743448,Private room in rental unit,Private room,2,0.5,1,1,80.89,18,365,28,46,67,342,2,2,17-08-2025,16-10-2025,5,4.5,4.5,4.5,5,5,5,0.19,72,5824,4,TRUE,40.445,8,FALSE
1389533190215593188,2 bedroom Apartment for short stays,238891646,Neha,FALSE,131,TRUE,Bukit Merah,Central Region,1.28899,103.83077,Entire rental unit,Entire home/apt,6,3,2,3,637.17,6,365,28,58,88,357,1,1,21-07-2025,21-07-2025,5,4,5,5,5,5,5,0.09,12,7646,131,TRUE,106.195,9,FALSE
1389533380938994137,"3 Bedroom Apartment for Short Stay, near MRT",238891646,Neha,FALSE,131,TRUE,Bukit Merah,Central Region,1.287063611017602,103.83260582401655,Entire rental unit,Entire home/apt,6,3,3,3,884.5,6,365,28,50,80,355,0,0,,,,,,,,,,,0,0,131,FALSE,147.41666666666666,17,FALSE
1389533764785534395,Studio with all amenities,238891646,Neha,FALSE,131,TRUE,Novena,Central Region,1.32312,103.85345,Entire rental unit,Entire home/apt,2,1,1,2,71.62,90,365,29,59,89,364,0,0,,,,,,,,,,,0,0,131,FALSE,35.81,7,FALSE
1389555349122253966,Deluxe queen,682681675,Hotel 1900 @ Chinatown,FALSE,6,FALSE,Outram,Central Region,1.2842078,103.8443301,Room in hotel,Private room,2,1,1,2,205.02,1,28,29,59,89,364,0,0,,,,,,,,,,,0,0,4,FALSE,102.51,18,FALSE
1389555545649167126,Executive queen,682681675,Hotel 1900 @ Chinatown,FALSE,6,FALSE,Outram,Central Region,1.2842078,103.8443301,Room in hotel,Private room,2,1,1,2,205.02,1,28,29,59,89,364,0,0,,,,,,,,,,,0,0,4,FALSE,102.51,18,FALSE
1389555577264266082,Executive twin,682681675,Hotel 1900 @ Chinatown,FALSE,6,FALSE,Outram,Central Region,1.2842078,103.8443301,Room in hotel,Private room,2,1,1,2,205.02,1,731,29,59,89,364,0,0,,,,,,,,,,,0,0,4,FALSE,102.51,18,FALSE
1389555753330220978,Premier queen,682681675,Hotel 1900 @ Chinatown,FALSE,6,FALSE,Outram,Central Region,1.2842078,103.8443301,Room in hotel,Private room,2,1,1,2,205.02,1,731,28,58,88,363,0,0,,,,,,,,,,,0,0,4,FALSE,102.51,18,FALSE
1389719015076838891,Hotel Room in Singapore - Near City (NEW!),687512818,Shiying,FALSE,4,TRUE,Bukit Merah,Central Region,1.28403,103.83528,Room in hotel,Private room,2,1,1,1,185,1,365,17,40,70,276,6,3,08-04-2025,08-01-2026,4.33,4.5,4.5,4.5,3.83,4.5,4.5,0.4,18,3330,4,TRUE,92.5,10,FALSE
1390345756341834102,Newly Reno Standard Deluxe Rm,687512818,Shiying,FALSE,4,TRUE,Bukit Merah,Central Region,1.2850804,103.8348471,Room in hotel,Private room,2,1,1,1,165,1,365,14,33,52,246,15,11,18-04-2025,03-05-2026,4.6,4.73,4.8,4.67,4.53,4.73,4.67,1.03,66,10890,4,TRUE,82.5,10,FALSE
1390353923592624142,Newly Reno Premier Room - City,687512818,Shiying,FALSE,4,TRUE,Bukit Merah,Central Region,1.2850804,103.8348471,Room in hotel,Private room,2,1,1,1,200,1,365,12,33,59,262,2,1,20-04-2025,28-01-2026,5,5,5,5,5,5,5,0.14,6,1200,4,TRUE,100,8,FALSE
1390398593776950959,Hotel Room in Singapore (New!),687512818,Shiying,FALSE,4,TRUE,Bukit Merah,Central Region,1.2850804,103.8348471,Room in hotel,Private room,1,1,1,1,150,1,365,4,13,23,196,7,6,14-04-2025,11-01-2026,4.43,4.29,4.57,4.43,3.43,4.71,4.29,0.48,36,5400,4,TRUE,150,9,FALSE
1392148613575129474,NEW Comfy Studio Apt/WIFI @ Somerset/Orchard Area,109333133,Pat,FALSE,73,TRUE,River Valley,Central Region,1.294502800698246,103.8394189309016,Entire serviced apartment,Entire home/apt,3,1,1,1,221.24,6,365,13,43,73,241,0,0,,,,,,,,,,,0,0,73,FALSE,73.74666666666667,25,FALSE
1392148686970639468,NEW Comfy City Studio Apt @ Somerset/Orchard Area,109333133,Pat,FALSE,73,TRUE,River Valley,Central Region,1.29467,103.83934,Entire serviced apartment,Entire home/apt,5,1,1,1,242.54,6,365,19,49,79,337,0,0,,,,,,,,,,,0,0,73,FALSE,48.507999999999996,25,FALSE
1392148704106506499,NEW City Cozy 2 Bedroom Apt @Somerset/Orchard Area,109333133,Pat,FALSE,73,TRUE,River Valley,Central Region,1.2948477877332043,103.83804063237532,Entire rental unit,Entire home/apt,5,1,2,2,391.65,1,365,0,23,53,304,0,0,,,,,,,,,,,0,0,73,FALSE,78.33,26,FALSE
1392148773251865672,NEW Cozy Family 2 Bedroom Apt-Somerset/OrchardArea,109333133,Pat,FALSE,73,TRUE,River Valley,Central Region,1.29502,103.83993,Entire rental unit,Entire home/apt,6,1,2,2,439.99,1,365,4,31,61,317,2,2,04-01-2026,18-01-2026,4.5,4.5,5,5,5,4.5,4.5,0.34,12,5280,73,TRUE,73.33166666666666,27,FALSE
1392148789827415746,NEW Cozy 2-Beds Loft Studio @Somerset/Orchard Area,109333133,Pat,FALSE,73,TRUE,River Valley,Central Region,1.29512,103.83794,Entire serviced apartment,Entire home/apt,5,1,1,2,346,1,365,21,51,81,257,1,0,03-05-2025,03-05-2025,5,5,5,4,5,5,5,0.07,0,0,73,TRUE,69.2,26,FALSE
1392149550331600019,NEW Central Cozy Studio Apt @Somerset/Orchard Area,109333133,Pat,FALSE,73,TRUE,River Valley,Central Region,1.29633,103.83783,Entire serviced apartment,Entire home/apt,3,1,1,1,190.81,1,365,13,43,73,340,0,0,,,,,,,,,,,0,0,73,FALSE,63.60333333333333,26,FALSE
1392151577179266942,New Cozy Family 2Bedroom Apt@ Somerset/OrchardArea,10248444,Recr,FALSE,64,TRUE,River Valley,Central Region,1.29632,103.83978,Entire serviced apartment,Entire home/apt,5,1,2,2,409.91,1,365,0,18,48,301,0,0,,,,,,,,,,,0,0,64,FALSE,81.982,27,FALSE
1392151662629487231,New City Cozy 2 Rooms Studio-Somerset/Orchard Area,10248444,Recr,FALSE,64,TRUE,River Valley,Central Region,1.2968477787430543,103.8387498423072,Entire serviced apartment,Entire home/apt,6,2,2,2,391.65,1,365,11,35,65,316,0,0,,,,,,,,,,,0,0,64,FALSE,65.27499999999999,26,FALSE
1392151717752643368,NewCozy-Family 2 Rooms Studio-Somerset/OrchardArea,10248444,Recr,FALSE,64,TRUE,River Valley,Central Region,1.29487,103.83846,Entire serviced apartment,Entire home/apt,6,2,2,2,409.91,1,365,10,40,67,228,0,0,,,,,,,,,,,0,0,64,FALSE,68.31833333333334,26,FALSE
1392151868622174176,New City Cozy 2 QB Studio @ Somerset/Orchard Area,10248444,Recr,FALSE,64,TRUE,River Valley,Central Region,1.2961569394729393,103.84002148241116,Entire serviced apartment,Entire home/apt,5,1,1,2,286.62,1,365,13,43,73,334,1,1,04-01-2026,04-01-2026,3,3,3,5,5,5,4,0.17,6,1720,64,TRUE,57.324,27,FALSE
1392153297395968123,NEW City Comfy Studio/Balcony-Somerset/OrchardArea,46685310,Yyin,FALSE,71,TRUE,River Valley,Central Region,1.29537,103.83801,Entire serviced apartment,Entire home/apt,3,1,1,1,224.52,6,365,25,55,85,343,0,0,,,,,,,,,,,0,0,71,FALSE,74.84,25,FALSE
1392153315037867973,NEW CityAccessible Studio Apt-Somerset/OrchardArea,46685310,Yyin,FALSE,71,TRUE,River Valley,Central Region,1.29456,103.83997,Entire serviced apartment,Entire home/apt,4,1,1,1,221.24,6,365,25,55,85,343,0,0,,,,,,,,,,,0,0,71,FALSE,55.31,26,FALSE
1392153331661690368,NEW Cozy 2Bedroom Apt/Balcony-Somerset/OrchardArea,46685310,Yyin,FALSE,71,TRUE,River Valley,Central Region,1.2968421320923722,103.83997207198776,Entire serviced apartment,Entire home/apt,6,1,2,2,420.82,1,365,4,31,61,312,0,0,,,,,,,,,,,0,0,71,FALSE,70.13666666666667,27,FALSE
1392153345386236146,NEW Comfy 2 Beds Studio Ap @ Somerset/Orchard Area,46685310,Yyin,FALSE,71,TRUE,River Valley,Central Region,1.2947639963715092,103.83798235810109,Entire serviced apartment,Entire home/apt,6,1,1,2,314.78,6,365,19,49,79,337,1,1,16-07-2025,16-07-2025,5,5,5,5,5,5,5,0.09,12,3777,71,TRUE,52.46333333333333,27,FALSE
1392153359825575807,NEW City Deluxe 2QB Studio Apt-Somerset/Orch. Area,46685310,Yyin,FALSE,71,TRUE,River Valley,Central Region,1.29541,103.83989,Entire serviced apartment,Entire home/apt,6,1,1,2,282.1,1,365,20,50,80,342,0,0,,,,,,,,,,,0,0,71,FALSE,47.01666666666667,27,FALSE
1392153374407651931,NEW City Family Loft Studio @Somerset/Orchard Area,46685310,Yyin,FALSE,71,TRUE,River Valley,Central Region,1.2964139510176131,103.8399015148884,Entire serviced apartment,Entire home/apt,6,1,1,2,309.49,1,365,9,39,69,325,0,0,,,,,,,,,,,0,0,71,FALSE,51.58166666666667,27,FALSE
1393815845515717275,"Concorde Hotel Singapore, Deluxe Balcony",686036051,Concorde Hotel Singapore,FALSE,5,TRUE,Orchard,Central Region,1.30087,103.84273,Room in hotel,Private room,2,1,1,2,270,1,731,20,50,80,353,0,0,,,,,,,,,,,0,0,3,FALSE,135,24,FALSE
1393816015853819977,"Concorde Hotel Singapore, Deluxe Plus",686036051,Concorde Hotel Singapore,FALSE,5,TRUE,Orchard,Central Region,1.30087,103.84273,Room in hotel,Private room,2,1,1,2,290,1,731,20,20,20,204,2,2,26-07-2025,12-09-2025,4.5,5,5,5,5,5,4.5,0.18,12,3480,3,TRUE,145,24,FALSE
1393816157690439133,"Concorde Hotel Singapore, Premier suite",686036051,Concorde Hotel Singapore,FALSE,5,TRUE,Orchard,Central Region,1.30087,103.84273,Room in hotel,Private room,2,1,1,2,300,1,731,0,0,0,186,1,0,30-05-2025,30-05-2025,5,5,5,5,5,5,5,0.08,0,0,3,TRUE,150,24,FALSE
1394011202184529982,"Park Avenue Hotel Rochester, Two bedroom suite",683427647,Park Avenue Hotel Rochester,FALSE,5,TRUE,Queenstown,Central Region,1.30508,103.78889,Room in hotel,Private room,4,1,1,4,241.6,1,731,3,23,53,296,1,1,05-10-2025,05-10-2025,3,4,3,5,1,5,2,0.11,6,1450,2,TRUE,60.4,25,FALSE
1394663161241144864,Victoria Loft Tatami (No Window),23336011,Heritage,TRUE,82,TRUE,Rochor,Central Region,1.3046916,103.8602312,Room in hotel,Private room,1,1,1,1,105,2,365,23,53,80,352,9,7,17-05-2025,10-05-2026,4.89,4.89,5,4.78,5,4.89,4.78,0.66,42,4410,71,TRUE,105,20,FALSE
1394666324163765911,Victoria Garden Studio Deluxe,23336011,Heritage,TRUE,82,TRUE,Rochor,Central Region,1.3046916,103.8602312,Room in hotel,Private room,2,1,1,1,202.5,1,365,10,32,52,319,5,3,08-05-2025,25-03-2026,4.8,4.6,5,4.8,5,4.8,5,0.36,18,3645,71,TRUE,101.25,23,FALSE
1394668105843170013,Victoria Studio Queen (No Window),23336011,Heritage,TRUE,82,TRUE,Rochor,Central Region,1.30391,103.85965,Room in hotel,Private room,2,1,1,1,123.5,1,365,23,53,83,358,44,24,20-04-2025,02-05-2026,4.82,4.82,4.93,4.77,4.98,4.86,4.75,3.03,144,17784,71,TRUE,61.75,21,FALSE
1394672684089862075,Victoria Loft,23336011,Heritage,TRUE,82,TRUE,Rochor,Central Region,1.303668936935502,103.86090614567534,Room in hotel,Private room,2,1,1,1,141,1,365,23,51,81,353,3,2,03-06-2025,19-04-2026,5,5,5,5,5,5,4.67,0.23,12,1692,71,TRUE,70.5,20,FALSE
1394674779172785540,Victoria Loft Deluxe,23336011,Heritage,TRUE,82,TRUE,Rochor,Central Region,1.3046916,103.8602312,Room in hotel,Private room,2,1,1,1,181.5,1,365,12,35,61,336,4,3,02-05-2025,14-02-2026,4.75,5,5,4.5,5,5,5,0.28,18,3267,71,TRUE,90.75,23,FALSE
1394676781618687980,Victoria Garden Studio Queen,23336011,Heritage,TRUE,82,TRUE,Rochor,Central Region,1.3046916,103.8602312,Room in hotel,Private room,2,1,1,1,155,1,365,22,50,80,355,0,0,,,,,,,,,,,0,0,71,FALSE,77.5,23,FALSE
1394685914976279457,Superior twin,681097770,,,,,Rochor,Central Region,1.30379,103.85405,Room in hotel,Private room,2,1,1,2,114.44,1,731,28,58,88,347,1,0,29-06-2025,29-06-2025,4,4,4,4,2,4,4,0.08,0,0,1,TRUE,57.22,16,FALSE
1394703026056897458,"H81 Palace, Standard twin",682064225,,,,,Geylang,Central Region,1.31182,103.88012,Room in hotel,Private room,2,1,1,2,96.17,1,731,28,58,88,357,37,37,30-07-2025,26-06-2026,4.54,4.76,4.73,4.81,4.65,4.38,4.54,3.28,222,21350,1,TRUE,48.085,16,FALSE
1394718168318325975,"H81 Dickson, Standard twin (no window) room",681098024,H81 Dickson,FALSE,4,TRUE,Rochor,Central Region,1.30493,103.85419,Room in hotel,Private room,2,1,1,2,104.83,1,731,24,54,84,353,7,4,12-05-2025,20-04-2026,3.71,3.71,3.29,4.71,4.57,4.14,3.71,0.5,24,2516,2,TRUE,52.415,17,FALSE
1394718303985146727,"H81 Dickson, Superior twin room",681098024,H81 Dickson,FALSE,4,TRUE,Rochor,Central Region,1.3049319,103.8541938,Room in hotel,Private room,2,1,1,2,104.83,1,731,15,45,68,334,3,3,16-07-2025,13-10-2025,2.33,3,2.67,4.67,2.67,3.67,3,0.26,18,1887,2,TRUE,52.415,17,FALSE
1394729670288507976,Deluxe queen,682063631,,,,,Geylang,Central Region,1.31151,103.88092,Room in hotel,Private room,2,1,1,2,100.98,1,731,29,59,89,358,7,3,25-04-2025,23-05-2026,4,3.86,4.14,4,4.14,3.71,3.57,0.48,18,1818,2,TRUE,50.49,16,FALSE
1394730017816587571,"H81 Star, Superior twin",682063631,,,,,Geylang,Central Region,1.31151,103.88092,Room in hotel,Private room,2,1,1,2,100.98,1,731,29,57,87,355,7,5,25-04-2025,14-05-2026,4.29,4.29,3.86,4.43,4.29,3.57,3.71,0.48,30,3029,2,TRUE,50.49,16,FALSE
1394950639340453150,Standard queen,682064636,H81 Geylang,FALSE,2,TRUE,Geylang,Central Region,1.31179,103.87957,Room in hotel,Private room,2,1,1,2,91.36,1,731,29,59,86,334,8,8,24-07-2025,18-01-2026,3.38,3.13,3.13,4,3.5,3.13,3.25,0.7,48,4385,1,TRUE,45.68,17,FALSE
1394962519754001306,Deluxe queen,682064934,H81 Premier Princess,FALSE,3,TRUE,Geylang,Central Region,1.31102,103.87862,Room in hotel,Private room,2,1,1,2,84.22,1,731,29,59,89,352,23,23,30-08-2025,16-06-2026,4.35,4.39,4.39,4.65,4.57,4.22,4.09,2.25,138,11622,1,TRUE,42.11,16,FALSE
1394978222407595971,"H81 Elegance, Superior queen room",682065677,,,,,Kallang,Central Region,1.3124383,103.8603487,Room in hotel,Private room,2,1,1,2,95.21,1,731,29,59,89,359,5,3,24-04-2025,10-05-2026,2.8,3.4,3,4.6,4.2,4.2,2.8,0.34,18,1714,2,TRUE,47.605,17,FALSE
1394978222532285405,"H81 Elegance, Standard queen no window room",682065677,,,,,Kallang,Central Region,1.3124383,103.8603487,Room in hotel,Private room,2,1,1,2,95.21,1,731,29,58,87,333,3,1,20-04-2025,07-05-2026,3.67,3.67,4,5,4.67,4.67,4,0.21,6,571,2,TRUE,47.605,17,FALSE
1394994541926381500,Superior twin room,682065783,,,,,Geylang,Central Region,1.31186,103.88149,Room in hotel,Private room,2,1,1,2,110.6,1,731,18,44,73,322,0,0,,,,,,,,,,,0,0,3,FALSE,55.3,18,FALSE
1395266638965542022,"H81 Hollywood, Superior twin room",682066249,H81 Premier Hollywood,FALSE,3,TRUE,Geylang,Central Region,1.31005,103.87745,Room in hotel,Private room,2,1,1,2,76.94,1,731,23,53,83,340,7,3,23-04-2025,01-06-2026,3.14,3.43,3.43,4.14,2.71,3.43,3,0.48,18,1385,1,TRUE,38.47,19,FALSE
1395290908470644662,Superior queen room,682067092,,,,,Geylang,Central Region,1.31119,103.87728,Room in hotel,Private room,2,1,1,2,110.6,1,731,29,59,89,356,4,3,23-05-2025,04-05-2026,3.25,3,3.5,3.75,3.25,3.75,3,0.3,18,1991,1,TRUE,55.3,19,FALSE
1395356257809757923,"H81 Gold, Deluxe queen",682067500,,,,,Geylang,Central Region,1.3119524,103.8811103,Room in hotel,Private room,2,1,1,2,110.6,1,731,29,59,83,342,0,0,,,,,,,,,,,0,0,2,FALSE,55.3,16,FALSE
1395356463499026620,Superior twin room,682067500,,,,,Geylang,Central Region,1.31195,103.88111,Room in hotel,Private room,2,1,1,2,110.6,1,731,22,43,73,330,17,13,30-05-2025,17-02-2026,4.29,4.41,4.65,4.76,4.47,4.06,4.24,1.28,78,8627,2,TRUE,55.3,18,FALSE
1395368597999498098,Deluxe queen,682067680,H81 Heritage,FALSE,3,TRUE,Rochor,Central Region,1.3027,103.86125,Room in hotel,Private room,2,1,1,2,114.44,1,731,29,59,89,357,3,3,21-07-2025,02-01-2026,3,3.33,3.67,4.33,4,4.67,2.67,0.26,18,2060,2,TRUE,57.22,17,FALSE
1395368831543178081,Superior twin,682067680,H81 Heritage,FALSE,3,TRUE,Rochor,Central Region,1.3027,103.86125,Room in hotel,Private room,2,1,1,2,114.44,1,731,29,59,89,353,8,6,13-06-2025,28-05-2026,3.5,3.25,3.5,4.88,4.38,4.63,3.13,0.62,36,4120,2,TRUE,57.22,17,FALSE
1395380707145055435,"H81 Changi, Superior twin",682068156,,,,,Bedok,East Region,1.3187311,103.9117283,Room in hotel,Private room,2,1,1,2,104.83,1,731,11,39,66,311,7,6,14-06-2025,03-05-2026,4.71,4.71,4.43,5,5,4.71,4.86,0.55,36,3774,1,TRUE,52.415,18,FALSE
1395549728335595026,Standard Twin Hotel Room in Little India,554949756,Front,FALSE,6,TRUE,Rochor,Central Region,1.309563239350514,103.8522895898716,Room in hotel,Private room,2,0.5,1,1,122,1,365,27,55,85,352,3,3,09-08-2025,03-01-2026,3.33,3.33,4,4.33,4,3.33,3,0.28,18,2196,6,TRUE,61,30,FALSE
1395554513685532459,Superior Twin Hotel Room in Little india,554949756,Front,FALSE,6,TRUE,Rochor,Central Region,1.31038,103.85295,Room in hotel,Private room,2,1,1,2,131,1,365,14,37,64,333,1,1,14-10-2025,14-10-2025,4,4,4,4,5,4,4,0.12,6,786,6,TRUE,65.5,30,FALSE
1395874993355080426,Master Room in the East,15887315,Andreas,FALSE,1,TRUE,Bedok,East Region,1.3168509146191585,103.93957527361322,Private room in home,Private room,2,1,1,2,36.04,92,365,29,59,89,364,0,0,,,,,,,,,,,0,0,1,FALSE,18.02,8,FALSE
1396044501273984023,New City Cozy Studio w Balcony-Somerset/Orch. Area,404487343,OngRR,FALSE,45,TRUE,River Valley,Central Region,1.296720150112502,103.83795198440296,Entire serviced apartment,Entire home/apt,3,1,1,1,209.07,1,365,25,55,85,351,0,0,,,,,,,,,,,0,0,43,FALSE,69.69,27,FALSE
1396044532206420809,New Comfy Family 2QB Studio -Somerset/Orchard Area,404487343,OngRR,FALSE,45,TRUE,River Valley,Central Region,1.2968332359673531,103.8397807469839,Entire serviced apartment,Entire home/apt,6,1,1,2,328,1,365,20,50,80,346,0,0,,,,,,,,,,,0,0,43,FALSE,54.666666666666664,27,FALSE
1396044548891688230,NEW City Comfy Loft Studio @ Somerset/Orchard Area,404487343,OngRR,FALSE,45,TRUE,River Valley,Central Region,1.29486,103.83965,Entire serviced apartment,Entire home/apt,5,1,1,2,282.1,1,365,21,51,81,346,0,0,,,,,,,,,,,0,0,43,FALSE,56.42,26,FALSE
1396044564624327572,New Comfy 2 Rooms Studio Apt@ Somerset/OrchardArea,404487343,OngRR,FALSE,45,TRUE,River Valley,Central Region,1.29665,103.8396,Entire serviced apartment,Entire home/apt,6,1,2,2,431.21,6,365,20,47,77,329,0,0,,,,,,,,,,,0,0,43,FALSE,71.86833333333333,25,FALSE
1396044734916549085,New Cozy 2 Beds Loft Studio -Somerset/Orchard Area,61619807,Ong,FALSE,61,FALSE,River Valley,Central Region,1.2945503448526066,103.84018796178398,Entire serviced apartment,Entire home/apt,6,1,1,2,320.06,1,365,10,38,68,324,0,0,,,,,,,,,,,0,0,60,FALSE,53.343333333333334,27,FALSE
1396044756452122365,New Cozy 2 BR Apartment @ Somerset/Orchard Area,61619807,Ong,FALSE,61,FALSE,River Valley,Central Region,1.2964583980791105,103.83784544799414,Entire serviced apartment,Entire home/apt,5,1,2,2,423.71,6,365,0,23,53,304,2,1,30-05-2025,31-08-2025,5,4,4.5,4.5,4.5,3.5,4,0.15,12,5085,60,TRUE,84.74199999999999,26,FALSE
1396044810040567529,New Cozy 2QB Loft Studio Apt @Somerset/OrchardArea,61619807,Ong,FALSE,61,FALSE,River Valley,Central Region,1.2968666752543534,103.84003271620412,Entire serviced apartment,Entire home/apt,5,1,1,2,272.97,1,365,21,51,81,345,0,0,,,,,,,,,,,0,0,60,FALSE,54.59400000000001,27,FALSE
1396044823884819892,New Cozy Studio APT/ WIFI @ Somerset/Orchard Area,61619807,Ong,FALSE,61,FALSE,River Valley,Central Region,1.294529076496471,103.83850890401334,Entire serviced apartment,Entire home/apt,6,1,1,2,282.1,1,365,7,35,65,321,0,0,,,,,,,,,,,0,0,60,FALSE,47.01666666666667,26,FALSE
1396044837231024263,New Cozy 2 Beds  Studio Apt -Somerset/Orchard Area,61619807,Ong,FALSE,61,FALSE,River Valley,Central Region,1.2951097637518745,103.84011182840052,Entire serviced apartment,Entire home/apt,6,1,1,2,306.44,6,365,19,49,79,337,0,0,,,,,,,,,,,0,0,60,FALSE,51.07333333333333,27,FALSE
1399036097376331536,"Value Hotel Nice, Standard twin (no window) room",689920722,Value Hotel Nice,FALSE,4,TRUE,Novena,Central Region,1.3234571,103.8524366,Room in hotel,Private room,2,1,1,2,91.75,1,731,21,49,74,321,2,2,03-10-2025,02-06-2026,4,3.5,3.5,4,3,3.5,3,0.22,12,1101,1,TRUE,45.875,18,FALSE
1399039581103428109,"Value Hotel Balestier, Standard twin",689920810,,,,,Novena,Central Region,1.3214151,103.8533154,Room in hotel,Private room,2,1,1,2,73.4,1,731,21,49,79,344,14,10,15-05-2025,18-05-2026,3.71,3.93,3.79,4.71,4.21,4.36,3.36,1.01,60,4404,4,TRUE,36.7,20,FALSE
1399039655627705224,"Value Hotel Balestier, Superior queen",689920810,,,,,Novena,Central Region,1.3214151,103.8533154,Room in hotel,Private room,2,1,1,2,104.26,1,731,28,58,88,352,10,8,04-05-2025,28-11-2025,3.9,3.7,3.3,4.4,4.1,4.1,3.8,0.71,48,5004,4,TRUE,52.13,20,FALSE
1399039657808453221,"Value Hotel Balestier, Superior plus",689920810,,,,,Novena,Central Region,1.3214151,103.8533154,Room in hotel,Private room,3,1,1,3,73.4,1,731,16,38,66,325,3,3,06-05-2026,16-05-2026,3,3.33,3.33,3.33,1,4.33,3,1.55,18,1321,4,TRUE,24.46666666666667,20,FALSE
1399039731157764974,"Value Hotel Balestier, Deluxe queen",689920810,,,,,Novena,Central Region,1.3214151,103.8533154,Room in hotel,Private room,3,1,1,3,104.26,1,731,18,29,56,316,4,4,12-08-2025,28-04-2026,4,4,4,4.75,4.25,4,3.75,0.37,24,2502,4,TRUE,34.75333333333334,20,FALSE
1399041943815693360,"4-BR House Holland Village,5 mins to amenities",3951127,Sue,FALSE,6,TRUE,Queenstown,Central Region,1.307772034277712,103.79672762717868,Entire home,Entire home/apt,6,2,4,4,143.83,30,120,22,27,27,237,1,1,20-09-2025,20-09-2025,5,5,4,5,5,5,4,0.11,60,8630,6,TRUE,23.971666666666668,24,FALSE
1399907300112192633,Premier One Bedroom with balcony in Novena LIV,24496358,Katherine,TRUE,53,TRUE,Novena,Central Region,1.3184258,103.8477196,Entire rental unit,Entire home/apt,3,1,1,1,300.83,6,365,12,42,72,339,5,5,27-07-2025,03-04-2026,5,5,5,5,5,4.8,4.8,0.44,60,18050,53,TRUE,100.27666666666666,40,FALSE
1399935510733567753,Premier King Studio with pool in Novena LIV,24496358,Katherine,TRUE,53,TRUE,Novena,Central Region,1.3179643093517317,103.8488679293374,Entire rental unit,Entire home/apt,3,1,1,1,251.17,6,365,15,35,65,340,11,11,16-08-2025,07-06-2026,5,5,4.91,5,5,4.91,5,1.04,132,33154,53,TRUE,83.72333333333333,42,FALSE
1399959549412763631,Executive one bedroom with balcony in Novena LIV,24496358,Katherine,TRUE,53,TRUE,Novena,Central Region,1.31776,103.84666,Entire rental unit,Entire home/apt,3,1,1,1,367.17,6,365,0,0,0,270,0,0,,,,,,,,,,,0,0,53,FALSE,122.39,41,FALSE
1399978938884748165,Deluxe King studio with pool in Novena LIV,24496358,Katherine,TRUE,53,TRUE,Novena,Central Region,1.3180228791504704,103.8489071794314,Entire rental unit,Entire home/apt,3,1,1,1,277.67,6,365,7,36,66,341,2,2,02-09-2025,23-10-2025,5,5,5,5,5,5,5,0.2,24,6664,53,TRUE,92.55666666666667,42,FALSE
1400368904972209814,New Comfy Room Suite/WIFI @ Somerset/OrchardArea,61619807,Ong,FALSE,61,FALSE,River Valley,Central Region,1.29481,103.83821,Private room in serviced apartment,Private room,4,1,1,1,166.46,6,365,13,43,73,332,2,2,31-08-2025,28-12-2025,2.5,3,4,3,4,4,3.5,0.2,24,3995,60,TRUE,41.615,21,FALSE
1400368922117711229,New Family Cozy 2 Bedroom Apt-Somerset/OrchardArea,61619807,Ong,FALSE,61,FALSE,River Valley,Central Region,1.2962,103.83785,Entire serviced apartment,Entire home/apt,6,1,2,2,422.08,6,365,4,31,61,312,0,0,,,,,,,,,,,0,0,60,FALSE,70.34666666666666,26,FALSE
1400368938510623415,Easy Access City Room Suite@ Somerset/Orchard Area,61619807,Ong,FALSE,61,FALSE,River Valley,Central Region,1.29513,103.84038,Private room in serviced apartment,Private room,2,1,1,1,157.33,6,365,9,39,69,325,1,0,25-05-2025,25-05-2025,5,5,5,5,5,5,5,0.07,0,0,60,TRUE,78.665,22,FALSE
1400368955811311990,City Comfy Room Suite/WIFI @ Somerset/Orchard Area,61619807,Ong,FALSE,61,FALSE,River Valley,Central Region,1.29469,103.84005,Private room in serviced apartment,Private room,3,1,1,1,163.42,6,365,9,39,69,325,0,0,,,,,,,,,,,0,0,60,FALSE,54.47333333333333,22,FALSE
1400369442098912574,New Comfy Room Suite /WIFI @ Somerset/Orchard Area,10248444,Recr,FALSE,64,TRUE,River Valley,Central Region,1.294661604597161,103.83858386939956,Private room in serviced apartment,Private room,3,1,1,1,169.5,6,365,25,55,85,343,0,0,,,,,,,,,,,0,0,64,FALSE,56.5,22,FALSE
1400369457892465786,New City Cozy Room Suite @ Somerset/Orchard Area,10248444,Recr,FALSE,64,TRUE,River Valley,Central Region,1.29656,103.83946,Private room in serviced apartment,Private room,2,1,1,1,158.12,6,365,0,13,43,301,1,1,04-12-2025,04-12-2025,5,5,5,5,5,5,5,0.14,12,1897,64,TRUE,79.06,22,FALSE
1400369488724886214,City Cozy Room Suite /WIFI @ Somerset/Orchard Area,10248444,Recr,FALSE,64,TRUE,River Valley,Central Region,1.29478,103.84078,Private room in serviced apartment,Private room,3,1,1,1,169.5,6,365,9,39,69,327,0,0,,,,,,,,,,,0,0,64,FALSE,56.5,25,FALSE
1400369512502657848,New Easy Access Room Suite @ Somerset/Orchard Area,46685310,Yyin,FALSE,71,TRUE,River Valley,Central Region,1.2949643918992348,103.83815886574004,Private room in serviced apartment,Private room,3,1,1,1,157.33,6,365,25,55,85,345,1,1,26-07-2025,26-07-2025,5,5,5,5,5,5,5,0.09,12,1888,71,TRUE,52.443333333333335,22,FALSE
1400369529487210815,New City Cozy Room Suite/WIFI-Somerset/OrchardArea,46685310,Yyin,FALSE,71,TRUE,River Valley,Central Region,1.2953855557117109,103.84015768041732,Private room in serviced apartment,Private room,2,1,1,1,157.33,6,365,9,39,69,327,0,0,,,,,,,,,,,0,0,71,FALSE,78.665,22,FALSE
1400369544428124610,Easy Access Cozy Room Suite-Somerset/Orchard Area,46685310,Yyin,FALSE,71,TRUE,River Valley,Central Region,1.296512155,103.83885808048622,Private room in serviced apartment,Private room,2,1,1,1,148.2,6,365,9,39,69,325,1,1,11-07-2025,11-07-2025,5,5,5,5,5,5,5,0.08,12,1778,71,TRUE,74.1,22,FALSE
1400369559177788799,City Compact Cozy Room Suite-Somerset/Orchard Area,46685310,Yyin,FALSE,71,TRUE,River Valley,Central Region,1.29525,103.83853,Private room in serviced apartment,Private room,3,1,1,1,157.33,6,365,9,39,69,325,0,0,,,,,,,,,,,0,0,71,FALSE,52.443333333333335,22,FALSE
1400369768072606413,Easy Access Comfy Room Suite-Somerset/Orchard Area,109333133,Pat,FALSE,73,TRUE,River Valley,Central Region,1.29553,103.83855,Private room in serviced apartment,Private room,2,1,1,1,139.93,6,365,9,39,63,321,1,1,12-05-2026,12-05-2026,5,5,5,5,5,5,5,0.61,12,1679,73,TRUE,69.965,22,FALSE
1400369781767830177,New Cozy 2 Bedroom Apt/WIFI@ Somerset/Orchard Area,109333133,Pat,FALSE,73,TRUE,River Valley,Central Region,1.29617,103.83809,Entire serviced apartment,Entire home/apt,6,1,2,2,422.08,6,365,4,31,61,312,0,0,,,,,,,,,,,0,0,73,FALSE,70.34666666666666,27,FALSE
1400369795776805538,New City Comfy Room Suite @ Somerset/Orchard Area,109333133,Pat,FALSE,73,TRUE,River Valley,Central Region,1.296514985132729,103.83799557345154,Private room in serviced apartment,Private room,4,1,1,1,164.94,6,365,13,43,73,331,0,0,,,,,,,,,,,0,0,73,FALSE,41.235,22,FALSE
1400369815888770879,New City Cozy Room Suite/WIFI-Somerset/OrchardArea,404487343,OngRR,FALSE,45,TRUE,River Valley,Central Region,1.2944102985203807,103.83873182066228,Private room in serviced apartment,Private room,3,1,1,1,144.55,6,365,13,43,73,336,0,0,,,,,,,,,,,0,0,43,FALSE,48.18333333333334,21,FALSE
1400369834047706549,New City Cozy 2 Bedroom Apt @Somerset/Orchard Area,404487343,OngRR,FALSE,45,TRUE,River Valley,Central Region,1.2958431928728469,103.8400415219798,Entire serviced apartment,Entire home/apt,6,1,2,2,422.08,6,365,4,31,61,313,0,0,,,,,,,,,,,0,0,43,FALSE,70.34666666666666,27,FALSE
1400369850481107762,City Compact Cozy Room Suite-Somerset/Orchard Area,404487343,OngRR,FALSE,45,TRUE,River Valley,Central Region,1.296719877288225,103.83919341553988,Private room in rental unit,Private room,2,1,1,1,142.12,6,365,9,39,69,326,1,1,23-07-2025,23-07-2025,5,5,5,5,5,5,5,0.09,12,1705,43,TRUE,71.06,23,FALSE
1401346342058998558,LIV Premier Twin Studio Room in Novena,68059127,Wei,TRUE,50,TRUE,Novena,Central Region,1.3184258,103.8477196,Entire rental unit,Entire home/apt,2,1,1,2,254.5,6,365,10,40,70,345,3,3,02-08-2025,02-05-2026,4.33,5,3.67,4.67,4.67,4.67,4,0.27,36,9162,50,TRUE,127.25,40,FALSE
1402021731821413346,Condo above Boonlya MRT & Mall,12318187,Mia,FALSE,2,TRUE,Jurong West,West Region,1.3399934,103.70549,Private room in rental unit,Private room,1,1,1,1,22.39,92,365,0,0,29,210,0,0,,,,,,,,,,,0,0,2,FALSE,22.39,7,FALSE
1402622842631621136,New Cozy Family 2 Room Studio-Somerset/OrchardArea,109333133,Pat,FALSE,73,TRUE,River Valley,Central Region,1.29501,103.83998,Entire serviced apartment,Entire home/apt,6,2,2,2,449.79,1,365,11,41,71,327,0,0,,,,,,,,,,,0,0,73,FALSE,74.965,26,FALSE
1402623405222181237,New Comfy 2 Room Studio/WIFI-Somerset/Orchard Area,109333133,Pat,FALSE,73,TRUE,River Valley,Central Region,1.2948820680785298,103.83835557896732,Entire serviced apartment,Entire home/apt,6,2,2,2,439.99,1,365,8,38,68,321,1,1,12-01-2026,12-01-2026,5,5,5,5,5,4,5,0.18,6,2640,73,TRUE,73.33166666666666,26,FALSE
1402623650535755432,New Cosy Family 2Rooms Studio-Somerset/OrchardArea,404487343,OngRR,FALSE,45,TRUE,River Valley,Central Region,1.29651,103.83994,Entire serviced apartment,Entire home/apt,6,1,2,2,434.26,6,365,14,44,74,326,0,0,,,,,,,,,,,0,0,43,FALSE,72.37666666666667,26,FALSE
1402623668297016289,New Cosy Family 2Rooms Studio-Somerset/OrchardArea,404487343,OngRR,FALSE,45,TRUE,River Valley,Central Region,1.2965770657619278,103.84001403258526,Entire serviced apartment,Entire home/apt,6,2,2,2,432.01,6,365,11,41,71,323,0,0,,,,,,,,,,,0,0,43,FALSE,72.00166666666667,26,FALSE
1402623752574309196,New City Cozy 2QB Studio Apt-Somerset/Orchard Area,46685310,Yyin,FALSE,71,TRUE,River Valley,Central Region,1.29673,103.84003,Entire serviced apartment,Entire home/apt,5,1,1,2,272.97,1,365,11,38,68,332,3,1,11-05-2025,19-07-2025,4.33,4.33,4.67,5,4.67,4.67,4.33,0.22,6,1638,71,TRUE,54.59400000000001,26,FALSE
1402623804425957068,New CITY Cozy 2 Rooms Studio -Somerset/OrchardArea,10248444,Recr,FALSE,64,TRUE,River Valley,Central Region,1.295,103.83787,Entire serviced apartment,Entire home/apt,6,1,2,2,415.38,1,365,11,41,71,324,0,0,,,,,,,,,,,0,0,64,FALSE,69.23,26,FALSE
1402623818409748476,New Cosy Family 2Room Studio-Somerset/Orchard Area,10248444,Recr,FALSE,64,TRUE,River Valley,Central Region,1.29667,103.84002,Entire serviced apartment,Entire home/apt,6,2,2,2,459.59,1,365,11,41,71,329,4,3,26-04-2025,22-04-2026,3.5,3.5,3.75,5,3.75,4.75,3.75,0.28,18,8273,64,TRUE,76.59833333333333,26,FALSE
1402735213391572725,Beautiful one bedroom apartment,229617427,Hugo,FALSE,1,TRUE,River Valley,Central Region,1.298101123,103.84120809777733,Entire rental unit,Entire home/apt,2,1,1,1,219.33,3,1125,8,8,9,68,9,8,18-06-2025,03-05-2026,4.67,4.67,4.67,4.78,4.78,4.89,4.67,0.72,48,10528,1,TRUE,109.665,8,FALSE
1402897181881999755,Room available in Novena/Newton,17460052,Kannicha,FALSE,1,TRUE,Novena,Central Region,1.31539,103.84301,Private room in rental unit,Private room,1,1,1,1,96.86,7,35,16,29,59,60,0,0,,,,,,,,,,,0,0,1,FALSE,96.86,8,FALSE
1404284633276992951,Studio apartment at East Coast,238891646,Neha,FALSE,131,TRUE,Marine Parade,Central Region,1.3000032,103.9000674,Entire rental unit,Entire home/apt,1,1,1,1,302.5,6,365,28,58,88,363,0,0,,,,,,,,,,,0,0,131,FALSE,302.5,6,FALSE
1404298663888384322,3BR Short Stay at Havelock Road,238891646,Neha,FALSE,131,TRUE,Bukit Merah,Central Region,1.2898965,103.8314323,Entire rental unit,Entire home/apt,7,3,3,4,913,6,365,27,57,87,362,0,0,,,,,,,,,,,0,0,131,FALSE,130.42857142857142,18,FALSE
1405142115018181574,1 Bedroom River Valley Apartment,238891646,Neha,FALSE,131,TRUE,River Valley,Central Region,1.2960573,103.8408185,Entire rental unit,Entire home/apt,2,1,1,1,496.5,6,365,28,58,88,363,0,0,,,,,,,,,,,0,0,131,FALSE,248.25,9,FALSE
1405570804202731514,"Hotel Classic by Venue, Premier queen room",682068197,Hotel Classic By Venue,FALSE,4,TRUE,Geylang,Central Region,1.31572,103.89771,Room in hotel,Private room,2,1,1,2,91.75,1,731,23,53,63,262,7,6,21-06-2025,27-05-2026,4.57,4.71,4.57,4.86,4.86,4.71,4.86,0.56,36,3303,2,TRUE,45.875,20,FALSE
1407690750517316197,2.5 bed with superb amenities!,4337301,Priya,FALSE,1,TRUE,Bukit Merah,Central Region,1.2928048858086023,103.8193228840828,Entire rental unit,Entire home/apt,5,1,3,5,90.31,93,365,29,59,89,364,0,0,,,,,,,,,,,0,0,1,FALSE,18.062,13,FALSE
1408653669287741319,Triple Room in  hotel  along  West Coast,326090835,The Quay Hotel West Coast,FALSE,5,TRUE,Queenstown,Central Region,1.292649723214419,103.76977006931702,Room in hotel,Private room,3,1,1,3,160,1,365,11,30,60,330,10,9,06-05-2025,05-04-2026,4.2,4.2,4.5,4.7,4.5,4.3,4.1,0.71,54,8640,5,TRUE,53.333333333333336,32,FALSE
1409888809573843758,LIV Premier King Studio in Novena,68059127,Wei,TRUE,50,TRUE,Novena,Central Region,1.3184258,103.8477196,Entire rental unit,Entire home/apt,3,1,1,1,254.5,6,365,11,41,71,346,4,4,07-10-2025,28-03-2026,5,5,5,5,5,5,4.5,0.45,48,12216,50,TRUE,84.83333333333333,38,FALSE
1409905718849895859,City Central Cozy Studio Apt-Somerset/Orchard Area,61619807,Ong,FALSE,61,FALSE,River Valley,Central Region,1.296309398345006,103.83858699707852,Entire serviced apartment,Entire home/apt,4,1,1,1,244.83,6,365,25,55,85,344,0,0,,,,,,,,,,,0,0,60,FALSE,61.2075,25,FALSE
1409905831443136176,1 City Cozy Room Suite/WIFI -Somerset/Orchard Area,61619807,Ong,FALSE,61,FALSE,River Valley,Central Region,1.2966331224404009,103.83881428149424,Private room in serviced apartment,Private room,3,1,1,1,154.49,1,365,9,39,69,332,2,2,05-09-2025,19-02-2026,4.5,4.5,4.5,5,4.5,4.5,4.5,0.2,12,1854,60,TRUE,51.49666666666667,22,FALSE
1409906057356459410,NEW Comfy Deluxe Studio Apt@ Somerset/Orchard Area,61619807,Ong,FALSE,61,FALSE,River Valley,Central Region,1.29664,103.838,Entire serviced apartment,Entire home/apt,3,1,1,1,190.81,1,365,25,55,85,351,0,0,,,,,,,,,,,0,0,60,FALSE,63.60333333333333,26,FALSE
1409906222467767597,Central Located Cozy Studio @ Somerset/City Area,10248444,Recr,FALSE,64,TRUE,River Valley,Central Region,1.2959610022535877,103.84062657924297,Entire serviced apartment,Entire home/apt,4,1,1,1,227.32,1,365,25,55,85,352,0,0,,,,,,,,,,,0,0,64,FALSE,56.83,26,FALSE
1409906272118300788,New City Comfy 2 Rooms Studio-Somerset/OrchardArea,10248444,Recr,FALSE,64,TRUE,River Valley,Central Region,1.29663,103.84011,Entire serviced apartment,Entire home/apt,6,1,2,2,401.34,1,365,6,33,63,322,1,0,24-05-2025,24-05-2025,5,5,5,5,5,5,5,0.07,0,0,64,TRUE,66.89,27,FALSE
1409906289055001421,City Cozy Room Suite/WIFI @ Orchard/Somerset Area,10248444,Recr,FALSE,64,TRUE,River Valley,Central Region,1.2968836541335067,103.84069157167826,Private room in serviced apartment,Private room,3,1,1,1,148.2,6,365,9,39,69,237,4,4,25-07-2025,28-09-2025,4.75,4.75,4.75,5,5,5,4.75,0.35,48,7114,64,TRUE,49.4,22,FALSE
1409908805145531459,LIV Premier One Bedroom in Novena,68059127,Wei,TRUE,50,TRUE,Novena,Central Region,1.3172744745406169,103.84662509377004,Entire rental unit,Entire home/apt,3,1,1,1,296.83,6,365,12,42,72,347,1,1,15-02-2026,15-02-2026,5,5,5,5,5,5,5,0.22,12,3562,50,TRUE,98.94333333333333,11,FALSE
1409909599605889825,Centrally Located Room Suite -Somerset/OrchardArea,404487343,OngRR,FALSE,45,TRUE,River Valley,Central Region,1.296367043153232,103.84075845019451,Private room in rental unit,Private room,3,1,1,1,148.2,6,365,9,39,69,326,0,0,,,,,,,,,,,0,0,43,FALSE,49.4,23,FALSE
1409910367925046648,New Deluxe Cozy Studio Apt @ Somerset/Orchard Area,404487343,OngRR,FALSE,45,TRUE,River Valley,Central Region,1.2947887044329998,103.83783735929028,Entire serviced apartment,Entire home/apt,5,1,1,1,239.5,6,365,14,44,74,333,0,0,,,,,,,,,,,0,0,43,FALSE,47.9,27,FALSE
1409922268645313212,New City Central Cozy Studio-Somerset/Orchard Area,46685310,Yyin,FALSE,71,TRUE,River Valley,Central Region,1.2964707870387724,103.83818699219158,Entire serviced apartment,Entire home/apt,5,1,1,1,248.63,6,365,14,44,74,332,0,0,,,,,,,,,,,0,0,71,FALSE,49.726,27,FALSE
1409922302741653302,City Central Cozy Studio Apt- Somerset/OrchardArea,46685310,Yyin,FALSE,71,TRUE,River Valley,Central Region,1.2964576747090404,103.84053317079848,Entire serviced apartment,Entire home/apt,4,1,1,1,212.11,6,365,25,55,85,343,0,0,,,,,,,,,,,0,0,71,FALSE,53.0275,25,FALSE
1410671734871935233,Central Minimalist Studio Apt-Somerset/OrchardArea,46685310,Yyin,FALSE,71,TRUE,River Valley,Central Region,1.296532348059044,103.83875441793946,Entire rental unit,Entire home/apt,3,1,1,1,183.2,6,365,25,55,85,343,2,2,11-07-2025,05-09-2025,5,5,4.5,5,5,5,5,0.17,24,4397,71,TRUE,61.06666666666666,26,FALSE
1410671744753449258,Central Compact Studio Apt @ Somerset/Orchard Area,61619807,Ong,FALSE,61,FALSE,River Valley,Central Region,1.2945812029866923,103.84004906133556,Entire rental unit,Entire home/apt,3,1,1,1,186.33,6,365,25,55,85,343,0,0,,,,,,,,,,,0,0,60,FALSE,62.11000000000001,26,FALSE
1410689414253722688,City Central Cozy Studio Apt-Somerset/Orchard Area,10248444,Recr,FALSE,64,TRUE,River Valley,Central Region,1.2965722392089114,103.84055538083724,Entire serviced apartment,Entire home/apt,3,1,1,1,194.71,6,365,25,55,85,345,0,0,,,,,,,,,,,0,0,64,FALSE,64.90333333333334,26,FALSE
1410689430283525316,Central Compact Studio APt @ Somerset/Orchard Area,404487343,OngRR,FALSE,45,TRUE,River Valley,Central Region,1.29544,103.83872,Entire rental unit,Entire home/apt,3,1,1,1,210.59,6,365,25,55,85,344,0,0,,,,,,,,,,,0,0,43,FALSE,70.19666666666667,26,FALSE
1410701913162295182,City Accessible Cozy Studio @ Somerset/OrchardArea,109333133,Pat,FALSE,73,TRUE,River Valley,Central Region,1.2965525816529346,103.83870136328584,Entire serviced apartment,Entire home/apt,4,1,1,1,236.45,1,365,25,55,85,352,0,0,,,,,,,,,,,0,0,73,FALSE,59.1125,25,FALSE
1410701926605057359,New Comfy Room-Suite /Wifi @ Orchard/Somerset Area,109333133,Pat,FALSE,73,TRUE,River Valley,Central Region,1.29649,103.83884,Private room in serviced apartment,Private room,3,1,1,1,160.37,6,365,9,39,69,325,1,1,13-08-2025,13-08-2025,5,5,4,5,5,5,5,0.09,12,1924,73,TRUE,53.45666666666667,22,FALSE
1410701935160798073,NewCity Accessible Studio Apt-Somerset/OrchardArea,109333133,Pat,FALSE,73,TRUE,River Valley,Central Region,1.295234105019559,103.8401619511631,Entire serviced apartment,Entire home/apt,5,1,1,1,245.58,1,365,14,44,74,339,1,1,03-02-2026,03-02-2026,4,3,4,5,5,5,3,0.2,6,1473,73,TRUE,49.116,27,FALSE
1410702694370038999,City Comfy Compact Studio @ Somerset/Orchard Area,109333133,Pat,FALSE,73,TRUE,River Valley,Central Region,1.29655,103.84057,Entire serviced apartment,Entire home/apt,3,1,1,1,192.33,6,365,25,55,85,343,0,0,,,,,,,,,,,0,0,73,FALSE,64.11,26,FALSE
1414498614019286612,LIV Executive One Bedroom with balcony in Novena,68059127,Wei,TRUE,50,TRUE,Novena,Central Region,1.31756,103.84813,Entire rental unit,Entire home/apt,4,1,1,1,373.83,6,365,2,32,62,330,1,1,24-03-2026,24-03-2026,5,5,5,5,5,5,5,0.31,12,4486,50,TRUE,93.4575,42,FALSE
1415167344973942853,Liv Executive One bedroom with balcony in Novena,68059127,Wei,TRUE,50,TRUE,Novena,Central Region,1.317252375384674,103.84691030181986,Entire rental unit,Entire home/apt,4,1,1,1,371.67,6,365,2,32,62,330,3,3,08-12-2025,28-01-2026,5,5,5,5,5,5,5,0.44,36,13380,50,TRUE,92.9175,42,FALSE
1416685264303922091,Premier twin bed studio with pool in Novena LIV,24496358,Katherine,TRUE,53,TRUE,Novena,Central Region,1.31852,103.8477,Entire rental unit,Entire home/apt,3,1,1,2,251.17,6,365,11,41,71,346,2,2,16-04-2026,26-06-2026,5,4.5,4.5,5,5,5,4.5,0.8,24,6028,53,TRUE,83.72333333333333,19,FALSE
1416694608722701168,Executive One Bedroom with balcony in Novena LIV,24496358,Katherine,TRUE,53,TRUE,Novena,Central Region,1.31926,103.84674,Entire rental unit,Entire home/apt,3,1,1,1,365.33,6,365,2,32,62,337,0,0,,,,,,,,,,,0,0,53,FALSE,121.77666666666666,40,FALSE
1416707128264825703,Premier One bedroom with balcony in Novena LIV,24496358,Katherine,TRUE,53,TRUE,Novena,Central Region,1.31751,103.84662,Entire rental unit,Entire home/apt,3,1,1,1,247.26,6,365,7,24,54,323,2,2,11-10-2025,23-04-2026,5,5,5,5,5,5,4.5,0.23,24,5934,53,TRUE,82.42,42,FALSE
1416723400282459966,LIV Deluxe King bed studio with pool in Novena,68059127,Wei,TRUE,50,TRUE,Novena,Central Region,1.319051493126128,103.84854016032736,Entire rental unit,Entire home/apt,3,1,1,1,256.5,6,365,8,38,68,335,9,9,28-07-2025,14-03-2026,4.78,5,5,5,5,4.89,4.78,0.8,108,27702,50,TRUE,85.5,44,FALSE
1416735228073078822,Premier king bed studio with pool in Novena LIV,24496358,Katherine,TRUE,53,TRUE,Novena,Central Region,1.317766544232731,103.84664230303495,Entire rental unit,Entire home/apt,2,1,1,1,251.17,6,365,11,41,71,340,3,3,03-08-2025,15-12-2025,5,5,5,5,5,4.67,5,0.27,36,9042,53,TRUE,125.585,39,FALSE
1416742382892729894,Premier Two bedroom w balcony/pool  in Novena LIV,24496358,Katherine,TRUE,53,TRUE,Novena,Central Region,1.31957,103.84853,Entire rental unit,Entire home/apt,5,1,2,2,528.83,6,365,18,48,78,353,1,1,29-03-2026,29-03-2026,5,5,5,5,5,5,5,0.32,12,6346,53,TRUE,105.766,41,FALSE
1416754295641369881,LIV Premier Two Bedroom w balcony/pool in Novena,68059127,Wei,TRUE,50,TRUE,Novena,Central Region,1.31775,103.84663,Entire rental unit,Entire home/apt,5,2,2,2,551.67,6,365,17,47,77,345,6,6,13-07-2025,26-02-2026,4.83,5,4.5,5,5,4.83,4.5,0.51,72,39720,50,TRUE,110.33399999999999,44,FALSE
1416837362114502276,New Luxe Studio Apt/Balcony @Somerset/Orchard Area,61619807,Ong,FALSE,61,FALSE,River Valley,Central Region,1.2964562652047908,103.83978274437791,Entire serviced apartment,Entire home/apt,4,1,1,1,243.59,6,365,26,56,86,344,1,1,16-11-2025,16-11-2025,4,5,5,5,5,5,5,0.13,12,2923,60,TRUE,60.8975,26,FALSE
1416837630051745563,New Cozy Luxe Studio Apt/Balcony-Somerset/Orchard,404487343,OngRR,FALSE,45,TRUE,River Valley,Central Region,1.2945292208607833,103.83973774023964,Entire serviced apartment,Entire home/apt,4,1,1,1,243.05,6,365,25,55,85,344,0,0,,,,,,,,,,,0,0,43,FALSE,60.7625,25,FALSE
1416837637162501414,New Luxe Studio Apt/Balcony @Somerset/Orchard Area,404487343,OngRR,FALSE,45,TRUE,River Valley,Central Region,1.29532,103.8379,Entire serviced apartment,Entire home/apt,4,1,1,1,242.75,6,365,25,55,85,344,0,0,,,,,,,,,,,0,0,43,FALSE,60.6875,26,FALSE
1416837969286248307,New Cozy Luxe Studio Apt/Balcony @Somerset/Orchard,61619807,Ong,FALSE,61,FALSE,River Valley,Central Region,1.2948600813257711,103.83958772363698,Entire serviced apartment,Entire home/apt,3,1,1,1,214.24,1,365,22,52,82,347,0,0,,,,,,,,,,,0,0,60,FALSE,71.41333333333334,25,FALSE
1416838032552083367,New Deluxe Studio Apt/Balcony-Somerset/OrchardArea,109333133,Pat,FALSE,73,TRUE,River Valley,Central Region,1.2962329841704183,103.83986126567808,Entire serviced apartment,Entire home/apt,4,1,1,1,233.5,6,365,25,55,85,343,0,0,,,,,,,,,,,0,0,73,FALSE,58.375,27,FALSE
1416838042874822114,New City Cozy 2QB Studio Apt-Somerset/Orchard Area,109333133,Pat,FALSE,73,TRUE,River Valley,Central Region,1.29487,103.83835,Entire serviced apartment,Entire home/apt,5,1,1,2,276.69,1,365,13,43,73,340,0,0,,,,,,,,,,,0,0,73,FALSE,55.338,27,FALSE
1416838905060987970,New Comfy Studio Apt/Balcony-Somerset/Orchard Area,46685310,Yyin,FALSE,71,TRUE,River Valley,Central Region,1.2952611906744749,103.84007080051045,Entire serviced apartment,Entire home/apt,4,1,1,1,245.13,6,365,25,55,85,343,0,0,,,,,,,,,,,0,0,71,FALSE,61.2825,26,FALSE
1416838953943004621,New Deluxe Cozy Studio Apt @ Somerset/Orchard Area,46685310,Yyin,FALSE,71,TRUE,River Valley,Central Region,1.295364494291855,103.8381685598021,Entire serviced apartment,Entire home/apt,4,1,1,1,209.07,1,365,14,44,74,339,0,0,,,,,,,,,,,0,0,71,FALSE,52.2675,27,FALSE
1416840545282198828,New Cozy Studio Apt/Balcony @Somerset/Orchard Area,10248444,Recr,FALSE,64,TRUE,River Valley,Central Region,1.2950672129705785,103.8397417600081,Entire serviced apartment,Entire home/apt,4,1,1,1,236.45,1,365,25,55,85,354,0,0,,,,,,,,,,,0,0,64,FALSE,59.1125,27,FALSE
1417166590585085067,Queen Cabin Pod w Shared Bathroom (Cloudbeds),694002672,Peggy,TRUE,7,TRUE,Kallang,Central Region,1.31176,103.8602,Private room in hostel,Private room,2,6,1,1,85,1,365,16,37,67,330,50,50,06-07-2025,23-06-2026,4.78,4.76,4.76,4.86,4.82,4.76,4.65,4.18,255,21675,7,TRUE,42.5,7,FALSE
1417918126204327052,Twin Bed Room w Shared Bathroom (City Fringe),694002672,Peggy,TRUE,7,TRUE,Kallang,Central Region,1.31068,103.85947,Private room in hostel,Private room,2,1,1,2,95,1,365,14,28,52,295,14,13,25-05-2025,16-04-2026,4.57,4.71,4.57,4.57,4.71,4.57,4.43,1.05,78,7410,7,TRUE,47.5,7,FALSE
1418834375005907172,New Cozy Family Studio Apt @ Somerset/Orchard Area,109333133,Pat,FALSE,73,TRUE,River Valley,Central Region,1.296830995446916,103.84022001120756,Entire serviced apartment,Entire home/apt,6,1,1,2,310.61,6,365,19,49,79,337,1,1,02-01-2026,02-01-2026,4,4,5,5,4,5,4,0.17,12,3727,73,TRUE,51.76833333333334,27,FALSE
1418840534190307514,New Comfy Deluxe Studio Apt @Somerset/Orchard Area,10248444,Recr,FALSE,64,TRUE,River Valley,Central Region,1.29621,103.83971,Entire serviced apartment,Entire home/apt,5,1,1,1,242.54,6,365,19,49,79,337,0,0,,,,,,,,,,,0,0,64,FALSE,48.507999999999996,27,FALSE
1418846351958440916,New Cozy Deluxe 2QB-Studio Apt-Somerset/CityArea,10248444,Recr,FALSE,64,TRUE,River Valley,Central Region,1.296307145411284,103.83999180392472,Entire rental unit,Entire home/apt,6,1,1,2,286.86,1,365,17,47,77,343,1,1,19-02-2026,19-02-2026,5,5,5,5,5,5,5,0.23,6,1721,64,TRUE,47.81,27,FALSE
1418851841834887365,New City Deluxe Studio Apt @ Somerset/Orchard Area,46685310,Yyin,FALSE,71,TRUE,River Valley,Central Region,1.29494,103.83786,Entire serviced apartment,Entire home/apt,4,1,1,1,212.11,6,365,25,55,85,343,0,0,,,,,,,,,,,0,0,71,FALSE,53.0275,26,FALSE
1418857163748940205,NewCity Deluxe 2QB Studio Apt-Somerset/OrchardArea,46685310,Yyin,FALSE,71,TRUE,River Valley,Central Region,1.29658,103.83833,Entire serviced apartment,Entire home/apt,6,1,1,2,306.44,6,365,19,49,79,337,1,1,25-07-2025,25-07-2025,4,5,5,5,4,4,4,0.09,12,3677,71,TRUE,51.07333333333333,27,FALSE
1418861896474825524,New City Cozy Studio Apt/WIFI-Somerset/OrchardArea,61619807,Ong,FALSE,61,FALSE,River Valley,Central Region,1.29479,103.83838,Entire serviced apartment,Entire home/apt,5,1,1,1,209.06,1,365,20,50,80,346,0,0,,,,,,,,,,,0,0,60,FALSE,41.812,26,FALSE
1418867174753684561,New Cozy Family 2QB Studio Apt@ Somerset/Orchard,61619807,Ong,FALSE,61,FALSE,River Valley,Central Region,1.2947304327790223,103.83847780611788,Entire serviced apartment,Entire home/apt,6,1,1,2,296.5,6,365,19,49,79,337,6,6,14-07-2025,17-12-2025,4.17,4.33,4.5,4.5,4.83,4.67,3.67,0.51,72,21348,60,TRUE,49.416666666666664,27,FALSE
1418871456058121803,New Comfy Studio Apt/WIFI @ Somerset/Orchard Area,404487343,OngRR,FALSE,45,TRUE,River Valley,Central Region,1.2953301148494871,103.83994963823147,Entire serviced apartment,Entire home/apt,5,1,1,1,242.54,6,365,19,49,79,338,0,0,,,,,,,,,,,0,0,43,FALSE,48.507999999999996,26,FALSE
1418875558127560968,NewCozy Family 2QB Studio Apt-Somerset/OrchardArea,404487343,OngRR,FALSE,45,TRUE,River Valley,Central Region,1.29665,103.84014,Entire serviced apartment,Entire home/apt,6,1,1,2,306.44,6,365,19,49,79,337,0,0,,,,,,,,,,,0,0,43,FALSE,51.07333333333333,27,FALSE
1422215104467222024,City Center Hotel Family Suite Chinatown Sg 2,2676835,Hsoloscargo Residentcubes,FALSE,203,TRUE,Singapore River,Central Region,1.2875384799898022,103.8438235311966,Room in hotel,Private room,4,1,2,1,571,1,365,10,29,59,60,0,0,,,,,,,,,,,0,0,35,FALSE,142.75,16,FALSE
1423643687021033482,Liv Deluxe king studio with pool in Novena,24496358,Katherine,TRUE,53,TRUE,Novena,Central Region,1.31843,103.84772,Entire rental unit,Entire home/apt,3,1,1,1,266.33,6,365,1,31,61,336,5,5,09-08-2025,10-02-2026,5,4.8,4.8,5,5,4.6,4.8,0.46,60,15980,53,TRUE,88.77666666666666,40,FALSE
1424249889302183139,"Amara Singapore City Centre, Deluxe twin room",696298612,Amara Singapore,FALSE,10,TRUE,Downtown Core,Central Region,1.2752468,103.8434416,Room in hotel,Private room,2,1,1,2,390,1,731,23,52,82,356,11,11,06-02-2026,18-06-2026,5,5,5,5,4.91,5,5,2.24,66,25740,5,TRUE,195,25,FALSE
1424250061326942515,"Amara Singapore City Centre, Signature king room",696298612,Amara Singapore,FALSE,10,TRUE,Downtown Core,Central Region,1.2752468,103.8434416,Room in hotel,Private room,2,1,1,2,390,1,731,26,56,86,361,35,35,07-08-2025,19-05-2026,4.89,4.97,4.91,4.83,4.89,4.97,4.8,3.18,210,81900,5,TRUE,195,25,FALSE
1424250184455481838,"Amara Singapore City Centre, Signature twin room",696298612,Amara Singapore,FALSE,10,TRUE,Downtown Core,Central Region,1.2752468,103.8434416,Room in hotel,Private room,2,1,1,2,390,1,731,23,46,74,338,6,6,19-07-2025,11-04-2026,5,5,5,5,5,5,5,0.52,36,14040,5,TRUE,195,25,FALSE
1424250311253500784,"Amara Singapore City Centre, Club twin room",696298612,Amara Singapore,FALSE,10,TRUE,Downtown Core,Central Region,1.27525,103.84344,Room in hotel,Private room,2,1,1,2,390,1,731,27,55,84,357,4,4,02-02-2026,20-06-2026,5,4.75,5,5,5,5,5,0.79,24,9360,5,TRUE,195,25,FALSE
1424250328367064627,"Amara Singapore City Centre, Club suite",696298612,Amara Singapore,FALSE,10,TRUE,Downtown Core,Central Region,1.2752468,103.8434416,Room in hotel,Private room,2,1,1,2,390,1,731,17,45,74,345,0,0,,,,,,,,,,,0,0,5,FALSE,195,25,FALSE
1424428701819422499,"One Farrer Hotel, Mint den room",696332985,,,,,Rochor,Central Region,1.31216,103.85402,Room in hotel,Private room,3,1,1,3,342,1,731,27,57,87,359,0,0,,,,,,,,,,,0,0,3,FALSE,114,24,FALSE
1424428859217478768,"One Farrer Hotel, Loft apartment",696332985,,,,,Rochor,Central Region,1.31216,103.85402,Room in hotel,Private room,2,1,1,2,378,1,28,29,59,89,364,0,0,,,,,,,,,,,0,0,3,FALSE,189,24,FALSE
1424429010859475839,"One Farrer Hotel, Mint premier room",696332985,,,,,Rochor,Central Region,1.31216,103.85402,Room in hotel,Private room,2,1,1,2,396,1,28,29,59,89,364,0,0,,,,,,,,,,,0,0,3,FALSE,198,24,FALSE
1424448202864398361,"Hotel Boss, Superior queen balcony room",696336606,Hotel Boss,FALSE,16,TRUE,Kallang,Central Region,1.30542,103.85997,Room in hotel,Private room,2,1,1,2,145.97,1,731,29,59,89,242,15,15,11-09-2025,08-06-2026,4.2,4.2,4.73,4.8,4.53,4.4,4,1.53,90,13137,5,TRUE,72.985,23,FALSE
1424448535540415363,Superior twin room,696336606,Hotel Boss,FALSE,16,TRUE,Kallang,Central Region,1.30542,103.85997,Room in hotel,Private room,2,1,1,2,145.97,1,731,20,44,74,230,19,19,19-10-2025,11-06-2026,4.42,4.42,4.47,4.79,4.74,4.68,4.37,2.22,114,16641,5,TRUE,72.985,23,FALSE
1424448868665846220,"Hotel Boss, Superior twin city view room",696336606,Hotel Boss,FALSE,16,TRUE,Kallang,Central Region,1.30542,103.85997,Room in hotel,Private room,2,1,1,2,145.97,1,731,19,49,79,233,11,11,28-08-2025,27-06-2026,4.45,4.45,4.73,4.91,4.09,4.73,4.45,1.07,66,9634,5,TRUE,72.985,23,FALSE
1424449449682044691,"Hotel Boss, Triple room",696336606,Hotel Boss,FALSE,16,TRUE,Kallang,Central Region,1.30542,103.85997,Room in hotel,Private room,3,1,1,3,148.47,1,731,27,57,87,243,7,7,15-02-2026,24-05-2026,4.71,4.57,4.57,5,4.86,5,4.57,1.52,42,6236,5,TRUE,49.49,23,FALSE
1424449755563942631,Family balcony room,696336606,Hotel Boss,FALSE,16,TRUE,Kallang,Central Region,1.30542,103.85997,Room in hotel,Private room,4,1,1,4,179.33,1,731,18,41,71,227,11,11,25-07-2025,15-06-2026,4.45,4.55,4.27,4.64,4.45,4.55,4.09,0.96,66,11836,5,TRUE,44.8325,23,FALSE
1424451479378425413,Superior queen city view room,696337316,Hotel Mi Rochor,FALSE,18,TRUE,Rochor,Central Region,1.30393,103.85129,Room in hotel,Private room,2,1,1,2,175.16,1,731,27,57,87,357,0,0,,,,,,,,,,,0,0,5,FALSE,87.58,21,FALSE
1424451649677359299,"Hotel Mi Rochor, Superior twin room",696337316,Hotel Mi Rochor,FALSE,18,TRUE,Rochor,Central Region,1.30393,103.85129,Room in hotel,Private room,2,1,1,2,175.16,1,731,13,34,64,334,0,0,,,,,,,,,,,0,0,5,FALSE,87.58,21,FALSE
1424451993987500487,Deluxe queen room,696337316,Hotel Mi Rochor,FALSE,18,TRUE,Rochor,Central Region,1.30393,103.85129,Room in hotel,Private room,2,1,1,2,196.01,1,731,26,56,86,356,0,0,,,,,,,,,,,0,0,5,FALSE,98.005,21,FALSE
1424452524803607575,"Hotel Mi Rochor, Quadruple Room",696337316,Hotel Mi Rochor,FALSE,18,TRUE,Rochor,Central Region,1.30393,103.85129,Room in hotel,Private room,4,1,1,4,175.16,1,731,7,11,41,310,0,0,,,,,,,,,,,0,0,5,FALSE,43.79,21,FALSE
1424452540373293477,Superior patio room,696337316,Hotel Mi Rochor,FALSE,18,TRUE,Rochor,Central Region,1.30393,103.85129,Room in hotel,Private room,2,1,1,2,175.16,1,731,26,56,86,356,1,1,30-10-2025,30-10-2025,4,5,5,5,5,4,4,0.12,6,1051,5,TRUE,87.58,21,FALSE
1424453240122424899,Superior queen balcony room,696337650,Hotel Mi Bencoolen,FALSE,12,TRUE,Rochor,Central Region,1.2990073,103.8499896,Room in hotel,Private room,2,1,1,2,208.53,1,731,26,56,86,354,2,2,09-05-2026,05-06-2026,2.5,3,3,3,3,3,3,1.09,12,2502,7,TRUE,104.265,21,FALSE
1424453410413643540,Superior twin room,696337650,Hotel Mi Bencoolen,FALSE,12,TRUE,Rochor,Central Region,1.29901,103.84999,Room in hotel,Private room,2,1,1,2,208.53,1,731,16,43,73,341,11,11,16-10-2025,15-06-2026,4.73,4.73,4.64,4.91,4.64,4.91,4.64,1.27,66,13763,7,TRUE,104.265,21,FALSE
1424453733537150565,Triple room,696337650,Hotel Mi Bencoolen,FALSE,12,TRUE,Rochor,Central Region,1.29901,103.84999,Room in hotel,Private room,3,1,1,3,208.53,1,731,7,36,66,334,0,0,,,,,,,,,,,0,0,7,FALSE,69.51,21,FALSE
1424453896291727850,Family room,696337650,Hotel Mi Bencoolen,FALSE,12,TRUE,Rochor,Central Region,1.29901,103.84999,Room in hotel,Private room,4,1,1,4,179.33,1,731,5,14,38,288,0,0,,,,,,,,,,,0,0,7,FALSE,44.8325,21,FALSE
1425148666145769141,"Amara Sanctuary Sentosa, Verandah studio",696528369,,,,,Southern Islands,Central Region,1.25173,103.8221,Room in hotel,Private room,2,1,1,2,508,1,731,17,47,77,352,0,0,,,,,,,,,,,0,0,1,FALSE,254,24,FALSE
1425190803665246013,Luxurious 3 bedroom apt,238891646,Neha,FALSE,131,TRUE,Bukit Merah,Central Region,1.2904515408316566,103.83235743835866,Entire rental unit,Entire home/apt,7,3,3,4,905.33,6,365,28,58,88,363,1,1,11-10-2025,11-10-2025,5,4,5,5,5,5,4,0.11,12,10864,131,TRUE,129.33285714285714,19,FALSE
1425850105736531154,1 New Comfy 2QB-Studio Apt @ Somerset/Orchard Area,109333133,Pat,FALSE,73,TRUE,River Valley,Central Region,1.29472,103.83948,Entire serviced apartment,Entire home/apt,6,1,1,2,322,1,365,17,45,75,342,5,5,27-12-2025,16-04-2026,4.6,4.6,4.6,4.4,4.8,4.4,4.4,0.81,30,9660,73,TRUE,53.666666666666664,27,FALSE
1425859886450862222,New Cozy 2QB Studio Apt @ Somerset/Orchard Area,109333133,Pat,FALSE,73,TRUE,River Valley,Central Region,1.2948113636993217,103.8400896093652,Entire serviced apartment,Entire home/apt,4,1,1,2,297.32,6,365,19,49,79,337,2,1,27-06-2025,12-07-2025,4.5,4.5,5,4.5,4.5,4,4.5,0.16,12,3568,73,TRUE,74.33,27,FALSE
1425869806039287535,1. New Family Cozy 2QB Studio-Somerset/OrchardArea,109333133,Pat,FALSE,73,TRUE,River Valley,Central Region,1.294946548880082,103.84021397601424,Entire serviced apartment,Entire home/apt,6,1,1,2,318,1,365,20,50,80,347,0,0,,,,,,,,,,,0,0,73,FALSE,53,27,FALSE
1425945341014242579,Homely stay at reasonable rates,238891646,Neha,FALSE,131,TRUE,Bukit Merah,Central Region,1.2745808866319883,103.8325343097522,Entire home,Entire home/apt,2,1,1,1,346.67,6,365,28,58,88,363,1,1,07-10-2025,07-10-2025,5,5,5,5,5,5,5,0.11,12,4160,131,TRUE,173.335,5,FALSE
1426006783645356445,New Deluxe Studio Apt/Balcony-Somerset/OrchardArea,109333133,Pat,FALSE,73,TRUE,River Valley,Central Region,1.2966987461683157,103.83931272810032,Entire serviced apartment,Entire home/apt,4,1,1,1,244.24,6,365,25,55,85,343,0,0,,,,,,,,,,,0,0,73,FALSE,61.06,27,FALSE
1426012867560768936,New Cozy Studio Apt/Balcony-Somerset/Orchard Area,109333133,Pat,FALSE,73,TRUE,River Valley,Central Region,1.29616,103.83999,Entire serviced apartment,Entire home/apt,4,1,1,1,243.05,6,365,25,55,85,343,0,0,,,,,,,,,,,0,0,73,FALSE,60.7625,27,FALSE
1426024511725718345,New Cozy Compact Loft Studio-Somerset/Orchard Area,109333133,Pat,FALSE,73,TRUE,River Valley,Central Region,1.2949153615403817,103.84024019023992,Entire serviced apartment,Entire home/apt,2,1,1,1,194.12,1,365,25,55,85,352,5,5,27-09-2025,20-05-2026,4.4,4.8,5,4.8,5,4.4,4.6,0.54,30,5824,73,TRUE,97.06,25,FALSE
1426031585133491230,Cozy Room Suite w Wifi @ Somerset/Orchard Area,109333133,Pat,FALSE,73,TRUE,River Valley,Central Region,1.29497,103.83875,Private room in serviced apartment,Private room,3,1,1,1,148.86,6,365,13,43,73,329,3,3,17-07-2025,06-11-2025,4.67,5,5,5,5,5,5,0.26,36,5359,73,TRUE,49.620000000000005,25,FALSE
1426038347190089848,New Family Cozy 2QB Studio -Somerset/Orchard Area,10248444,Recr,FALSE,64,TRUE,River Valley,Central Region,1.294469762889916,103.84012499796576,Entire serviced apartment,Entire home/apt,6,1,1,2,312.51,6,365,19,49,79,337,0,0,,,,,,,,,,,0,0,64,FALSE,52.085,27,FALSE
1426560931919627515,New City Comfy Studio Apt@ Somerset/Orchard Area,10248444,Recr,FALSE,64,TRUE,River Valley,Central Region,1.2944744138897102,103.83884725223037,Entire serviced apartment,Entire home/apt,4,1,1,1,225,1,365,24,54,84,348,1,1,23-12-2025,23-12-2025,5,5,5,5,5,5,5,0.16,6,1350,64,TRUE,56.25,27,FALSE
1426599867114331921,New Family Cozy 2QB Studio -Somerset/Orchard Area,10248444,Recr,FALSE,64,TRUE,River Valley,Central Region,1.2947012362474406,103.83942132339897,Entire serviced apartment,Entire home/apt,6,1,1,2,318,1,365,20,50,80,347,0,0,,,,,,,,,,,0,0,64,FALSE,53,28,FALSE
1426606297178971826,New Comfy Studio Apt/Balcony-Somerset/Orchard Area,10248444,Recr,FALSE,64,TRUE,River Valley,Central Region,1.2948093355059958,103.83848853917142,Entire serviced apartment,Entire home/apt,4,1,1,1,239.5,6,365,25,55,85,343,0,0,,,,,,,,,,,0,0,64,FALSE,59.875,27,FALSE
1426614939438407815,New Cozy Studio Apt/Balcony-Somerset/Orchard Area,10248444,Recr,FALSE,64,TRUE,River Valley,Central Region,1.2965773809372632,103.8393172995307,Entire serviced apartment,Entire home/apt,4,1,1,1,240.55,1,365,25,55,85,354,0,0,,,,,,,,,,,0,0,64,FALSE,60.1375,27,FALSE
1426629047767337878,NewCozy Minimalist Studio APT-Somerset/OrchardArea,10248444,Recr,FALSE,64,TRUE,River Valley,Central Region,1.29472,103.84016,Entire serviced apartment,Entire home/apt,3,1,1,1,216.04,6,365,13,43,73,331,1,1,24-03-2026,24-03-2026,5,5,5,5,5,5,5,0.31,12,2592,64,TRUE,72.01333333333334,26,FALSE
1426635538811001368,New Urban Loft Studio/WIFI-Somerset/Orchard Area,10248444,Recr,FALSE,64,TRUE,River Valley,Central Region,1.29457,103.83833,Entire serviced apartment,Entire home/apt,3,1,1,1,183.2,6,365,25,55,85,345,6,6,16-07-2025,01-10-2025,4.83,4.83,4.83,4.83,4.83,5,4.33,0.52,72,13190,64,TRUE,61.06666666666666,25,FALSE
1426641672195864918,New Urban Room Suite /WIFI @ Somerset/Orchard Area,10248444,Recr,FALSE,64,TRUE,River Valley,Central Region,1.296799974310553,103.84053090276292,Private room in serviced apartment,Private room,3,1,1,1,142.12,6,365,0,28,58,314,4,4,07-07-2025,05-10-2025,4.5,4.25,4.75,4.75,4.5,5,4.25,0.34,48,6822,64,TRUE,47.373333333333335,25,FALSE
1426652696166505695,New City-Family 2-Beds Studio-Somerset/OrchardArea,46685310,Yyin,FALSE,71,TRUE,River Valley,Central Region,1.29649,103.83946,Entire serviced apartment,Entire home/apt,6,1,1,2,318,1,365,20,50,80,345,1,1,26-09-2025,26-09-2025,5,5,5,5,5,5,5,0.11,6,1908,71,TRUE,53,27,FALSE
1426678158162327809,Apartment at Raeburn park,238891646,Neha,FALSE,131,TRUE,Bukit Merah,Central Region,1.2731539785160264,103.83457348316148,Entire rental unit,Entire home/apt,2,1,1,1,344.33,6,365,28,58,88,363,1,1,06-10-2025,06-10-2025,4,3,3,2,5,3,3,0.11,12,4132,131,TRUE,172.165,6,FALSE
1426711164922860265,New Family Cozy 2QB Studio -Somerset/Orchard Area,46685310,Yyin,FALSE,71,TRUE,River Valley,Central Region,1.2961201659864665,103.84002395554558,Entire serviced apartment,Entire home/apt,4,1,1,2,265.96,6,365,19,49,79,337,0,0,,,,,,,,,,,0,0,71,FALSE,66.49,27,FALSE
1426721534212908207,New Cozy Studio Apt/Balcony@ Somerset/Orchard Area,46685310,Yyin,FALSE,71,TRUE,River Valley,Central Region,1.29646,103.83877,Entire serviced apartment,Entire home/apt,4,1,1,1,239.5,6,365,25,55,85,345,0,0,,,,,,,,,,,0,0,71,FALSE,59.875,27,FALSE
1427058872148210776,New Cozy Studio Apt/Balcony @Somerset/Orchard Area,46685310,Yyin,FALSE,71,TRUE,River Valley,Central Region,1.2947754043777648,103.84002396111444,Entire serviced apartment,Entire home/apt,3,1,1,1,206.24,1,365,25,55,85,350,4,4,10-07-2025,30-04-2026,4.5,4,4.75,4.5,4.75,4.5,4.25,0.34,24,4950,71,TRUE,68.74666666666667,27,FALSE
1427085518647834146,New Comfy Studio Apt/WIFI @ Somerset/Orchard Area,46685310,Yyin,FALSE,71,TRUE,River Valley,Central Region,1.2947981409099234,103.83983930729946,Entire serviced apartment,Entire home/apt,3,1,1,1,219.72,6,365,25,55,85,343,0,0,,,,,,,,,,,0,0,71,FALSE,73.24,25,FALSE
1427097570520340078,NEW Cozy Loft Studio Apt/WIFI-Somerset/OrchardArea,46685310,Yyin,FALSE,71,TRUE,River Valley,Central Region,1.294460338061453,103.84019591613097,Entire serviced apartment,Entire home/apt,3,1,1,1,190.76,1,365,25,55,85,350,1,1,07-01-2026,07-01-2026,5,5,5,5,5,5,5,0.17,6,1145,71,TRUE,63.586666666666666,25,FALSE
1427103146004160543,City Comfy BR Suite/ WIFI @ Somerset/Orchard Area,46685310,Yyin,FALSE,71,TRUE,River Valley,Central Region,1.2947422996558595,103.8405838904884,Private room in serviced apartment,Private room,3,1,1,1,155.81,6,365,13,43,73,239,0,0,,,,,,,,,,,0,0,71,FALSE,51.93666666666667,25,FALSE
1427402123872945345,Studio twin at Raeburn,238891646,Neha,FALSE,131,TRUE,Bukit Merah,Central Region,1.27402,103.83429,Entire rental unit,Entire home/apt,2,1,1,2,350,6,365,28,58,88,363,0,0,,,,,,,,,,,0,0,131,FALSE,175,5,FALSE
1429414387092626138,Executive two bedroom with balcony / pool in LIV,24496358,Katherine,TRUE,53,TRUE,Novena,Central Region,1.3174,103.84673,Entire rental unit,Entire home/apt,6,2,2,1,662,6,365,2,28,58,326,0,0,,,,,,,,,,,0,0,53,FALSE,110.33333333333333,40,FALSE
1429430926777806945,Liv Executive two bedrooms with balcony / pool,68059127,Wei,TRUE,50,TRUE,Novena,Central Region,1.31866,103.84668,Entire rental unit,Entire home/apt,6,2,2,2,662,6,365,6,32,62,337,0,0,,,,,,,,,,,0,0,50,FALSE,110.33333333333333,43,FALSE
1429740332048906981,Cozy apartment near airport,3034356,Arielle,FALSE,1,TRUE,Bedok,East Region,1.3144572863570154,103.93761302635188,Private room in rental unit,Private room,1,1,1,1,27.07,92,365,29,59,89,364,0,0,,,,,,,,,,,0,0,1,FALSE,27.07,11,FALSE
1430778817396297658,Single Cabin Pod w Shared Bathroom (Cloudbeds),694002672,Peggy,TRUE,7,TRUE,Kallang,Central Region,1.31176,103.8602,Room in hotel,Private room,1,5,1,1,71,1,365,29,59,89,364,112,107,31-05-2025,24-06-2026,4.87,4.91,4.77,4.94,4.93,4.78,4.79,8.51,255,18105,7,TRUE,71,7,FALSE
1430784800417314095,Mini Single Cabin w Shared Bathroom & Window,694002672,Peggy,TRUE,7,TRUE,Kallang,Central Region,1.3126289585827613,103.85900080140772,Private room in hostel,Private room,1,5,1,1,71,1,365,20,43,55,321,12,11,18-06-2025,16-02-2026,4.83,4.92,4.83,4.83,4.83,4.92,4.75,0.95,66,4686,7,TRUE,71,7,FALSE
1430858754525398893,Mini Single Cabin w Shared Bathroom,694002672,Peggy,TRUE,7,TRUE,Kallang,Central Region,1.31176,103.8602,Private room in hostel,Private room,1,5,1,1,68,1,365,13,31,40,278,14,14,04-07-2025,17-05-2026,4.93,5,4.86,5,5,4.86,4.86,1.16,84,5712,7,TRUE,68,7,FALSE
1430865086193483530,Signature Single Cabin Pod (City Fringe),694002672,Peggy,TRUE,7,TRUE,Kallang,Central Region,1.31176,103.8602,Private room in hostel,Private room,1,1,1,1,95,1,365,11,30,40,254,1,0,08-06-2025,08-06-2025,5,5,5,5,5,4,5,0.08,0,0,7,TRUE,95,7,FALSE
1430875027214089077,Signature Queen Cabin Pod (City Fringe),694002672,Peggy,TRUE,7,TRUE,Kallang,Central Region,1.31176,103.8602,Room in hotel,Private room,2,1,1,1,104,1,365,15,26,43,249,3,3,11-07-2025,25-05-2026,4.33,4.33,4,5,4.33,4.67,4.33,0.25,18,1872,7,TRUE,52,7,FALSE
1430992511231233316,Boon Tat One Bedroom Apartment,23336011,Heritage,TRUE,82,TRUE,Outram,Central Region,1.2812057,103.8486065,Private room in rental unit,Private room,2,1,1,1,181.83,6,365,8,38,68,343,0,0,,,,,,,,,,,0,0,71,FALSE,90.915,10,FALSE
1430996581582926108,Boon Tat Premium Loft Apartment,23336011,Heritage,TRUE,82,TRUE,Outram,Central Region,1.2812057,103.8486065,Private room in rental unit,Private room,2,1,1,1,191,6,365,13,43,73,341,0,0,,,,,,,,,,,0,0,71,FALSE,95.5,9,FALSE
1430998684168143065,Boon Tat Studio Premium Apartment,23336011,Heritage,TRUE,82,TRUE,Outram,Central Region,1.2812057,103.8486065,Private room in rental unit,Private room,2,1,1,1,190.2,6,365,8,24,54,329,2,1,06-06-2025,15-07-2025,5,5,5,5,5,5,5,0.15,12,2282,71,TRUE,95.1,9,FALSE
1431791012566723702,LIV Premier One Bedroom with balcony in Novena,68059127,Wei,TRUE,50,TRUE,Novena,Central Region,1.3184258,103.8477196,Entire rental unit,Entire home/apt,3,1,1,1,300.5,6,365,12,42,72,347,0,0,,,,,,,,,,,0,0,50,FALSE,100.16666666666667,42,FALSE
1435436798531615565,LIV Premier two bedroom with balcony in Novena,68059127,Wei,TRUE,50,TRUE,Novena,Central Region,1.3174679596321477,103.84890416426433,Entire rental unit,Entire home/apt,5,2,2,2,551.67,6,365,17,47,77,352,0,0,,,,,,,,,,,0,0,50,FALSE,110.33399999999999,44,FALSE
1435481170766922808,Premier 1-Bedroom Apt 8 Min Walk to Novena MRT,220661611,Liv Residences - Serviced Apartment At Novena,TRUE,7,TRUE,Novena,Central Region,1.3189548464283567,103.84891607162156,Entire serviced apartment,Entire home/apt,3,1,1,1,323.37,6,365,20,48,78,353,8,8,02-08-2025,02-05-2026,4.38,4.38,4.5,5,5,4.5,4.38,0.72,96,31044,7,TRUE,107.79,45,FALSE
1435498739153769105,Premier King Studio Apt 8 Min Walk to Novena MRT,220661611,Liv Residences - Serviced Apartment At Novena,TRUE,7,TRUE,Novena,Central Region,1.31947,103.84751,Entire serviced apartment,Entire home/apt,2,1,1,1,264.39,6,365,15,45,75,350,1,1,03-09-2025,03-09-2025,4,3,3,5,5,4,5,0.1,12,3173,7,TRUE,132.195,45,FALSE
1435501207714217743,Premier King Studio Apt 8 min walk to Novena MRT,220661611,Liv Residences - Serviced Apartment At Novena,TRUE,7,TRUE,Novena,Central Region,1.31823,103.84652,Entire serviced apartment,Entire home/apt,2,1,1,1,209.35,6,365,24,54,84,359,21,21,20-07-2025,19-04-2026,4.86,4.9,4.81,4.95,4.86,4.81,4.86,1.83,252,52756,7,TRUE,104.675,44,FALSE
1435503782998461141,Executive 1-Bedroom 8 Min Walk to Novena MRT,220661611,Liv Residences - Serviced Apartment At Novena,TRUE,7,TRUE,Novena,Central Region,1.3178748960585185,103.84861078264116,Entire serviced apartment,Entire home/apt,3,1,1,1,399.74,6,365,8,38,68,340,1,1,04-03-2026,04-03-2026,5,5,4,5,5,5,5,0.25,12,4797,7,TRUE,133.24666666666667,44,FALSE
1435506379283528748,"Deluxe Studio Apartment, 8 min walk to Novena MRT",220661611,Liv Residences - Serviced Apartment At Novena,TRUE,7,TRUE,Novena,Central Region,1.31739,103.84854,Entire serviced apartment,Entire home/apt,3,1,1,1,310.08,6,365,8,38,68,337,1,1,03-12-2025,03-12-2025,5,5,5,5,5,5,5,0.14,12,3721,7,TRUE,103.36,44,FALSE
1435508276632037244,Premier 2-Bedroom Apt 8 Min Walk to Novena MRT,220661611,Liv Residences - Serviced Apartment At Novena,TRUE,7,TRUE,Novena,Central Region,1.31733,103.84863,Entire serviced apartment,Entire home/apt,5,2,2,2,611.72,6,365,19,47,77,352,7,7,13-07-2025,19-01-2026,5,5,4.86,5,4.71,4.71,4.71,0.6,84,51384,7,TRUE,122.34400000000001,45,FALSE
1435511229949562056,Executive 2-Bedroom Suite 8 Min Walk to Novena MRT,220661611,Liv Residences - Serviced Apartment At Novena,TRUE,7,TRUE,Novena,Central Region,1.31899,103.84862,Entire serviced apartment,Entire home/apt,6,2,2,2,629.6,6,365,3,27,57,321,0,0,,,,,,,,,,,0,0,7,FALSE,104.93333333333334,48,FALSE
1436731706276503316,Studio for comfortable stay,238891646,Neha,FALSE,131,TRUE,Downtown Core,Central Region,1.2985947171165877,103.8542181286366,Entire rental unit,Entire home/apt,2,1,1,1,352.67,6,365,28,58,88,363,0,0,,,,,,,,,,,0,0,131,FALSE,176.335,7,FALSE
1440459312316583288,LIV Premier One Bedroom with balcony in Novena,50965838,Yiyi,TRUE,16,TRUE,Novena,Central Region,1.31757,103.84726,Entire rental unit,Entire home/apt,3,1,1,1,263.17,6,365,21,51,81,356,0,0,,,,,,,,,,,0,0,16,FALSE,87.72333333333334,44,FALSE
1442001028026359476,"Furama City Centre, Family suite",700813835,Furama Hotel City Centre,FALSE,57,TRUE,Outram,Central Region,1.286357,103.844994,Room in hotel,Private room,4,1,1,4,188.65,1,731,5,12,33,144,0,0,,,,,,,,,,,0,0,7,FALSE,47.1625,23,FALSE
1444516778044940580,Studio unit,701528793,Wei Chao,FALSE,11,TRUE,Bukit Merah,Central Region,1.28659,103.82026,Private room in serviced apartment,Private room,1,1,1,1,131,6,365,0,26,56,331,2,2,14-11-2025,05-01-2026,5,5,5,5,5,4.5,5,0.26,24,3144,11,TRUE,131,11,FALSE
1444523827569902033,Twin Bed Studio (1 Attached Bathroom),701528793,Wei Chao,FALSE,11,TRUE,Bukit Merah,Central Region,1.28457,103.81957,Entire rental unit,Entire home/apt,2,1,1,2,168.9,6,365,20,50,80,355,1,1,01-01-2026,01-01-2026,4,5,4,5,4,5,4,0.17,12,2027,11,TRUE,84.45,13,FALSE
1444547568409718047,Twin Room Studio,701528793,Wei Chao,FALSE,11,TRUE,Bukit Merah,Central Region,1.28678,103.82112,Entire rental unit,Entire home/apt,2,2,1,2,213.17,6,365,28,58,88,363,1,1,28-01-2026,28-01-2026,5,5,5,5,5,5,4,0.2,12,2558,11,TRUE,106.585,13,FALSE
1449345947252383766,Grand & Roomy Serviced Studio near MRT in CBD,13468566,Andy,FALSE,12,TRUE,Outram,Central Region,1.27639,103.84181,Entire rental unit,Entire home/apt,2,1,1,1,188.33,6,600,27,57,87,362,1,1,13-10-2025,13-10-2025,5,5,5,5,5,5,5,0.12,12,2260,12,TRUE,94.165,31,FALSE
1449362431787038446,Bright & Lush Serviced Studio in CBD near MRT,13468566,Andy,FALSE,12,TRUE,Outram,Central Region,1.2764053747359525,103.8424774164942,Entire rental unit,Entire home/apt,2,1,1,1,177,6,600,0,0,27,302,9,9,10-09-2025,12-04-2026,4.78,4.78,5,5,4.89,4.89,4.78,0.92,108,19116,12,TRUE,88.5,30,FALSE
1449745682595467553,In The Heart of Orchard  WIFI & Utilities Included,31975096,Clarence,FALSE,6,TRUE,River Valley,Central Region,1.2977323610746314,103.83999719815588,Entire condo,Entire home/apt,2,1,1,2,48.14,92,730,0,0,0,207,0,0,,,,,,,,,,,0,0,2,FALSE,24.07,31,FALSE
1450531852548562189,2 bedroom apt for long stay,238891646,Neha,FALSE,131,TRUE,Queenstown,Central Region,1.29273,103.80565,Entire rental unit,Entire home/apt,4,1,2,4,115.46,90,365,28,58,88,363,0,0,,,,,,,,,,,0,0,131,FALSE,28.865,14,FALSE
1451262371051824176,"Serviced apt, 1-bedrm Suite, 2 queen beds, sleep 4",396588956,Weave Living Singapore,TRUE,4,FALSE,Rochor,Central Region,1.30229,103.8498,Entire serviced apartment,Entire home/apt,5,1,1,2,472.67,6,365,0,0,0,257,1,1,20-08-2025,20-08-2025,5,5,5,5,5,5,5,0.1,12,5672,4,TRUE,94.534,14,FALSE
1453168478696970113,Nice common room in Summerdale,107642461,Frank,FALSE,1,TRUE,Jurong West,West Region,1.34211,103.71082,Private room in rental unit,Private room,1,1,1,1,20.39,92,365,29,59,89,364,0,0,,,,,,,,,,,0,0,1,FALSE,20.39,10,FALSE
1453309223666872783,Comfortable Stay Starts Here!,21868841,Gowri,FALSE,1,TRUE,Yishun,North Region,1.4209982,103.8434399,Private room in rental unit,Private room,2,1,1,2,20.1,92,365,26,56,85,176,0,0,,,,,,,,,,,0,0,1,FALSE,10.05,6,FALSE
1453652427627211407,Urban Male Bunks,465816408,Coller,FALSE,4,TRUE,Outram,Central Region,1.2822051260365537,103.84538758546114,Shared room in dome,Shared room,1,1,1,1,78,1,365,29,59,89,179,9,9,17-08-2025,02-11-2025,4.22,4.33,4.44,4.44,4.56,4.78,4.22,0.85,54,4212,4,TRUE,78,8,FALSE
1454846206172103024,Newly Renovated Studio Stevens #1 (Double Room),443920116,Metro Y Hotel Singapore,TRUE,3,TRUE,Tanglin,Central Region,1.316593964055088,103.82669900370485,Room in hotel,Private room,2,1,1,1,214.6,5,365,25,55,85,360,3,3,30-07-2025,28-02-2026,5,5,5,5,5,5,5,0.27,30,6438,3,TRUE,107.3,19,FALSE
1454885867603099496,Newly Renovated Studio Stevens #2 (Double Room),443920116,Metro Y Hotel Singapore,TRUE,3,TRUE,Tanglin,Central Region,1.3164635988694686,103.82650469247014,Room in hotel,Private room,2,1,1,1,214.6,5,365,25,55,85,353,2,2,25-08-2025,04-02-2026,4.5,5,5,5,5,5,5,0.19,20,4292,3,TRUE,107.3,19,FALSE
1454894973142599893,Newly Renovated Studio Stevens #3 (Triple Room),443920116,Metro Y Hotel Singapore,TRUE,3,TRUE,Tanglin,Central Region,1.3164438,103.8265488,Room in hotel,Private room,3,1,1,2,360.6,5,365,18,48,78,353,1,1,20-10-2025,20-10-2025,5,5,5,5,5,5,5,0.12,10,3606,3,TRUE,120.2,19,FALSE
1455853323635714732,Common Bedrm Near Paya Lebar MRT,678415491,Michael,FALSE,1,TRUE,Geylang,Central Region,1.3139295,103.8935415,Private room in rental unit,Private room,2,1,1,2,174.29,92,365,29,59,89,364,0,0,,,,,,,,,,,0,0,1,FALSE,87.145,12,FALSE
1457063470445292038,Furnished luxury apartment,401977167,Mitali,FALSE,1,TRUE,Bukit Timah,Central Region,1.3246388,103.8037623,Entire rental unit,Entire home/apt,4,1,2,4,100.75,92,107,29,59,89,364,0,0,,,,,,,,,,,0,0,1,FALSE,25.1875,11,FALSE
1462823694871478687,"Alma House, Two Bedroom Suite",653907958,Alma House,FALSE,5,TRUE,River Valley,Central Region,1.2929272,103.8386723,Room in hotel,Private room,4,1,2,2,451,6,365,17,43,71,343,1,1,04-03-2026,04-03-2026,1,1,1,2,1,3,1,0.25,12,5412,5,TRUE,112.75,12,FALSE
1462834422858790539,"Alma House, Two Bedroom Executive Suite",653907958,Alma House,FALSE,5,TRUE,River Valley,Central Region,1.2929272,103.8386723,Room in hotel,Private room,4,4,2,2,473,6,365,16,37,67,335,1,1,07-03-2026,07-03-2026,4,4,4,5,4,5,4,0.26,12,5676,5,TRUE,118.25,12,FALSE
1462838261247305625,"Alma House, Alma Family Suite",653907958,Alma House,FALSE,5,TRUE,River Valley,Central Region,1.29189,103.83966,Room in hotel,Private room,4,1,2,2,495,6,365,16,41,71,336,9,9,03-10-2025,09-04-2026,4.78,4.56,4.67,5,4.89,5,4.78,1,108,53460,5,TRUE,123.75,11,FALSE
1463662556790464966,1. Minimalist Cozy Studio Apt-Somerset/OrchardArea,10248444,Recr,FALSE,64,TRUE,River Valley,Central Region,1.29552,103.83806,Entire rental unit,Entire home/apt,3,1,1,2,145.65,28,365,0,9,39,301,0,0,,,,,,,,,,,0,0,64,FALSE,48.550000000000004,17,FALSE
1467926425879233888,Private Room w/ Ensuite Bathroom 7mins away,3951127,Sue,FALSE,6,TRUE,Rochor,Central Region,1.30859,103.85294,Private room in rental unit,Private room,2,1,1,2,28.2,92,180,26,56,86,361,0,0,,,,,,,,,,,0,0,6,FALSE,14.1,7,FALSE
1470060596734778022,Studio Serviced Apartment,708644503,Oxley Thanksgiving Residence,FALSE,4,TRUE,River Valley,Central Region,1.2960573,103.8408185,Private room in serviced apartment,Private room,3,1,1,1,380.33,6,365,13,39,69,344,2,2,20-09-2025,12-10-2025,5,5,5,5,5,5,4.5,0.21,24,9128,4,TRUE,126.77666666666666,20,FALSE
1472984114652915855,Deluxe 1-Bedroom Serviced Apartment,708644503,Oxley Thanksgiving Residence,FALSE,4,TRUE,River Valley,Central Region,1.2960573,103.8408185,Private room in rental unit,Private room,4,1,1,1,371,6,365,13,43,73,346,0,0,,,,,,,,,,,0,0,4,FALSE,92.75,21,FALSE
1472987864020236781,Premium 1-Bedroom Serviced Apartment,708644503,Oxley Thanksgiving Residence,FALSE,4,TRUE,River Valley,Central Region,1.2960573,103.8408185,Private room in rental unit,Private room,4,1,1,1,379.2,6,365,13,36,66,341,0,0,,,,,,,,,,,0,0,4,FALSE,94.8,23,FALSE
1472990906858898417,Premium 2-Bedroom Serviced Apartment,708644503,Oxley Thanksgiving Residence,FALSE,4,TRUE,River Valley,Central Region,1.2960573,103.8408185,Private room in rental unit,Private room,5,2,2,2,578.4,6,1125,7,22,49,308,0,0,,,,,,,,,,,0,0,4,FALSE,115.67999999999999,23,FALSE
1473745746266510347,Large One bedroom apartment,238891646,Neha,FALSE,131,TRUE,Bukit Merah,Central Region,1.29059,103.83258,Entire rental unit,Entire home/apt,3,2,1,1,425.83,6,365,28,58,88,363,0,0,,,,,,,,,,,0,0,131,FALSE,141.94333333333333,7,FALSE
1476055472555092851,Cozy Room in Central Singapore,307450836,Sofie,FALSE,1,TRUE,Kallang,Central Region,1.3083181,103.8631297,Private room in rental unit,Private room,1,1,1,1,46.71,97,365,22,52,82,357,0,0,,,,,,,,,,,0,0,1,FALSE,46.71,12,FALSE
1479367175394020790,Stay with a sassy woman,690634088,Mavis,FALSE,1,TRUE,Hougang,North-East Region,1.3803,103.90363,Private room in rental unit,Private room,2,1,1,2,26.77,92,365,29,59,89,364,0,0,,,,,,,,,,,0,0,1,FALSE,13.385,4,FALSE
1480442085196385740,Elegant 1 bedroom apartment near Orchard,238891646,Neha,FALSE,131,TRUE,River Valley,Central Region,1.29896,103.84155,Entire rental unit,Entire home/apt,3,1,1,1,604.83,6,365,28,58,88,363,0,0,,,,,,,,,,,0,0,131,FALSE,201.61,14,FALSE
1481005699303905208,"Coliving Single Room in Lavender, 10mins from mall",3951127,Sue,FALSE,6,TRUE,Kallang,Central Region,1.3117744048242397,103.86281538106492,Private room in rental unit,Private room,1,1,1,1,22.13,92,180,29,59,89,180,0,0,,,,,,,,,,,0,0,6,FALSE,22.13,8,FALSE
1481779879993987767,The Urban Pearl | Centren | 3BR,300765938,Xacco,FALSE,149,TRUE,Geylang,Central Region,1.3149598422145958,103.88390935868406,Entire rental unit,Entire home/apt,6,1,3,6,113.71,92,365,29,59,89,364,0,0,,,,,,,,,,,0,0,52,FALSE,18.951666666666664,8,FALSE
1481796223534795537,Large Gorgeous Junior Master Ensuite 280sqft!,1529439,Yiling,TRUE,5,TRUE,Bedok,East Region,1.318821,103.948266,Private room in home,Private room,1,1,1,1,31.92,92,365,29,59,89,364,0,0,,,,,,,,,,,0,0,5,FALSE,31.92,11,FALSE
1482210118474008691,Bedroom Balcony Kallang MRT Central,711876831,Mei,FALSE,1,TRUE,Geylang,Central Region,1.3101083678047456,103.87936281943156,Private room in rental unit,Private room,2,1,1,2,35.67,92,365,29,59,89,180,0,0,,,,,,,,,,,0,0,1,FALSE,17.835,7,FALSE
1482336060835379615,Deluxe queen room,712071209,H81 Osaka,FALSE,3,TRUE,Bukit Merah,Central Region,1.28341,103.83503,Room in hotel,Private room,2,1,1,2,136.18,1,731,29,59,89,358,17,17,29-09-2025,03-06-2026,4.41,4.65,4.41,4.88,4.35,4.71,4.18,1.84,102,13890,1,TRUE,68.09,18,FALSE
1482344493186290992,Deluxe queen,712073239,Hotel 81 Fuji,FALSE,2,TRUE,Novena,Central Region,1.3222,103.85268,Room in hotel,Private room,2,1,1,2,95.21,1,731,29,59,86,174,1,1,08-10-2025,08-10-2025,2,3,2,5,4,2,2,0.11,6,571,1,TRUE,47.605,16,FALSE
1482348552454729497,Superior twin room,712073934,H81 Selegie,FALSE,2,TRUE,Rochor,Central Region,1.30355,103.84992,Room in hotel,Private room,2,1,1,2,104.83,1,731,21,49,69,314,39,39,02-10-2025,14-06-2026,4.21,4.23,4.33,4.72,4.46,4.44,4.08,4.27,234,24530,1,TRUE,52.415,18,FALSE
1482350301412095431,"Hotel 81 Kovan, Standard queen",712074229,Hotel 81 Kovan,FALSE,3,TRUE,Hougang,North-East Region,1.35427,103.87892,Room in hotel,Private room,2,1,1,2,114.44,1,731,29,59,89,337,1,1,25-01-2026,25-01-2026,3,2,2,3,1,3,1,0.19,6,687,1,TRUE,57.22,18,FALSE
1482625474739238932,LIV Premier King Bed Studio in Novena,68059127,Wei,TRUE,50,TRUE,Novena,Central Region,1.317631838333851,103.84869095387316,Entire rental unit,Entire home/apt,2,1,1,1,251.17,6,365,10,40,70,345,1,1,30-10-2025,30-10-2025,5,4,5,5,5,5,3,0.12,12,3014,50,TRUE,125.585,40,FALSE
1483118131026140324,"H81 Lavender, Standard queen",712274411,H81 Lavender,FALSE,2,TRUE,Kallang,Central Region,1.31083,103.86232,Room in hotel,Private room,2,1,1,2,104.83,1,731,21,41,67,292,1,1,06-02-2026,06-02-2026,3,4,3,5,5,4,4,0.2,6,629,1,TRUE,52.415,14,FALSE
1483389832866759501,Masterbedroom + private bathroom,685354244,Allie,FALSE,1,TRUE,Clementi,West Region,1.3050372016651728,103.76703134471624,Private room in rental unit,Private room,2,1,1,2,31.41,90,365,0,0,0,252,7,7,26-09-2025,26-11-2025,4,4,4.57,4.71,4.57,4.29,4,0.76,255,8010,1,TRUE,15.705,36,FALSE
1484750558546581098,Train Pod @ one-north Premier Room,109741357,Lorraine,TRUE,11,TRUE,Queenstown,Central Region,1.2958922998964717,103.78700709325408,Private room in train,Private room,2,1,1,2,97,1,365,11,26,52,137,0,0,,,,,,,,,,,0,0,11,FALSE,48.5,13,FALSE
1484757313421784884,Train Pod @ one-north Standard Rooms,109741357,Lorraine,TRUE,11,TRUE,Queenstown,Central Region,1.29491,103.78608,Private room in train,Private room,2,1,7,14,72.6,1,365,22,51,81,175,58,58,06-09-2025,05-06-2026,4.66,4.84,4.76,4.74,4.84,4.69,4.69,5.86,255,18513,11,TRUE,36.3,17,FALSE
1485263476081186653,New 3 bedrm apartment Jan 2025,122620134,Amy,FALSE,7,TRUE,Tampines,East Region,1.3409750655705264,103.96209098626508,Entire home,Entire home/apt,3,1,3,3,64.81,92,365,29,59,89,364,0,0,,,,,,,,,,,0,0,6,FALSE,21.603333333333335,27,FALSE
1485469452306568394,g. Cozy Room @ Aljunied /Geylang,581868519,Nanda,TRUE,7,TRUE,Geylang,Central Region,1.31298,103.882,Private room in rental unit,Private room,2,1,1,2,16.59,92,365,29,59,60,153,1,1,31-05-2026,31-05-2026,5,5,5,4,5,5,5,0.91,184,3053,6,TRUE,8.295,34,FALSE
1486242516753075161,Cosy & Chill Condo,12569371,Nigel,FALSE,2,TRUE,Bukit Timah,Central Region,1.339047044773136,103.7691206485033,Entire condo,Entire home/apt,2,1,1,2,61.41,90,365,0,0,0,243,1,1,25-08-2025,25-08-2025,5,5,5,5,5,4,5,0.1,180,11054,2,TRUE,30.705,53,FALSE
1487440954785229290,Maison Alexis,300765938,Xacco,FALSE,149,TRUE,Queenstown,Central Region,1.29106,103.80619,Entire rental unit,Entire home/apt,6,1,3,6,91.67,92,365,29,59,89,364,0,0,,,,,,,,,,,0,0,52,FALSE,15.278333333333334,9,FALSE
1487539333274278390,More-ish Mori,300765938,Xacco,FALSE,149,TRUE,Geylang,Central Region,1.3102,103.88263,Entire rental unit,Entire home/apt,6,1,3,6,72.53,92,365,9,9,9,272,0,0,,,,,,,,,,,0,0,52,FALSE,12.088333333333333,9,FALSE
1488966763261669056,"1BR for 2pp, Beach-like pool",35444289,Nks,TRUE,9,TRUE,Pasir Ris,East Region,1.371184998952505,103.94613772630692,Entire rental unit,Entire home/apt,2,1,1,2,35.21,92,365,29,35,35,217,0,0,,,,,,,,,,,0,0,1,FALSE,17.605,34,FALSE
1489924245244842785,1. Comfy Studio Apt w WIFI @ Somerset/Orchard Area,109333133,Pat,FALSE,73,TRUE,River Valley,Central Region,1.29506,103.84008,Entire rental unit,Entire home/apt,3,1,1,1,126.09,29,365,0,12,42,304,0,0,,,,,,,,,,,0,0,73,FALSE,42.03,19,FALSE
1489940511653564615,1. Comfy 2QB Studio Apt/WIFI @Somerset/OrchardArea,10248444,Recr,FALSE,64,TRUE,River Valley,Central Region,1.29617,103.84007,Entire rental unit,Entire home/apt,4,1,1,2,134.4,28,365,0,24,54,316,0,0,,,,,,,,,,,0,0,64,FALSE,33.6,21,FALSE
1490916585435130337,DLX 4bedroom Family Suite CH,572592994,Henry,FALSE,3,TRUE,Singapore River,Central Region,1.2879633,103.8489101,Shared room in bed and breakfast,Shared room,8,1,1,8,477,1,365,25,49,74,164,2,2,28-09-2025,02-10-2025,3.5,3,3.5,3,3,4,3,0.22,12,5724,3,TRUE,59.625,31,FALSE
1490981728850858299,Single Studio - Minimum Stay(7 days),701528793,Wei Chao,FALSE,11,TRUE,Bukit Merah,Central Region,1.28641,103.81941,Private room in serviced apartment,Private room,1,1,1,1,164.17,6,365,28,58,88,363,0,0,,,,,,,,,,,0,0,11,FALSE,164.17,12,FALSE
1491112514164260551,Lush Trees @ Hundred Trees,300765938,Xacco,FALSE,149,TRUE,Clementi,West Region,1.3139,103.75984,Entire rental unit,Entire home/apt,6,1,3,6,87.68,90,365,22,52,82,357,0,0,,,,,,,,,,,0,0,52,FALSE,14.613333333333335,9,FALSE
1491160897709764359,"V Hotel Lavender, Superior twin room",696336784,V Hotel Lavender,FALSE,6,TRUE,Kallang,Central Region,1.30777,103.86198,Room in hotel,Private room,2,1,1,2,166.81,1,731,16,45,75,224,3,3,01-11-2025,10-05-2026,4,4.33,4.33,4.67,4.33,5,3.67,0.37,18,3003,3,TRUE,83.405,23,FALSE
1491161461423699555,"V Hotel Lavender, Premier queen room",696336784,V Hotel Lavender,FALSE,6,TRUE,Kallang,Central Region,1.30777,103.86198,Room in hotel,Private room,2,1,1,2,166.81,1,731,27,57,87,236,0,0,,,,,,,,,,,0,0,3,FALSE,83.405,23,FALSE
1491162043816775904,Deluxe triple room,696336784,V Hotel Lavender,FALSE,6,TRUE,Kallang,Central Region,1.30777,103.86198,Room in hotel,Private room,3,1,1,3,166.81,1,731,26,56,86,235,7,7,10-09-2025,21-06-2026,4.71,4.57,4.57,4.86,4.71,4.86,4.86,0.71,42,7006,3,TRUE,55.60333333333333,23,FALSE
1491703106286080215,Urban Female Only Bunk,465816408,Coller,FALSE,4,TRUE,Outram,Central Region,1.2828701110527507,103.8445439526834,Shared room in dome,Shared room,1,1,1,1,108,1,365,29,59,89,174,0,0,,,,,,,,,,,0,0,4,FALSE,108,8,FALSE
1492058548716686634,Deluxe King bed studio with pool in LIV Novena,68059127,Wei,TRUE,50,TRUE,Novena,Central Region,1.3184258,103.8477195,Entire rental unit,Entire home/apt,3,1,1,1,274,6,365,7,37,67,342,2,2,10-11-2025,23-02-2026,4.5,5,5,5,5,5,5,0.26,24,6576,50,TRUE,91.33333333333333,44,FALSE
1493301652450529466,"V Hotel Bencoolen, Superior queen room",696337176,,,,,Rochor,Central Region,1.29913,103.85046,Room in hotel,Private room,2,1,1,2,162.64,1,731,10,40,70,148,2,2,23-09-2025,04-06-2026,4,3.5,5,5,4,5,3.5,0.21,12,1952,2,TRUE,81.32,23,FALSE
1493321103157082188,"V Hotel Bencoolen, Studio room",696337176,,,,,Rochor,Central Region,1.29913,103.85046,Room in hotel,Private room,3,1,1,3,229.36,1,731,17,46,76,154,0,0,,,,,,,,,,,0,0,2,FALSE,76.45333333333333,23,FALSE
1493340902966617273,Citylight Atrium | Atrium Residence,300765938,Xacco,FALSE,149,TRUE,Geylang,Central Region,1.31434,103.88655,Entire rental unit,Entire home/apt,6,1,3,6,87.44,90,365,29,59,89,364,0,0,,,,,,,,,,,0,0,52,FALSE,14.573333333333332,9,FALSE
1493598155663078247,1. Cozy Studio Apt w WIFI @ Somerset /Orchard Area,109333133,Pat,FALSE,73,TRUE,River Valley,Central Region,1.29642,103.83971,Entire rental unit,Entire home/apt,3,1,1,3,79.16,29,365,0,15,45,307,0,0,,,,,,,,,,,0,0,73,FALSE,26.386666666666667,6,FALSE
1493598328098570210,1. Comfy Studio Apt /WIFI @ Somerset/Orchard Area,10248444,Recr,FALSE,64,TRUE,River Valley,Central Region,1.29612,103.83796,Entire rental unit,Entire home/apt,3,1,1,1,130.09,28,365,7,20,50,311,0,0,,,,,,,,,,,0,0,64,FALSE,43.36333333333334,18,FALSE
1494085111775419009,The Emerald Stay | Emerald Park,300765938,Xacco,FALSE,149,TRUE,Bukit Merah,Central Region,1.28903,103.82885,Entire rental unit,Entire home/apt,6,1,3,6,91.99,90,365,29,44,44,273,0,0,,,,,,,,,,,0,0,52,FALSE,15.331666666666665,9,FALSE
1494135102346372429,Riviera Bliss | Parc Riviera,300765938,Xacco,FALSE,149,TRUE,Clementi,West Region,1.3203,103.75214,Entire rental unit,Entire home/apt,6,1,3,6,91.87,92,365,29,59,89,364,0,0,,,,,,,,,,,0,0,52,FALSE,15.311666666666667,9,FALSE
1494887281135886016,City Comfy Room Suite/WIFI @ Somerset/Orchard Area,109333133,Pat,FALSE,73,TRUE,River Valley,Central Region,1.29429,103.83864,Private room in rental unit,Private room,2,1,1,2,45.19,58,365,0,20,50,311,1,1,21-12-2025,21-12-2025,5,5,5,5,5,5,5,0.15,116,5242,73,TRUE,22.595,20,FALSE
1494887320601867335,Central located Room Suite @ Somerset/Orchard Area,10248444,Recr,FALSE,64,TRUE,River Valley,Central Region,1.29623,103.84013,Private room in rental unit,Private room,2,1,1,1,139.15,28,365,0,9,39,301,0,0,,,,,,,,,,,0,0,64,FALSE,69.575,18,FALSE
1495667656926912375,Garden view + Large Pool,84942477,Chloe,TRUE,31,TRUE,Pasir Ris,East Region,1.3708417747170945,103.94569113850594,Entire rental unit,Entire home/apt,3,1,1,3,31.17,92,365,0,0,0,145,4,4,30-08-2025,14-12-2025,5,5,5,5,4.75,5,5,0.39,255,7948,1,TRUE,10.39,11,FALSE
1496151732298903272,Parc Vista 4BR Escape,300765938,Xacco,FALSE,149,TRUE,Clementi,West Region,1.32183,103.75273,Entire rental unit,Entire home/apt,8,1,4,8,104.77,92,365,9,9,9,272,0,0,,,,,,,,,,,0,0,52,FALSE,13.09625,9,FALSE
1496193040989628166,Farrer Luxe Loft | Uptown@Farrer,300765938,Xacco,FALSE,149,TRUE,Kallang,Central Region,1.31391,103.85475,Entire rental unit,Entire home/apt,6,1,3,6,88.65,92,365,29,59,89,364,0,0,,,,,,,,,,,0,0,52,FALSE,14.775,9,FALSE
1496231766157815351,Metro Mood @ Atrium,300765938,Xacco,FALSE,149,TRUE,Geylang,Central Region,1.31411,103.88635,Entire rental unit,Entire home/apt,6,1,3,6,64.47,92,365,9,9,9,272,0,0,,,,,,,,,,,0,0,52,FALSE,10.745,9,FALSE
1496272170156267558,ChicStay@Alexis,300765938,Xacco,FALSE,149,TRUE,Queenstown,Central Region,1.29039,103.80636,Entire rental unit,Entire home/apt,6,1,3,6,87.04,92,365,29,59,89,364,0,0,,,,,,,,,,,0,0,52,FALSE,14.506666666666668,6,FALSE
1496295827957978650,MetroHarbour Haven,300765938,Xacco,FALSE,149,TRUE,Queenstown,Central Region,1.27978,103.78425,Entire rental unit,Entire home/apt,6,1,3,6,92.52,92,365,29,59,89,364,0,0,,,,,,,,,,,0,0,52,FALSE,15.42,6,FALSE
1496310400207856454,Sunville Serenity Stay,300765938,Xacco,FALSE,149,TRUE,Kallang,Central Region,1.32558,103.86477,Entire rental unit,Entire home/apt,8,1,4,8,91.87,92,365,29,59,89,364,0,0,,,,,,,,,,,0,0,52,FALSE,11.48375,9,FALSE
1496323183193781879,StayEase @ Evergreen,300765938,Xacco,FALSE,149,TRUE,Geylang,Central Region,1.31445,103.88823,Entire rental unit,Entire home/apt,6,1,3,6,91.87,92,365,29,59,89,364,0,0,,,,,,,,,,,0,0,52,FALSE,15.311666666666667,7,FALSE
1496841118799403519,Central Chic @ Uptown,300765938,Xacco,FALSE,149,TRUE,Kallang,Central Region,1.31383,103.8552,Entire rental unit,Entire home/apt,6,1,3,6,88.65,92,365,29,59,89,364,0,0,,,,,,,,,,,0,0,52,FALSE,14.775,9,FALSE
1496897530262402035,1 bedroom apartment with 2 beds,238891646,Neha,FALSE,131,TRUE,Bukit Merah,Central Region,1.2887,103.83077,Entire rental unit,Entire home/apt,4,2,1,2,276.03,30,365,28,58,88,363,2,2,06-10-2025,02-01-2026,5,5,5,5,5,5,5,0.22,120,33124,131,TRUE,69.0075,11,FALSE
1497501411929097100,City Cozy Room Suite w WIFI@ Somerset/Orchard Area,109333133,Pat,FALSE,73,TRUE,River Valley,Central Region,1.29623,103.83816,Private room in rental unit,Private room,2,1,1,1,92.6,29,365,0,28,58,325,0,0,,,,,,,,,,,0,0,73,FALSE,46.3,7,FALSE
1497502910779552587,City Cozy Room Suite w WIFI@ Somerset/Orchard Area,61619807,Ong,FALSE,61,FALSE,River Valley,Central Region,1.29639,103.83922,Private room in rental unit,Private room,2,1,1,2,52.05,28,365,0,8,8,266,0,0,,,,,,,,,,,0,0,60,FALSE,26.025,19,FALSE
1497564515337300800,Brand New Private Apartment! Fully Furnished!,589708063,Daniel,FALSE,1,TRUE,Marine Parade,Central Region,1.30765,103.90729,Entire rental unit,Entire home/apt,3,1,1,3,34.68,92,365,0,15,45,223,0,0,,,,,,,,,,,0,0,1,FALSE,11.56,11,FALSE
1497632717747861839,5-Beds Family Room in Serviced Apartment,342184452,Amit,FALSE,3,TRUE,Bedok,East Region,1.32032,103.91279,Private room in serviced apartment,Private room,5,1,3,16,60,1,365,29,59,89,348,0,0,,,,,,,,,,,0,0,1,FALSE,12,28,FALSE
1497759355112905740,1. City Cozy Studio APT/WIFI @Somerset/OrchardArea,61619807,Ong,FALSE,61,FALSE,River Valley,Central Region,1.29409,103.83806,Entire rental unit,Entire home/apt,3,1,1,3,68.79,8,365,1,8,38,299,1,1,06-06-2026,06-06-2026,5,5,4,5,5,5,5,1,16,1101,60,TRUE,22.930000000000003,23,FALSE
1498893172134420576,Stylish 2-bedroom Suite 148 sqm in Singapore,800558,⁨Kim (金)⁩,FALSE,38,TRUE,Downtown Core,Central Region,1.2823674,103.851679,Entire rental unit,Entire home/apt,4,2,2,2,1389.75,4,365,26,56,86,355,0,0,,,,,,,,,,,0,0,10,FALSE,347.4375,23,TRUE
1498933086425839983,Elegant 2-Bedroom Premier Suite 80 sqm-Singapore,800558,⁨Kim (金)⁩,FALSE,38,TRUE,Newton,Central Region,1.3067162,103.8373289,Entire rental unit,Entire home/apt,4,2,2,2,1630,4,30,29,59,89,364,0,0,,,,,,,,,,,0,0,10,FALSE,407.5,23,TRUE
1499023233541585869,LIV Executive 1-bedroom with balcony/bathtub/pool,50965838,Yiyi,TRUE,16,TRUE,Novena,Central Region,1.31773,103.84855,Entire rental unit,Entire home/apt,4,1,1,2,351.33,6,365,4,34,64,333,3,3,16-10-2025,08-12-2025,4.67,5,5,5,5,5,4.67,0.35,36,12648,16,TRUE,87.8325,44,FALSE
1500645955797566035,"Furama City Centre, Deluxe double or twin advan...",700813835,Furama Hotel City Centre,FALSE,57,TRUE,Outram,Central Region,1.28636,103.84499,Room in hotel,Private room,2,1,1,2,221.65,1,731,29,59,89,259,0,0,,,,,,,,,,,0,0,7,FALSE,110.825,23,FALSE
1500649381397097761,"Furama City Centre, Family room advance 14 days...",700813835,Furama Hotel City Centre,FALSE,57,TRUE,Outram,Central Region,1.28636,103.84499,Room in hotel,Private room,2,1,1,2,233.05,1,731,7,22,48,138,0,0,,,,,,,,,,,0,0,7,FALSE,116.525,23,FALSE
1503328375771943833,Gorgeous 3156 sqft 4Bdrm Penthouse Sentosa Island,156754281,Sonny,FALSE,1,TRUE,Southern Islands,Central Region,1.2517224,103.8479588,Entire rental unit,Entire home/apt,6,1,4,6,387.96,92,712,22,52,82,357,0,0,,,,,,,,,,,0,0,1,FALSE,64.66,14,FALSE
1505620790609143899,2 bedder Penthouse Garden. House next to MRT,122620134,Amy,FALSE,7,TRUE,Tampines,East Region,1.33666,103.95881,Entire home,Entire home/apt,2,1,2,2,62.86,92,365,29,59,89,364,0,0,,,,,,,,,,,0,0,6,FALSE,31.43,24,FALSE
1506342191962439734,Keystone Harbourfront - Deluxe Suite for Two,717297768,The Keystone,FALSE,7,TRUE,Bukit Merah,Central Region,1.27265,103.82831,Private room in serviced apartment,Private room,2,1,1,1,138.83,6,1125,27,57,87,149,17,17,09-12-2025,08-05-2026,4.53,4.35,4.71,4.59,4.53,4.47,4.41,2.51,204,28321,7,TRUE,69.415,33,FALSE
1507287508101064285,Keystone Harbourfront - Cosy Traveler's Nook,717297768,The Keystone,FALSE,7,TRUE,Bukit Merah,Central Region,1.27134,103.82821,Private room in serviced apartment,Private room,1,1,1,1,121.67,6,1125,27,57,87,149,11,11,06-12-2025,10-03-2026,4.55,4.55,4.36,4.27,4.55,4.45,4.27,1.6,132,16060,7,TRUE,121.67,28,FALSE
1507605851736796869,Keystone Harbourfront - Harbour & Sea View Suite,717297768,The Keystone,FALSE,7,TRUE,Bukit Merah,Central Region,1.27155,103.82838,Private room in serviced apartment,Private room,2,1,1,1,151.17,6,1125,27,57,87,355,27,27,06-10-2025,19-05-2026,4.56,4.52,4.52,4.81,4.67,4.67,4.56,3.03,255,38548,7,TRUE,75.585,29,FALSE
1509384651330379146,Premium 3 Bedrooms plus Utility Room,28812403,Huiting,FALSE,1,TRUE,Geylang,Central Region,1.3131324,103.8857419,Entire rental unit,Entire home/apt,6,1,3,6,76.03,92,365,29,59,89,364,0,0,,,,,,,,,,,0,0,1,FALSE,12.671666666666667,8,FALSE
1511246418797027809,Bright and Cozy Room near MRT,6359940,Grace,FALSE,1,TRUE,Serangoon,North-East Region,1.3664402,103.8740143,Private room in condo,Private room,2,1,1,2,23.88,92,365,0,0,29,304,0,0,,,,,,,,,,,0,0,1,FALSE,11.94,10,FALSE
1511369769577036852,"Double room, stay from 8PM to 9AM near Bugis MRT",719256327,A Hotel Bugis,FALSE,2,TRUE,Downtown Core,Central Region,1.29615,103.85512,Room in hotel,Private room,2,1,1,1,128,1,365,29,59,89,354,0,0,,,,,,,,,,,0,0,2,FALSE,64,21,FALSE
1511424834671115693,"Twin bed, stay from 8PM to 9AM near Bugis MRT",719256327,A Hotel Bugis,FALSE,2,TRUE,Downtown Core,Central Region,1.29655,103.85693,Room in hotel,Private room,2,1,1,2,128,1,365,29,59,89,351,0,0,,,,,,,,,,,0,0,2,FALSE,64,24,FALSE
1511449671909596086,Fort780 1-BR with Balcony near NEX Mall/MRT,159031223,Stay With Fort,TRUE,8,TRUE,Hougang,North-East Region,1.354504,103.8792865,Entire serviced apartment,Entire home/apt,2,1,1,1,227,6,1125,0,26,56,330,1,1,08-04-2026,08-04-2026,5,5,5,5,5,5,4,0.36,12,2724,8,TRUE,113.5,54,FALSE
1512097070503206292,"Superior room, stay from 7PM to 9AM in Joo chiat",719430690,A Hotel Joo Chiat,FALSE,2,TRUE,Geylang,Central Region,1.31393,103.89794,Room in hotel,Private room,2,1,1,1,100,1,365,29,59,89,360,1,1,19-04-2026,19-04-2026,4,4,4,5,4,4,4,0.42,6,600,2,TRUE,50,19,FALSE
1512117785906207805,"Deluxe window in Joo Chiat, stay from 7PM to 9AM",719430690,A Hotel Joo Chiat,FALSE,2,TRUE,Geylang,Central Region,1.31598,103.89767,Room in hotel,Private room,2,1,1,1,83.2,1,365,29,59,89,360,0,0,,,,,,,,,,,0,0,2,FALSE,41.6,20,FALSE
1512329133212402881,Central Located Studio Apt @ Somerset/Orchard Area,109333133,Pat,FALSE,73,TRUE,River Valley,Central Region,1.29625,103.83926,Entire rental unit,Entire home/apt,4,1,1,1,123.61,29,365,0,12,42,304,0,0,,,,,,,,,,,0,0,73,FALSE,30.9025,18,FALSE
1512330429155080859,1. City Studio Apt/Balcony @ Somerset/Orchard Area,109333133,Pat,FALSE,73,TRUE,River Valley,Central Region,1.29556,103.83991,Entire rental unit,Entire home/apt,2,1,1,2,64.1,29,365,0,0,11,273,0,0,,,,,,,,,,,0,0,73,FALSE,32.05,20,FALSE
1512931777755801247,Quad Room Sharing (Male Only),701528793,Wei Chao,FALSE,11,TRUE,Bukit Merah,Central Region,1.2856549,103.8204684,Shared room in rental unit,Shared room,1,1,1,1,53.67,6,365,28,58,88,363,1,1,19-10-2025,19-10-2025,5,5,5,5,5,5,5,0.12,12,644,11,TRUE,53.67,11,FALSE
1512947567862866359,Superior queen room with breakfast,696337650,Hotel Mi Bencoolen,FALSE,12,TRUE,Rochor,Central Region,1.29901,103.84999,Room in hotel,Private room,2,1,1,2,206.86,1,731,0,0,0,4,0,0,,,,,,,,,,,0,0,7,FALSE,103.43,21,FALSE
1512947581595017656,Superior queen balcony with breakfast,696337650,Hotel Mi Bencoolen,FALSE,12,TRUE,Rochor,Central Region,1.29901,103.84999,Room in hotel,Private room,2,1,1,2,206.86,1,731,0,0,0,4,0,0,,,,,,,,,,,0,0,7,FALSE,103.43,21,FALSE
1512947802280280075,Premier queen room with breakfast,696337650,Hotel Mi Bencoolen,FALSE,12,TRUE,Rochor,Central Region,1.29901,103.84999,Room in hotel,Private room,2,1,1,2,206.86,1,731,0,0,0,4,0,0,,,,,,,,,,,0,0,7,FALSE,103.43,21,FALSE
1513075651004479756,"Capsule in the heart of City, Singapore Riverside",719655921,CoZzzee Hostel,FALSE,1,TRUE,Singapore River,Central Region,1.28781,103.84897,Shared room in hostel,Shared room,1,1,1,1,51,1,365,29,57,87,357,58,58,29-09-2025,18-05-2026,4.6,4.64,4.76,4.52,4.64,4.66,4.57,6.35,255,13005,1,TRUE,51,25,FALSE
1515173611230669615,Nice Condo Master room at Kembangan MRT,265191783,Sally,FALSE,7,TRUE,Bedok,East Region,1.3278531,103.9112771,Private room in rental unit,Private room,2,1,1,2,21.98,92,365,0,28,58,333,0,0,,,,,,,,,,,0,0,3,FALSE,10.99,9,FALSE
1515835427941419732,Brand New Private Apartment! Fully Furnished!,94903993,Ts,FALSE,2,TRUE,Marine Parade,Central Region,1.3123973530420665,103.90609419990642,Entire rental unit,Entire home/apt,3,1,1,3,35.97,92,365,0,0,0,199,0,0,,,,,,,,,,,0,0,2,FALSE,11.99,13,FALSE
1515950777837294381,Garden view apartment with nice patio entrance,122620134,Amy,FALSE,7,TRUE,Tampines,East Region,1.3573073206463748,103.94116684249346,Entire rental unit,Entire home/apt,3,1,3,3,48.06,92,365,22,52,82,355,0,0,,,,,,,,,,,0,0,6,FALSE,16.02,14,FALSE
1516621496295994717,Reasonable Studio unit at Amber Road,238891646,Neha,FALSE,131,TRUE,Marine Parade,Central Region,1.29967,103.90214,Entire rental unit,Entire home/apt,2,1,1,1,325.17,6,365,28,58,88,363,0,0,,,,,,,,,,,0,0,131,FALSE,162.585,6,FALSE
1517031869355239094,Quad Sharing (Female Only),701528793,Wei Chao,FALSE,11,TRUE,Bukit Merah,Central Region,1.28566,103.82047,Shared room in rental unit,Shared room,1,1,1,4,63,6,365,28,58,88,363,0,0,,,,,,,,,,,0,0,11,FALSE,63,11,FALSE
1517064583213705389,"Check Inn Hotel, Premier room",720583609,,,,,Rochor,Central Region,1.30761,103.85068,Room in hotel,Private room,2,1,1,2,90.76,1,731,20,50,80,180,0,0,,,,,,,,,,,0,0,4,FALSE,45.38,19,FALSE
1517064583533093041,"Check Inn Hotel, Signature room",720583609,,,,,Rochor,Central Region,1.30761,103.85068,Room in hotel,Private room,2,1,1,2,102.86,1,731,19,49,79,178,0,0,,,,,,,,,,,0,0,4,FALSE,51.43,19,FALSE
1517064729158707374,Next to MRT station & food stalls,720583609,,,,,Rochor,Central Region,1.30761,103.85068,Room in hotel,Private room,1,1,1,1,75.63,1,731,18,48,78,180,3,3,10-04-2026,28-06-2026,5,4.67,5,5,5,4.67,4.67,1.07,18,1361,4,TRUE,75.63,19,FALSE
1517064857784708944,"Check Inn Hotel, Family room",720583609,,,,,Rochor,Central Region,1.30761,103.85068,Room in hotel,Private room,4,1,1,4,75.63,1,731,10,34,64,166,0,0,,,,,,,,,,,0,0,4,FALSE,18.9075,19,FALSE
1517849971813819572,Aranda Country Club (2nd floor #2),651570560,Aranda Country Club,FALSE,4,TRUE,Pasir Ris,East Region,1.3760939,103.9535395,Room in aparthotel,Entire home/apt,4,1,2,4,299,1,7,5,28,58,108,3,3,05-10-2025,03-05-2026,4.67,4.33,4.67,5,5,4.67,3.67,0.34,18,5382,4,TRUE,74.75,21,FALSE
1517866689870381620,4-Bed Female Dormitory Room near MRT |Quiet&Clean,711461826,Dexiang,TRUE,4,TRUE,Bukit Merah,Central Region,1.28523,103.83412,Shared room in home,Shared room,1,1,1,1,58,1,99,1,1,1,1,8,8,25-01-2026,25-05-2026,5,5,4.88,4.88,5,5,4.88,1.53,48,2784,4,TRUE,58,5,FALSE
1517872918551641085,8-Bed Mixed Dormitory Room near MRT |Quiet & Clean,711461826,Dexiang,TRUE,4,TRUE,Bukit Merah,Central Region,1.28399,103.83427,Shared room in hostel,Shared room,1,1,1,1,38,1,99,29,59,89,361,21,21,20-01-2026,18-06-2026,4.76,4.86,4.76,4.71,4.86,4.86,4.71,3.91,126,4788,4,TRUE,38,5,FALSE
1517875650522335553,6-Bed Mixed Dormitory Room near MRT |Quiet & Clean,711461826,Dexiang,TRUE,4,TRUE,Bukit Merah,Central Region,1.28389,103.83416,Shared room in hostel,Shared room,1,1,1,1,48,1,99,29,59,89,361,10,10,02-01-2026,22-03-2026,5,5,4.9,4.9,5,5,5,1.68,60,2880,4,TRUE,48,5,FALSE
1517884183424884729,4-Bed Mixed Dormitory Room near MRT |Quiet &Clean,711461826,Dexiang,TRUE,4,TRUE,Bukit Merah,Central Region,1.28376,103.83455,Shared room in hostel,Shared room,1,1,1,1,58,1,99,1,1,1,1,18,18,03-01-2026,19-06-2026,4.89,5,4.94,5,5,4.94,4.89,3.02,108,6264,4,TRUE,58,5,FALSE
1517967627823141719,Aranda Country Club (Ground floor #2),651570560,Aranda Country Club,FALSE,4,TRUE,Pasir Ris,East Region,1.3760939,103.9535395,Room in aparthotel,Entire home/apt,4,2,2,3,330,1,7,12,38,66,117,0,0,,,,,,,,,,,0,0,4,FALSE,82.5,21,FALSE
1521405956894185758,Quad Room Sharing (Male Only),701528793,Wei Chao,FALSE,11,TRUE,Bukit Merah,Central Region,1.2856549,103.8204684,Shared room in rental unit,Shared room,1,1,1,1,70.83,6,365,28,58,88,363,1,1,10-10-2025,10-10-2025,5,5,5,5,5,2,4,0.11,12,850,11,TRUE,70.83,11,FALSE
1521415661955704800,Quad Room Sharing (Female Only),701528793,Wei Chao,FALSE,11,TRUE,Bukit Merah,Central Region,1.2856549,103.8204684,Shared room in rental unit,Shared room,1,1,1,1,59.17,6,365,28,58,88,363,0,0,,,,,,,,,,,0,0,11,FALSE,59.17,11,FALSE
1523537343908804726,Quad Sharing (Male),701528793,Wei Chao,FALSE,11,TRUE,Bukit Merah,Central Region,1.2856549,103.8204684,Shared room in rental unit,Shared room,1,1,1,1,80.67,6,365,28,58,88,363,0,0,,,,,,,,,,,0,0,11,FALSE,80.67,11,FALSE
1526636899101939497,Single Room in Bugis,722769303,The Quay Hotel Bugis,FALSE,7,TRUE,Rochor,Central Region,1.30377,103.85927,Room in hotel,Private room,1,1,1,1,95,1,365,27,55,85,346,34,34,10-01-2026,12-06-2026,4.62,4.62,4.38,4.91,4.76,4.91,4.44,5.96,204,19380,7,TRUE,95,21,FALSE
1530944479165978553,Woodlands Singapore!,660809460,Sri,FALSE,1,TRUE,Woodlands,North Region,1.4338806132249866,103.77671297639608,Private room in rental unit,Private room,2,1,1,2,13.29,92,365,26,56,86,267,0,0,,,,,,,,,,,0,0,1,FALSE,6.645,16,FALSE
1531690581068543806,Keystone Clarke Quay - 1BR + L-Shaped Living Space,717297768,The Keystone,FALSE,7,TRUE,River Valley,Central Region,1.29393,103.84052,Private room in serviced apartment,Private room,2,1,1,1,150,6,1125,26,56,86,147,8,8,26-12-2025,08-05-2026,4.88,5,5,5,4.88,5,4.88,1.29,96,14400,7,TRUE,75,30,FALSE
1531714746744908217,Hotel JJH,551176650,Louis,FALSE,2,TRUE,Rochor,Central Region,1.3031833303056533,103.8590618846558,Room in hotel,Private room,2,1,1,1,209,1,365,0,0,0,179,1,1,29-11-2025,29-11-2025,2,2,2,2,1,3,3,0.14,6,1254,2,TRUE,104.5,7,FALSE
1531715785554120096,1 Bedroom Condo for rent  | City-Fringe,657864050,Singapore,FALSE,8,TRUE,Novena,Central Region,1.3273223,103.8479391,Entire rental unit,Entire home/apt,4,1,1,4,50.15,92,365,29,59,89,364,0,0,,,,,,,,,,,0,0,8,FALSE,12.5375,8,FALSE
1532436330889546987,Standard Double Room in Bugis,722769303,The Quay Hotel Bugis,FALSE,7,TRUE,Rochor,Central Region,1.30236,103.86145,Room in hotel,Private room,2,1,1,1,117,1,365,20,48,75,340,5,5,02-01-2026,14-04-2026,3.8,3.6,4.2,4.4,4,4.4,3.6,0.84,30,3510,7,TRUE,58.5,9,FALSE
1532452291948349278,"Beautiful living 3 bedder apartment, all ensuites",122620134,Amy,FALSE,7,TRUE,Tampines,East Region,1.336538173362622,103.95975468504464,Entire rental unit,Entire home/apt,3,1,3,3,69.48,92,365,26,56,86,361,0,0,,,,,,,,,,,0,0,6,FALSE,23.16,33,FALSE
1533008271128704744,Deluxe Double Room in Bugis,722769303,The Quay Hotel Bugis,FALSE,7,TRUE,Rochor,Central Region,1.30275,103.85948,Room in hotel,Private room,2,1,1,1,120,1,365,29,58,88,358,1,1,08-11-2025,08-11-2025,4,3,4,4,3,5,3,0.13,6,720,7,TRUE,60,30,FALSE
1534543078476584940,5 Bed Family Room,572592994,Henry,FALSE,3,TRUE,Bedok,East Region,1.3191779,103.912415,Private room in rental unit,Private room,5,1,1,5,242,1,365,29,59,89,199,0,0,,,,,,,,,,,0,0,3,FALSE,48.4,8,FALSE
1534559365660466350,8 Bed Family Room,572592994,Henry,FALSE,3,TRUE,Bedok,East Region,1.31918,103.91242,Private room in rental unit,Private room,8,1,1,8,69.17,6,365,22,52,82,183,0,0,,,,,,,,,,,0,0,3,FALSE,8.64625,8,FALSE
1535398173405517533,Triple Room (no windows),722769303,The Quay Hotel Bugis,FALSE,7,TRUE,Rochor,Central Region,1.30235,103.85944,Room in hotel,Private room,3,1,1,1,158,1,365,15,35,58,289,0,0,,,,,,,,,,,0,0,7,FALSE,52.666666666666664,31,FALSE
1536768613848761439,Centrally located apart for Luxurious experience,238891646,Neha,FALSE,131,TRUE,Bukit Merah,Central Region,1.29039,103.83034,Entire rental unit,Entire home/apt,3,2,1,1,418.5,6,365,28,58,88,363,0,0,,,,,,,,,,,0,0,131,FALSE,139.5,12,FALSE
1536921248835062578,Deluxe double with balcony in Bugis,722769303,The Quay Hotel Bugis,FALSE,7,TRUE,Rochor,Central Region,1.30277,103.85931,Room in hotel,Private room,2,1,1,1,131,1,365,20,47,77,341,1,1,09-03-2026,09-03-2026,4,4,4,5,5,5,5,0.27,6,786,7,TRUE,65.5,9,FALSE
1537608742036293495,Triple room with balcony in Bugis,722769303,The Quay Hotel Bugis,FALSE,7,TRUE,Rochor,Central Region,1.30233,103.85946,Room in hotel,Private room,3,1,1,1,167,1,365,8,15,31,237,2,2,17-01-2026,14-05-2026,4.5,4.5,5,5,5,5,4.5,0.37,12,2004,7,TRUE,55.666666666666664,27,FALSE
1537653418477359082,Deluxe Twin Room in Bugis,722769303,The Quay Hotel Bugis,FALSE,7,TRUE,Rochor,Central Region,1.30238,103.86067,Room in hotel,Private room,2,1,1,1,113,1,365,13,30,53,302,2,2,18-11-2025,19-02-2026,3,3,3.5,3.5,3,4,3,0.27,12,1356,7,TRUE,56.5,28,FALSE
1537674106390806989,Keystone Clarke Quay - Family Double Bedroom,717297768,The Keystone,FALSE,7,TRUE,River Valley,Central Region,1.29495,103.84028,Private room in serviced apartment,Private room,4,2,2,2,210.67,6,1125,7,18,48,193,15,15,10-02-2026,08-06-2026,4.87,4.87,4.67,4.93,4.87,4.8,4.73,3.21,180,37921,7,TRUE,52.6675,33,FALSE
1538139298550271472,Keystone Clarke Quay - Family-Friendly Suite,717297768,The Keystone,FALSE,7,TRUE,River Valley,Central Region,1.29565,103.84103,Private room in serviced apartment,Private room,3,1,1,2,147,6,1125,10,35,65,112,24,24,01-12-2025,05-05-2026,4.83,4.92,4.83,5,4.88,5,4.79,3.41,255,37485,7,TRUE,49,33,FALSE
1538757210402956826,Keystone Clarke Quay - Cosy Travelers' Suite,717297768,The Keystone,FALSE,7,TRUE,River Valley,Central Region,1.29496,103.84035,Private room in serviced apartment,Private room,2,1,1,1,160.33,6,1125,27,57,87,158,9,9,09-12-2025,17-04-2026,4,4.56,3.89,5,4.33,4.89,4.44,1.33,108,17316,7,TRUE,80.165,32,FALSE
1541013400883939658,Superior Double Room in City Centre,155244964,The Quay,FALSE,7,TRUE,Singapore River,Central Region,1.28689,103.84931,Room in hotel,Private room,2,1,1,1,167,1,365,10,24,49,292,12,12,23-11-2025,05-06-2026,4.58,4.75,4.67,4.83,4.58,4.83,4.5,1.64,72,12024,7,TRUE,83.5,7,FALSE
1541091076697146167,Triple Room in City Center,155244964,The Quay,FALSE,7,TRUE,Singapore River,Central Region,1.28823,103.84711,Room in hotel,Private room,3,1,1,2,189,1,365,2,4,11,145,2,2,27-11-2025,04-02-2026,4,4.5,4,4,4,4,4,0.28,12,2268,7,TRUE,63,9,FALSE
1542129621184731442,"Premium queen, window",726337305,,,,,Geylang,Central Region,1.31477,103.8984,Room in hotel,Private room,2,1,1,2,133,1,731,29,59,68,178,1,1,02-01-2026,02-01-2026,3,3,3,4,4,4,2,0.16,6,798,1,TRUE,66.5,12,FALSE
1542583565744082369,"Deluxe Twin room, in well located & central Bugis",726439689,,,,,Downtown Core,Central Region,1.29685,103.85571,Room in hotel,Private room,2,1,1,2,196,1,731,29,59,89,364,0,0,,,,,,,,,,,0,0,2,FALSE,98,14,FALSE
1542583565854316128,"A Hotel Bugis, Superior twin, no window",726439689,,,,,Downtown Core,Central Region,1.29685,103.85571,Room in hotel,Private room,2,1,1,2,196,1,731,29,59,89,364,1,1,21-02-2026,21-02-2026,4,3,3,4,3,5,4,0.23,6,1176,2,TRUE,98,14,FALSE
1542584740775656461,"Amrise Hotel Kitchener, Deluxe family room",726439873,,,,,Kallang,Central Region,1.30935,103.85809,Room in hotel,Private room,3,1,1,3,143,1,731,26,56,86,263,1,1,06-02-2026,06-02-2026,5,4,4,5,5,5,3,0.2,6,858,2,TRUE,47.666666666666664,16,FALSE
1542585035410028293,"Amrise Hotel Kitchener, Connecting room",726439873,,,,,Kallang,Central Region,1.30935,103.85809,Room in hotel,Private room,3,1,1,3,162.5,1,731,27,55,85,270,2,2,09-02-2026,22-02-2026,2.5,3,3,3.5,4.5,2.5,2,0.42,12,1950,2,TRUE,54.166666666666664,16,FALSE
1547714567647792925,Rare only 657 such conserved shophouse apts in SG,69121685,Pat,FALSE,6,TRUE,Downtown Core,Central Region,1.29906,103.8576,Private room in rental unit,Private room,3,1,1,1,222,1,365,29,59,89,360,0,0,,,,,,,,,,,0,0,5,FALSE,74,9,FALSE
1550664522540846801,Star Apartment,728297351,Donna,FALSE,1,TRUE,Tanglin,Central Region,1.31624,103.82827,Entire rental unit,Entire home/apt,2,1,2,2,430.96,6,365,29,59,89,364,0,0,,,,,,,,,,,0,0,1,FALSE,215.48,8,FALSE
1552640016154280934,"New Hotel in Singapore - Cosy RM, Close to City",568806401,SOCIAL On Mayo,FALSE,6,TRUE,Rochor,Central Region,1.303919452965726,103.85415773838758,Room in hotel,Private room,2,1,1,1,150,1,365,5,11,23,241,0,0,,,,,,,,,,,0,0,6,FALSE,75,16,FALSE
1553226078140236894,New Hotel in Singapore - Cosy Premier RM,568806401,SOCIAL On Mayo,FALSE,6,TRUE,Rochor,Central Region,1.3039,103.85416,Room in hotel,Private room,2,1,1,1,160,1,365,3,10,22,253,0,0,,,,,,,,,,,0,0,6,FALSE,80,15,FALSE
1553240809949789089,"New Hotel in SG - Modern Executive Suite, City",568806401,SOCIAL On Mayo,FALSE,6,TRUE,Rochor,Central Region,1.30391,103.85415,Room in hotel,Private room,2,1,1,1,240,1,365,26,55,85,350,0,0,,,,,,,,,,,0,0,6,FALSE,120,8,FALSE
1553261387400120338,"New Hotel in SG - Signature Suite, Near to City",568806401,SOCIAL On Mayo,FALSE,6,TRUE,Rochor,Central Region,1.30388,103.85417,Room in hotel,Private room,2,1,1,1,260,1,365,25,55,85,350,0,0,,,,,,,,,,,0,0,6,FALSE,130,14,FALSE
1553276429863649662,"New Hotel in Singapore - Modern Classic RM, City",568806401,SOCIAL On Mayo,FALSE,6,TRUE,Rochor,Central Region,1.3038946489845542,103.85417249053717,Room in hotel,Private room,2,1,1,1,160,1,365,11,34,62,323,0,0,,,,,,,,,,,0,0,6,FALSE,80,15,FALSE
1553317498142160787,"New Hotel in SG - Grand Premier Suite, City",568806401,SOCIAL On Mayo,FALSE,6,TRUE,Rochor,Central Region,1.303900682405675,103.85416612029076,Room in hotel,Private room,2,1,1,1,170,1,365,24,54,84,167,0,0,,,,,,,,,,,0,0,6,FALSE,85,15,FALSE
1558496772129596532,Student Capsule • exchange/ international,477200876,Huang,FALSE,1,TRUE,Kallang,Central Region,1.3266863221201473,103.86701596256562,Shared room in home,Shared room,16,1,1,16,9.01,92,365,29,59,89,364,0,0,,,,,,,,,,,0,0,1,FALSE,0.563125,11,TRUE
1558506444236408680,Brand New 3 Bedroom Apart at Serangoon - Mber,730145730,Jc,FALSE,6,TRUE,Serangoon,North-East Region,1.3535959719125472,103.87780936455688,Entire rental unit,Entire home/apt,6,3,3,3,447.93,14,60,2,8,38,313,0,0,,,,,,,,,,,0,0,6,FALSE,74.655,13,FALSE
1561514805448048695,Rochester Oasis,300765938,Xacco,FALSE,149,TRUE,Queenstown,Central Region,1.3044,103.78775,Entire rental unit,Entire home/apt,5,1,4,5,74.14,92,365,29,59,89,364,0,0,,,,,,,,,,,0,0,52,FALSE,14.828,4,FALSE
1561570192641136062,Cozy apartment at Amber road,238891646,Neha,FALSE,131,TRUE,Marine Parade,Central Region,1.30019,103.90008,Entire rental unit,Entire home/apt,2,1,1,1,348.33,6,365,28,58,88,363,0,0,,,,,,,,,,,0,0,131,FALSE,174.165,6,FALSE
1562330535313793849,Brand new Japandi Queen Room ensuite bath for 1,122620134,Amy,FALSE,7,TRUE,Tampines,East Region,1.3386,103.96008,Private room in rental unit,Private room,1,1,1,1,24.89,92,1125,29,59,89,364,0,0,,,,,,,,,,,0,0,6,FALSE,24.89,10,FALSE
1563726374268927066,One bedroom apartment near MRT for long stay,238891646,Neha,FALSE,131,TRUE,Novena,Central Region,1.31679,103.84209,Entire rental unit,Entire home/apt,2,1,1,2,81.13,92,365,29,59,89,364,0,0,,,,,,,,,,,0,0,131,FALSE,40.565,21,FALSE
1566423732988001652,Cozy Room for Short Stay,48641401,Gel,TRUE,1,TRUE,Yishun,North Region,1.4140432459755927,103.83843992804388,Private room in condo,Private room,2,1,1,2,123,1,365,0,0,0,179,3,3,03-02-2026,09-02-2026,5,4.67,5,4.67,4.67,5,4.67,0.61,18,2214,1,TRUE,61.5,15,FALSE
1566876732031846811,"Condo Common Room Flora Road Singapore $ 1,400/mo",10039663,Shiomi,FALSE,1,TRUE,Pasir Ris,East Region,1.36041,103.96705,Private room in rental unit,Private room,2,1,1,2,16.03,92,365,26,56,86,361,0,0,,,,,,,,,,,0,0,1,FALSE,8.015,15,FALSE
1567052836706283503,Lower double capsule,720584093,,,,,Outram,Central Region,1.28271,103.84362,Private room in hostel,Private room,2,1,1,2,51.09,1,731,26,56,86,192,4,4,07-03-2026,18-06-2026,5,5,5,4.5,5,5,5,1.02,24,1226,3,TRUE,25.545,20,FALSE
1567053653078601743,Private room with 4 single capsules,720584093,,,,,Outram,Central Region,1.28271,103.84362,Private room in hostel,Private room,4,1,1,4,57.48,1,731,13,35,55,154,3,3,04-05-2026,21-06-2026,5,5,5,5,5,5,4.67,1.5,18,1035,3,TRUE,14.37,20,FALSE
1567055345395614222,Upper double capsule,720584093,,,,,Outram,Central Region,1.28271,103.84362,Private room in hostel,Private room,2,1,1,2,54.29,1,731,21,51,81,181,8,8,22-02-2026,05-06-2026,4.75,4.88,4.75,4.75,4.88,4.88,4.75,1.83,48,2606,3,TRUE,27.145,20,FALSE
1567759945424911752,Serviced Apartment at Botanic Gardens (SC-L4-414),732177708,Elijah,FALSE,6,TRUE,Tanglin,Central Region,1.32208,103.81466,Entire serviced apartment,Entire home/apt,6,4,4,4,586.83,6,1125,14,33,63,328,5,5,04-01-2026,20-06-2026,4.8,4.6,4.8,5,4.8,4.8,4.6,0.85,60,35210,6,TRUE,97.805,17,FALSE
1567950110613817647,LIV Premier king bed studio with pool in Novena,50965838,Yiyi,TRUE,16,TRUE,Novena,Central Region,1.3177709594682154,103.84865025264077,Entire rental unit,Entire home/apt,2,1,1,1,182.67,6,365,20,50,80,355,1,1,24-05-2026,24-05-2026,5,5,5,5,5,5,5,0.81,12,2192,16,TRUE,91.335,44,FALSE
1569708549659853687,City Center Deluxe King/Twin Room Chinatown Sg 2,2676835,Hsoloscargo Residentcubes,FALSE,203,TRUE,Outram,Central Region,1.2853,103.84347,Room in hotel,Private room,2,1,1,1,338,1,365,27,57,87,88,0,0,,,,,,,,,,,0,0,35,FALSE,169,16,FALSE
1570401247683928052,City Center Hotel Family Suite Chinatown Sg,2676835,Hsoloscargo Residentcubes,FALSE,203,TRUE,Outram,Central Region,1.28612,103.84558,Room in hotel,Private room,4,1,1,1,551,1,365,11,30,60,99,0,0,,,,,,,,,,,0,0,35,FALSE,137.75,16,FALSE
1571716572722387868,Serviced Apartments at Botanic Gardens (SC-L4-411),732177708,Elijah,FALSE,6,TRUE,Tanglin,Central Region,1.32147,103.81313,Entire serviced apartment,Entire home/apt,6,3,3,3,446.33,6,365,15,30,49,304,5,5,31-01-2026,21-06-2026,5,5,5,5,5,5,4.8,1,60,26780,6,TRUE,74.38833333333334,24,FALSE
1571773702690886324,City Center Family Kids Rm Chinatown Sg.2,2676835,Hsoloscargo Residentcubes,FALSE,203,TRUE,Singapore River,Central Region,1.28735,103.84499,Room in hotel,Private room,4,1,1,2,552,1,365,9,29,59,60,0,0,,,,,,,,,,,0,0,35,FALSE,138,16,FALSE
1572198465560342731,Twin Bed Studio,701528793,Wei Chao,FALSE,11,TRUE,Bukit Merah,Central Region,1.28566,103.82047,Private room in rental unit,Private room,2,0.5,1,2,164.67,6,365,28,58,88,363,0,0,,,,,,,,,,,0,0,11,FALSE,82.335,13,FALSE
1572203310071938994,Twin Room Studio (2 Attached Bathroom),701528793,Wei Chao,FALSE,11,TRUE,Bukit Merah,Central Region,1.28566,103.82047,Private room in rental unit,Private room,2,2,2,2,200,6,365,28,58,88,363,2,2,29-12-2025,06-02-2026,5,4.5,5,5,5,5,5,0.33,24,4800,11,TRUE,100,13,FALSE
1572962816530901322,"The NEST Hotel, Cozy queen room",733352710,,,,,Kallang,Central Region,1.31095,103.86179,Room in hotel,Private room,2,1,1,2,134.4,1,731,22,52,82,90,16,16,10-04-2026,30-05-2026,4.25,4.31,4.25,4.75,4.06,4.19,3.81,5.71,96,12902,1,TRUE,67.2,14,FALSE
1573301212827660658,Deluxe King Room w Breakfast @CBD Hotel Singapore,2676835,Hsoloscargo Residentcubes,FALSE,203,TRUE,Downtown Core,Central Region,1.27511,103.84354,Room in hotel,Private room,2,1,1,1,410,2,365,27,57,87,88,0,0,,,,,,,,,,,0,0,35,FALSE,205,24,FALSE
1574570818876478908,Common room at the east area,265191783,Sally,FALSE,7,TRUE,Marine Parade,Central Region,1.3002481,103.9001688,Private room in rental unit,Private room,2,1,1,2,17.53,92,365,29,59,89,364,0,0,,,,,,,,,,,0,0,3,FALSE,8.765,7,FALSE
1574815961888380969,Balcony Club Kng@Upscale Clean tech Hotel Orchard,2676835,Hsoloscargo Residentcubes,FALSE,203,TRUE,Newton,Central Region,1.30864,103.83088,Room in hotel,Private room,1,1,1,1,548,1,365,28,58,88,363,0,0,,,,,,,,,,,0,0,35,FALSE,548,13,FALSE
1576481539950851536,Purvis stree family attic with balcony,734129760,Dora,FALSE,4,TRUE,Downtown Core,Central Region,1.2966689807209328,103.8559737376007,Room in hotel,Private room,3,1,1,2,314,1,365,29,59,89,90,6,6,25-01-2026,06-04-2026,3.67,3.33,3.67,3.83,4,4.67,3.33,1.15,36,11304,4,TRUE,104.66666666666667,21,FALSE
1578214555492046682,Purvis Street family room,734129760,Dora,FALSE,4,TRUE,Downtown Core,Central Region,1.296471519148243,103.85513491367126,Room in hotel,Private room,3,1,1,2,281,1,365,29,59,89,90,0,0,,,,,,,,,,,0,0,4,FALSE,93.66666666666667,19,FALSE
1579093117428067489,New Comfy Studio Apt/Balcony-Somerset/Orchard Area,109333133,Pat,FALSE,73,TRUE,River Valley,Central Region,1.29466,103.83849,Entire rental unit,Entire home/apt,3,1,1,1,248.28,1,365,25,55,85,358,0,0,,,,,,,,,,,0,0,73,FALSE,82.76,24,FALSE
1580844947126663283,Pool View Comfortable Room In Convenient City Area,121666882,W.J,FALSE,5,TRUE,Downtown Core,Central Region,1.2797805441465344,103.85226744443608,Private room in rental unit,Private room,1,1,1,1,26.96,92,365,29,59,88,271,0,0,,,,,,,,,,,0,0,4,FALSE,26.96,11,FALSE
1581129173551495593,Deluxe Twin Room w Breakfast @CBD Hotel Singapore,2676835,Hsoloscargo Residentcubes,FALSE,203,TRUE,Museum,Central Region,1.29654,103.8509,Room in hotel,Private room,2,1,1,2,419.33,3,365,27,57,87,88,0,0,,,,,,,,,,,0,0,35,FALSE,209.665,18,FALSE
1581551112688403430,NEW! Private Room with 6 Large Bunk Bed (1.2M),735286004,City Backpackers - Hostel & Private Rooms,TRUE,7,TRUE,Singapore River,Central Region,1.2878181,103.8472931,Private room in hostel,Private room,6,1,1,6,204,1,1125,14,36,61,332,3,3,22-03-2026,18-05-2026,4.67,5,4.67,5,5,5,4.67,0.9,18,3672,7,TRUE,34,20,FALSE
1581696269832107352,NEW Family 2QB Studio Apt @Somerset/Orchard Area,404487343,OngRR,FALSE,45,TRUE,River Valley,Central Region,1.29668,103.8395,Entire serviced apartment,Entire home/apt,6,1,1,2,324.96,1,365,16,46,76,346,2,2,02-01-2026,11-03-2026,4.5,5,5,5,5,5,4.5,0.34,12,3900,43,TRUE,54.16,27,FALSE
1581696284973991921,NEW City Balcony Studio Apt-Somerset/OrchardArea,404487343,OngRR,FALSE,45,TRUE,River Valley,Central Region,1.295,103.84019,Entire serviced apartment,Entire home/apt,4,1,1,1,212.63,1,365,25,55,85,355,1,1,08-06-2026,08-06-2026,5,5,5,5,5,5,5,1,6,1276,43,TRUE,53.1575,27,FALSE
1581696304486491289,NEW City Room Suite/WIFI @ Somerset/Orchard Area,404487343,OngRR,FALSE,45,TRUE,River Valley,Central Region,1.29459,103.83838,Private room in serviced apartment,Private room,2,1,1,1,146.67,1,365,9,39,69,339,1,1,24-02-2026,24-02-2026,4,4,3,4,5,5,4,0.24,6,880,43,TRUE,73.335,22,FALSE
1581696325067664684,1-NEW City 2QB Studio Apt @ Somerset/Orchard Area,404487343,OngRR,FALSE,45,TRUE,River Valley,Central Region,1.29464,103.83853,Entire serviced apartment,Entire home/apt,5,1,1,2,280.33,1,365,20,50,80,351,1,1,26-03-2026,26-03-2026,4,5,5,5,5,5,4,0.31,6,1682,43,TRUE,56.065999999999995,26,FALSE
1581696337879791507,NEW City Cozy Studio Apt @ Somerset/Orchard Area,404487343,OngRR,FALSE,45,TRUE,River Valley,Central Region,1.29629,103.83989,Entire serviced apartment,Entire home/apt,5,1,1,2,315.38,1,365,13,43,73,343,2,2,17-02-2026,26-03-2026,4,4.5,4,4.5,4.5,5,4,0.45,12,3785,43,TRUE,63.076,26,FALSE
1582001024686327834,Delux Room @Upscale Clean Tech Hotel Orchard Sg.,2676835,Hsoloscargo Residentcubes,FALSE,203,TRUE,Orchard,Central Region,1.30644,103.82896,Room in hotel,Private room,2,1,1,1,492,1,365,12,34,64,339,0,0,,,,,,,,,,,0,0,35,FALSE,246,14,FALSE
1582084875093322831,1-NEW City Cozy Room Suite @ Somerset/Orchard Area,46685310,Yyin,FALSE,71,TRUE,River Valley,Central Region,1.29666,103.83882,Private room in serviced apartment,Private room,2,1,1,1,145.8,1,365,9,39,69,335,1,1,01-06-2026,01-06-2026,5,5,5,5,5,5,5,1,6,875,71,TRUE,72.9,22,FALSE
1582084907419729981,NEW Cozy Minimalist Studio @Somerset/OrchardArea,46685310,Yyin,FALSE,71,TRUE,River Valley,Central Region,1.29517,103.84013,Entire serviced apartment,Entire home/apt,3,1,1,1,221.44,1,365,25,55,85,354,0,0,,,,,,,,,,,0,0,71,FALSE,73.81333333333333,25,FALSE
1582084929646706858,City Cozy Compact Studio-Somerset/OrchardArea,46685310,Yyin,FALSE,71,TRUE,River Valley,Central Region,1.29443,103.83878,Entire serviced apartment,Entire home/apt,3,1,1,1,218.2,1,365,13,43,73,342,0,0,,,,,,,,,,,0,0,71,FALSE,72.73333333333333,26,FALSE
1582085104908788630,New Family Cozy 2QB Studio @Somerset/OrchardArea,10248444,Recr,FALSE,64,TRUE,River Valley,Central Region,1.29471,103.83955,Entire serviced apartment,Entire home/apt,6,1,1,2,336,1,365,15,43,72,343,1,1,03-02-2026,03-02-2026,5,5,5,5,5,5,5,0.2,6,2016,64,TRUE,56,27,FALSE
1582085284966102959,NEW Family Cozy Studio APT-Somerset/Orchard Area,10248444,Recr,FALSE,64,TRUE,River Valley,Central Region,1.2946,103.83974,Entire serviced apartment,Entire home/apt,5,1,1,1,236,1,365,15,45,75,339,1,1,20-03-2026,20-03-2026,4,5,4,4,5,5,5,0.29,6,1416,64,TRUE,47.2,27,FALSE
1582085324534604995,1-New City Cozy BR Suite/WIFI-Somerset/OrchardArea,10248444,Recr,FALSE,64,TRUE,River Valley,Central Region,1.29481,103.83857,Private room in serviced apartment,Private room,3,1,1,1,152.42,1,365,13,43,69,338,0,0,,,,,,,,,,,0,0,64,FALSE,50.806666666666665,25,FALSE
1582089801135670185,1-NEW Cozy Room Suite /WIF @ Somerset/Orchard Area,61619807,Ong,FALSE,61,FALSE,River Valley,Central Region,1.29496,103.84017,Private room in serviced apartment,Private room,3,1,1,1,163.3,1,365,13,43,73,340,0,0,,,,,,,,,,,0,0,60,FALSE,54.43333333333334,25,FALSE
1582089813381183439,1-NEW Comfy Room Suite /WIFI-Somerset/Orchard Area,61619807,Ong,FALSE,61,FALSE,River Valley,Central Region,1.29614,103.84069,Private room in serviced apartment,Private room,2,1,1,1,144.95,1,365,9,39,69,336,4,4,22-02-2026,28-05-2026,4.5,4.5,4.75,4.5,5,4.75,5,0.94,24,3479,60,TRUE,72.475,22,FALSE
1582089843380405457,NEW City Comfy Room Suite @Somerset/Orchard Area,61619807,Ong,FALSE,61,FALSE,River Valley,Central Region,1.29663,103.83845,Private room in serviced apartment,Private room,2,1,1,1,136.52,6,365,9,39,69,332,1,1,02-03-2026,02-03-2026,5,5,5,5,5,5,4,0.25,12,1638,60,TRUE,68.26,22,FALSE
1582089860879284358,1-NEW Cozy Compact Studio APT-Somerset/OrchardArea,61619807,Ong,FALSE,61,FALSE,River Valley,Central Region,1.29679,103.84,Entire serviced apartment,Entire home/apt,3,1,1,1,248.28,1,365,13,43,73,342,1,1,08-04-2026,08-04-2026,1,1,1,1,1,1,1,0.36,6,1490,60,TRUE,82.76,26,FALSE
1582089878216308613,NEW Cozy Studio APT/Balcony-Somerset/OrchardArea,61619807,Ong,FALSE,61,FALSE,River Valley,Central Region,1.29487,103.83826,Entire serviced apartment,Entire home/apt,3,1,1,1,251.66,1,365,22,51,81,350,3,3,18-03-2026,09-04-2026,4,4,3.67,5,4.67,5,4,0.87,18,4530,60,TRUE,83.88666666666667,26,FALSE
1582294951119561549,"Central Location (Bendemeer, Long Stay Friendly)",452477330,Shervonne,FALSE,2,TRUE,Kallang,Central Region,1.3232602,103.8649992,Private room in home,Private room,7,1,7,7,26.64,92,730,0,27,57,332,0,0,,,,,,,,,,,0,0,1,FALSE,3.8057142857142856,18,FALSE
1582414614055388048,Sengkang bedroom with attached private bathroom,547546467,Thi Thanh Van,FALSE,1,TRUE,Sengkang,North-East Region,1.3924269444497552,103.87999780476092,Private room in condo,Private room,2,1,1,2,15.88,92,365,0,0,0,151,0,0,,,,,,,,,,,0,0,1,FALSE,7.94,15,FALSE
1582916467225663427,Purvis Street queen Room with window,734129760,Dora,FALSE,4,TRUE,Downtown Core,Central Region,1.2965032,103.8552859,Room in hotel,Private room,2,1,1,1,168,1,365,27,57,87,88,4,4,06-02-2026,19-06-2026,4.75,4.75,5,4.75,4.75,5,4.75,0.83,24,4032,4,TRUE,84,12,FALSE
1584561350096269679,Superior Room with Movie Screen next to Bugis MRT,735971860,Pinky,FALSE,14,TRUE,Rochor,Central Region,1.30115,103.85445,Private room in hostel,Private room,2,1,1,1,93,1,365,29,59,89,364,5,5,20-01-2026,30-05-2026,4.8,4.8,4.8,5,5,4.8,4.8,0.93,30,2790,14,TRUE,46.5,13,FALSE
1584578093525009364,"Superior Room with window, next to Bugis MRT",735971860,Pinky,FALSE,14,TRUE,Downtown Core,Central Region,1.299656116477355,103.85591884416388,Private room in hostel,Private room,2,1,1,1,99.2,1,365,29,59,89,364,0,0,,,,,,,,,,,0,0,14,FALSE,49.6,14,FALSE
1584602379309576986,"Deluxe Window, shared bathroom, next to Bugis MRT",735971860,Pinky,FALSE,14,TRUE,Downtown Core,Central Region,1.3017375816298575,103.85663843109585,Private room in hostel,Private room,2,1,1,1,105.6,1,365,29,59,89,364,0,0,,,,,,,,,,,0,0,14,FALSE,52.8,15,FALSE
1584619376896792134,"Triple Room with movie screen, opposite Bugis MRT",735971860,Pinky,FALSE,14,TRUE,Rochor,Central Region,1.30125,103.85493,Private room in hostel,Private room,3,1,1,2,135,1,365,29,59,89,364,2,2,16-05-2026,26-05-2026,3.5,4.5,3,3.5,4,4.5,3.5,1.33,12,1620,14,TRUE,45,14,FALSE
1584630997025560445,Deluxe Ensuite with movie screen next to Bugis MRT,735971860,Pinky,FALSE,14,TRUE,Downtown Core,Central Region,1.30169,103.85653,Private room in hostel,Private room,2,1,1,1,166.4,1,365,25,55,85,360,0,0,,,,,,,,,,,0,0,14,FALSE,83.2,14,FALSE
1584646447686417575,Large Group Room for 8 Pax next to Bugis MRT,735971860,Pinky,FALSE,14,TRUE,Downtown Core,Central Region,1.30179,103.85578,Private room in hostel,Private room,8,1,1,8,503,1,365,15,39,66,322,1,1,13-06-2026,13-06-2026,5,5,5,5,5,5,5,1,6,3018,14,TRUE,62.875,13,FALSE
1584656711449949046,"Family Room for 5, Ensuite Bathroom by Bugis MRT",735971860,Pinky,FALSE,14,TRUE,Rochor,Central Region,1.2998,103.85494,Private room in hostel,Private room,5,1,1,3,269,1,365,20,46,76,351,3,3,17-05-2026,10-06-2026,5,5,5,5,5,5,5,2.05,18,4842,14,TRUE,53.8,11,FALSE
1584884816180810966,Prime Level @ Upscale Clean Tech Hotel Orchard SG.,2676835,Hsoloscargo Residentcubes,FALSE,203,TRUE,Orchard,Central Region,1.307094133,103.82949032572589,Room in hotel,Private room,3,1,1,1,547,1,365,28,58,88,363,0,0,,,,,,,,,,,0,0,35,FALSE,182.33333333333334,14,FALSE
1585276216512069111,Large Family Room for 6 with Window by Bugis MRT,735971860,Pinky,FALSE,14,TRUE,Downtown Core,Central Region,1.30149,103.85624,Private room in hostel,Private room,6,1,1,4,269,1,365,25,55,85,358,1,1,05-06-2026,05-06-2026,1,1,2,2,1,3,1,1,6,1614,14,TRUE,44.833333333333336,13,FALSE
1586317118754162683,Garden view @ Upscale Clean Tech Hotel Orchard SG.,2676835,Hsoloscargo Residentcubes,FALSE,203,TRUE,Newton,Central Region,1.3084,103.82927,Room in hotel,Private room,3,1,1,1,480,1,365,12,34,64,339,0,0,,,,,,,,,,,0,0,35,FALSE,160,14,FALSE
1586566834626357400,White House Studio Apartment – Prime Bugis,7210103,Belle Living,FALSE,5,TRUE,Rochor,Central Region,1.3010748,103.8552551,Entire serviced apartment,Entire home/apt,4,1,1,2,211.5,6,365,4,13,17,203,5,5,25-01-2026,17-05-2026,5,4.6,5,5,5,5,5,0.96,60,12690,5,TRUE,52.875,49,FALSE
1586578195797269307,White House 1BR Apartment – Prime Bugis,7210103,Belle Living,FALSE,5,TRUE,Rochor,Central Region,1.3010748,103.8552551,Entire serviced apartment,Entire home/apt,4,1,1,2,249.83,6,365,28,50,78,349,15,15,30-01-2026,14-06-2026,4.73,4.73,4.73,5,5,4.87,4.6,2.98,180,44969,5,TRUE,62.4575,44,FALSE
1586582366339012502,White House 2BR Signature Suite – Prime Bugis,7210103,Belle Living,FALSE,5,TRUE,Rochor,Central Region,1.3010748,103.8552551,Entire serviced apartment,Entire home/apt,6,1,2,3,370.83,6,365,6,23,48,313,7,7,11-02-2026,14-06-2026,5,5,5,5,5,5,4.86,1.51,84,31150,5,TRUE,61.805,47,FALSE
1586586471919424306,White House 2BR  Suite – Prime Bugis,7210103,Belle Living,FALSE,5,TRUE,Rochor,Central Region,1.3010748,103.8552551,Entire serviced apartment,Entire home/apt,5,1,2,3,354.67,6,365,9,21,48,313,12,12,30-01-2026,14-05-2026,4.75,4.75,5,5,5,5,4.67,2.38,144,51072,5,TRUE,70.934,49,FALSE
1586589945088184206,White House 3 BR Signature Suite – Prime Bugis,7210103,Belle Living,FALSE,5,TRUE,Rochor,Central Region,1.3010748,103.8552551,Entire serviced apartment,Entire home/apt,8,1,3,5,504,6,1125,3,8,16,160,3,3,14-02-2026,14-05-2026,5,5,5,5,5,5,5,0.66,36,18144,5,TRUE,63,50,FALSE
1587260235915061499,Premium house with full furnitures,192654207,Wei,FALSE,1,TRUE,Pasir Ris,East Region,1.36644,103.97384,Entire home,Entire home/apt,10,1,4,10,182.67,92,730,26,56,86,361,0,0,,,,,,,,,,,0,0,1,FALSE,18.267,10,FALSE
1587336986241825284,NEW! Private Room with 6 Beds for Family & Groups,735286004,City Backpackers - Hostel & Private Rooms,TRUE,7,TRUE,Singapore River,Central Region,1.28701,103.84653,Private room in hostel,Private room,6,2,1,6,240,1,1125,11,28,57,324,12,12,18-01-2026,24-05-2026,4.33,4.33,4.42,4.75,4.75,4.83,4.42,2.21,72,17280,7,TRUE,40,17,FALSE
1587343397510419556,NEW! 8-Beds Private Room for Groups or Family,735286004,City Backpackers - Hostel & Private Rooms,TRUE,7,TRUE,Singapore River,Central Region,1.2867,103.84758,Private room in hostel,Private room,8,1,1,8,225,1,1125,21,51,81,349,5,5,28-02-2026,17-05-2026,5,5,4.4,5,4.8,5,5,1.23,30,6750,7,TRUE,28.125,17,FALSE
1587484811031096685,Common Room for rent,529400570,Rekha,FALSE,7,TRUE,Punggol,North-East Region,1.39907,103.90678,Private room in rental unit,Private room,2,1,1,2,10.63,180,500,29,59,89,364,0,0,,,,,,,,,,,0,0,1,FALSE,5.315,10,TRUE
1587839189775191265,NEW Cozy Studio APT/Balcony-Somerset/OrchardArea,109333133,Pat,FALSE,73,TRUE,River Valley,Central Region,1.29446,103.83853,Entire serviced apartment,Entire home/apt,3,1,1,3,323,1,365,4,4,4,4,2,2,02-03-2026,01-05-2026,3.5,4,4,4,5,4,3,0.49,12,3876,73,TRUE,107.66666666666667,28,FALSE
1587839594454569592,1-Heart of City Room Suite @ Somerset/Orchard Area,109333133,Pat,FALSE,73,TRUE,River Valley,Central Region,1.29622,103.83864,Private room in serviced apartment,Private room,3,1,1,1,154.87,1,365,25,52,82,350,2,2,09-02-2026,08-03-2026,4.5,4.5,4,4,4.5,5,5,0.43,12,1858,73,TRUE,51.623333333333335,22,FALSE
1587839607718327021,1-New Cozy Room Suite/WIFI @ Somerset/Orchard Area,109333133,Pat,FALSE,73,TRUE,River Valley,Central Region,1.29465,103.84001,Private room in serviced apartment,Private room,2,1,1,1,131.73,1,365,9,33,63,332,4,4,01-03-2026,18-05-2026,4.5,4.75,4.75,4.75,4.75,5,4.5,0.99,24,3162,73,TRUE,65.865,25,FALSE
1587839623362915744,1-Comfy Bedroom Suite/WIFI @ Somerset/Orchard Area,109333133,Pat,FALSE,73,TRUE,River Valley,Central Region,1.29638,103.83868,Private room in serviced apartment,Private room,3,1,1,1,152.42,1,365,13,43,73,342,1,1,11-02-2026,11-02-2026,5,5,5,5,4,5,5,0.22,6,915,73,TRUE,50.806666666666665,25,FALSE
1600061301756797397,Cosy quiet apartment near the sea,676721150,Iman,FALSE,1,TRUE,Marine Parade,Central Region,1.303855991143843,103.91636626535252,Private room in rental unit,Private room,1,3,1,1,111,1,365,5,32,62,337,1,1,27-01-2026,27-01-2026,5,5,5,5,5,5,5,0.19,6,666,1,TRUE,111,5,FALSE
1600581877977621337,Serviced Apartment at Botanic Gardens (SC-L3-303),732177708,Elijah,FALSE,6,TRUE,Tanglin,Central Region,1.32284,103.81475,Entire rental unit,Entire home/apt,6,4,4,4,582,6,365,0,27,57,332,0,0,,,,,,,,,,,0,0,6,FALSE,97,24,FALSE
1603421270799141867,"A Single Female Capsule, 5-min to Farrer Park MRT",680876971,Chris,FALSE,11,TRUE,Rochor,Central Region,1.30911,103.85525,Shared room in hotel,Shared room,1,1,1,1,48,1,365,29,59,89,364,0,0,,,,,,,,,,,0,0,11,FALSE,48,15,FALSE
1603438335919003268,"Window Male-Only Capsule, 5-min to Farrer Park MRT",680876971,Chris,FALSE,11,TRUE,Rochor,Central Region,1.309109,103.855251,Shared room in hotel,Shared room,1,1,1,1,48,1,365,29,59,89,364,0,0,,,,,,,,,,,0,0,11,FALSE,48,17,FALSE
1604151326456512662,1 Bedroom Apartment (Serviced Apartment),544341239,Cove,FALSE,11,TRUE,Singapore River,Central Region,1.29388,103.8423,Entire rental unit,Entire home/apt,3,1,1,2,298.33,6,60,27,57,87,88,1,1,28-02-2026,28-02-2026,5,5,5,5,5,5,5,0.25,12,3580,5,TRUE,99.44333333333333,9,FALSE
1604757868403731964,Heritage Collection on KG Studio Deluxe,23336011,Heritage,TRUE,82,TRUE,Rochor,Central Region,1.3020426,103.8612932,Room in hotel,Private room,2,1,1,1,155,2,89,20,37,59,327,0,0,,,,,,,,,,,0,0,71,FALSE,77.5,4,FALSE
1604847783603376888,Heritage Collection on KG Loft Single (Skylight),23336011,Heritage,TRUE,82,TRUE,Rochor,Central Region,1.3020426,103.8612932,Room in hotel,Private room,1,1,1,1,110,1,89,19,40,67,331,0,0,,,,,,,,,,,0,0,71,FALSE,110,4,FALSE
1604854366846668939,Heritage Collection on KG Loft (Skylight),23336011,Heritage,TRUE,82,TRUE,Rochor,Central Region,1.3020426,103.8612932,Room in hotel,Private room,2,1,1,1,115,1,89,22,52,82,357,5,5,28-02-2026,27-06-2026,5,5,5,5,5,5,5,1.23,30,3450,71,TRUE,57.5,5,FALSE
1604862203444571796,Heritage Collection on KG Studio (No Window),23336011,Heritage,TRUE,82,TRUE,Rochor,Central Region,1.3020426,103.8612932,Room in hotel,Private room,2,1,1,1,111.5,1,89,29,59,89,364,0,0,,,,,,,,,,,0,0,71,FALSE,55.75,5,FALSE
1604870589096291554,Heritage Collection on KG Next-to-the-Bar Studio,23336011,Heritage,TRUE,82,TRUE,Rochor,Central Region,1.3020426,103.8612932,Room in hotel,Private room,2,1,1,1,130,1,89,28,58,88,363,0,0,,,,,,,,,,,0,0,71,FALSE,65,5,FALSE
1604875133455906970,Hericoll on KG Next-to-the-Bar Studio (No Window),23336011,Heritage,TRUE,82,TRUE,Rochor,Central Region,1.3020426,103.8612932,Room in hotel,Private room,2,1,1,1,110,1,89,18,43,73,339,0,0,,,,,,,,,,,0,0,71,FALSE,55,5,FALSE
1605037332727309368,2 bedroom at Havelock Road,238891646,Neha,FALSE,131,TRUE,Bukit Merah,Central Region,1.28883,103.83071,Entire rental unit,Entire home/apt,4,3,2,2,415.2,30,365,28,49,79,345,0,0,,,,,,,,,,,0,0,131,FALSE,103.8,10,FALSE
1605550551698237683,Cozy Room near NTU,4267415,Nan,FALSE,2,TRUE,Jurong West,West Region,1.3392753294226858,103.69401137236846,Private room in rental unit,Private room,1,1,1,1,14.28,100,365,29,29,29,212,0,0,,,,,,,,,,,0,0,1,FALSE,14.28,7,FALSE
1606860684917033757,Spacious Rm for up to 4! @NUS & Haw Par MRT (401),1439258,K2Guesthouse,FALSE,44,TRUE,Queenstown,Central Region,1.28094,103.78731,Room in hotel,Private room,4,1,1,4,274,1,365,5,31,61,138,0,0,,,,,,,,,,,0,0,44,FALSE,68.5,26,FALSE
1612026021078249070,Tranquilic Getaway,83468243,Jolly,FALSE,1,TRUE,Bukit Merah,Central Region,1.2647137332762282,103.82316581904888,Private room in rental unit,Private room,2,1,1,2,36.87,92,365,29,59,89,180,0,0,,,,,,,,,,,0,0,1,FALSE,18.435,11,FALSE
1613705797058379624,"Private Cabin-Style with a Cozy, Hidden-Away Feel",1439258,K2Guesthouse,FALSE,44,TRUE,Queenstown,Central Region,1.2815,103.78679,Room in hotel,Private room,1,1,1,1,204.04,1,21,5,15,44,306,0,0,,,,,,,,,,,0,0,44,FALSE,204.04,19,FALSE
1616446810431066266,Simple Double Room - Quiet and tucked-away,1439258,K2Guesthouse,FALSE,44,TRUE,Queenstown,Central Region,1.28131,103.78541,Private room in guesthouse,Private room,2,1,1,2,242.2,1,21,10,40,70,333,0,0,,,,,,,,,,,0,0,44,FALSE,121.1,26,FALSE
1616490347533166155,Bright Ensuite Room with Private Balcony,1439258,K2Guesthouse,FALSE,44,TRUE,Queenstown,Central Region,1.27966,103.78598,Room in hotel,Private room,4,1,1,3,366.55,1,21,8,16,46,306,0,0,,,,,,,,,,,0,0,44,FALSE,91.6375,25,FALSE
1616547799943766631,Quiet Single Room with Private Shower (402),1439258,K2Guesthouse,FALSE,44,TRUE,Queenstown,Central Region,1.27963,103.78668,Room in hotel,Private room,1,0.5,1,3,215,1,21,16,46,76,345,0,0,,,,,,,,,,,0,0,44,FALSE,215,16,FALSE
1617275973873369856,Serene Master Bedroom | HundredTrees,300765938,Xacco,FALSE,149,TRUE,Clementi,West Region,1.3140673,103.7593232,Private room in rental unit,Private room,2,1,3,2,35.46,92,365,22,52,82,357,0,0,,,,,,,,,,,0,0,52,FALSE,17.73,3,FALSE
1617914302354276129,GreenNest@Hundred Trees,300765938,Xacco,FALSE,149,TRUE,Clementi,West Region,1.31295,103.7605,Entire rental unit,Entire home/apt,4,1,3,4,80.59,92,365,29,59,89,364,0,0,,,,,,,,,,,0,0,52,FALSE,20.1475,4,FALSE
1618035437060604708,Only for ladies/city area cozy room @Jurong  East,142727817,Yun,FALSE,3,TRUE,Jurong East,West Region,1.33628,103.7362,Private room in rental unit,Private room,2,1,1,2,22.44,92,366,29,59,89,364,0,0,,,,,,,,,,,0,0,2,FALSE,11.22,12,FALSE
1618254394248582541,Serviced Apartment at Botanic Gardens (SC-L3-304),732177708,Elijah,FALSE,6,TRUE,Tanglin,Central Region,1.32141,103.81409,Entire rental unit,Entire home/apt,6,3,3,3,466,6,365,9,22,52,287,2,2,23-03-2026,03-06-2026,5,5,5,5,5,5,5,0.61,24,11184,6,TRUE,77.66666666666667,36,FALSE
1620758914556399105,Spacious Rare Landed Ensuite Room @ East Coast,198970065,Jovan,FALSE,1,TRUE,Bedok,East Region,1.3159,103.90842,Private room in home,Private room,3,1,1,3,31.49,92,730,29,59,89,364,0,0,,,,,,,,,,,0,0,1,FALSE,10.496666666666666,4,FALSE
1620795324360772747,Bright & Airy Room near NUS & Sentosa (C),1439258,K2Guesthouse,FALSE,44,TRUE,Queenstown,Central Region,1.28119,103.78693,Private room in guesthouse,Private room,1,1,1,1,68.23,30,37,18,48,78,353,1,1,20-04-2026,20-04-2026,5,4,5,5,5,3,5,0.42,60,4094,44,TRUE,68.23,37,FALSE
1620818786337206904,Affordable Single Longterm Stay NUS & MRT (7),1439258,K2Guesthouse,FALSE,44,TRUE,Queenstown,Central Region,1.28115,103.78692,Private room in guesthouse,Private room,1,1,1,1,60.45,30,90,3,3,31,284,0,0,,,,,,,,,,,0,0,44,FALSE,60.45,34,FALSE
1621095060765650183,(New!) Single Large Bunk Bed (1.2m Single Double),735286004,City Backpackers - Hostel & Private Rooms,TRUE,7,TRUE,Singapore River,Central Region,1.2887420478825238,103.84684778327512,Shared room in bed and breakfast,Shared room,1,1,1,2,40,1,1125,29,59,89,364,36,36,19-02-2026,07-06-2026,4.61,4.64,4.5,4.61,4.67,4.72,4.53,8.24,216,8640,7,TRUE,40,17,FALSE
1623701809358620528,Private Estate: Steps to Kovan and Chomp Chomp,53570166,Lennard,FALSE,1,TRUE,Hougang,North-East Region,1.3684830778661403,103.88101764980478,Private room in home,Private room,1,1,1,1,21.65,92,365,29,59,89,364,0,0,,,,,,,,,,,0,0,1,FALSE,21.65,25,FALSE
1623783122242406950,Private bedroom near NUS,514965405,Addie,FALSE,1,TRUE,Clementi,West Region,1.3053437,103.7680191,Private room in rental unit,Private room,2,1,1,1,91,1,365,18,24,51,310,7,7,06-04-2026,05-06-2026,5,5,5,4.86,5,4.86,5,2.47,42,3822,1,TRUE,45.5,20,FALSE
1628815095202093148,Heritage Collection on Seah Loft (No window),23336011,Heritage,TRUE,82,TRUE,Downtown Core,Central Region,1.2959128,103.8550237,Private room in rental unit,Private room,2,1,1,1,190.5,1,365,20,50,80,351,3,3,19-04-2026,05-05-2026,5,5,5,5,5,5,5,1.25,18,3429,71,TRUE,95.25,13,FALSE
1628858984982704585,Hericoll KG Next-to-the-Bar Loft (Skylight),23336011,Heritage,TRUE,82,TRUE,Rochor,Central Region,1.3020426,103.8612932,Private room in rental unit,Private room,2,1,1,1,98,2,365,17,43,73,343,6,6,07-04-2026,23-06-2026,5,5,5,5,5,4.83,5,2.14,36,3528,71,TRUE,49,13,FALSE
1629444878120249002,Bloom 酒店公寓 大床studio,748341190,Jianming,FALSE,7,TRUE,Hougang,North-East Region,1.35278,103.87765,Entire serviced apartment,Entire home/apt,2,1,1,1,208,6,1125,21,51,81,352,1,1,01-04-2026,01-04-2026,5,4,5,5,5,4,3,0.33,12,2496,7,TRUE,104,35,FALSE
1629471340585613042,Bloom 酒店公寓 二室一厅,748341190,Jianming,FALSE,7,TRUE,Hougang,North-East Region,1.35465,103.87941,Entire serviced apartment,Entire home/apt,3,1,2,3,298,6,1125,12,42,72,345,3,3,11-04-2026,28-06-2026,4.33,3,5,5,5,5,3.5,1.13,36,10728,7,TRUE,99.33333333333333,33,FALSE
1629544389785204300,Bloom 酒店公寓 一室一厅,748341190,Jianming,FALSE,7,TRUE,Hougang,North-East Region,1.35291,103.87873,Entire serviced apartment,Entire home/apt,2,1,1,2,228,6,1125,23,51,81,353,3,3,31-03-2026,25-06-2026,4.67,5,5,5,5,5,4.5,0.99,36,8208,7,TRUE,114,35,FALSE
1629550608123471826,Bloom 酒店公寓 单人床studio,748341190,Jianming,FALSE,7,TRUE,Hougang,North-East Region,1.3538099,103.8784461,Entire serviced apartment,Entire home/apt,1,1,1,1,158.4,6,1125,11,41,71,343,0,0,,,,,,,,,,,0,0,7,FALSE,158.4,36,FALSE
1629556743769807659,Bloom 酒店公寓 双床studio,748341190,Jianming,FALSE,7,TRUE,Hougang,North-East Region,1.3538099,103.8784461,Entire serviced apartment,Entire home/apt,2,1,1,2,166.4,6,1125,13,40,70,340,0,0,,,,,,,,,,,0,0,7,FALSE,83.2,35,FALSE
1640220549607538148,1 Bedroom Apartment Deluxe,751126379,Allan,FALSE,1,TRUE,Outram,Central Region,1.27628,103.84208,Private room in serviced apartment,Private room,2,1,1,1,171.6,6,365,7,23,49,291,0,0,,,,,,,,,,,0,0,1,FALSE,85.8,8,FALSE
1647110678873424876,LIV Premier King Studio in Liv Residences Novena,68059127,Wei,TRUE,50,TRUE,Novena,Central Region,1.31725,103.84723,Entire rental unit,Entire home/apt,3,1,1,1,254.5,6,365,25,55,85,353,0,0,,,,,,,,,,,0,0,50,FALSE,84.83333333333333,37,FALSE
1649020265845365472,Bloom 酒店公寓 大二室一厅,748341190,Jianming,FALSE,7,TRUE,Hougang,North-East Region,1.352967642,103.8779891433654,Entire serviced apartment,Entire home/apt,3,1,2,2,328,6,1125,3,21,51,318,1,1,07-06-2026,07-06-2026,5,5,5,4,5,4,4,1,12,3936,7,TRUE,109.33333333333333,34,FALSE
1649678287629188857,Bloom 酒店公寓 三床套房,748341190,Jianming,FALSE,7,TRUE,Hougang,North-East Region,1.35313,103.87907,Entire condo,Entire home/apt,3,1,1,3,248,6,1125,7,21,40,290,0,0,,,,,,,,,,,0,0,7,FALSE,82.66666666666667,36,FALSE
1649840752622414747,Executive room with balcony,753548433,,,,,Outram,Central Region,1.28077,103.84541,Room in hotel,Private room,2,1,1,2,310,1,731,26,55,85,176,0,0,,,,,,,,,,,0,0,1,FALSE,155,20,FALSE
1651763487975052523,丹拉美拉地铁口最美公寓房,754039486,Coco,FALSE,1,TRUE,Bedok,East Region,1.32983,103.94486,Private room in rental unit,Private room,2,1,1,1,146.5,2,365,29,49,74,338,1,1,22-04-2026,22-04-2026,5,5,5,5,5,5,5,0.43,6,879,1,TRUE,73.25,19,FALSE
1652518462967552376,[Clarke Quay MRT] 6-Bed Private Family Room,735286004,City Backpackers - Hostel & Private Rooms,TRUE,7,TRUE,Singapore River,Central Region,1.28832,103.84647,Private room in rental unit,Private room,6,4,1,6,240,1,1125,10,22,50,311,0,0,,,,,,,,,,,0,0,7,FALSE,40,20,FALSE
1652862504749036550,Park view suite,750776921,,,,,Museum,Central Region,1.29597,103.84547,Room in hotel,Private room,2,1,1,2,414,1,731,28,58,83,349,0,0,,,,,,,,,,,0,0,1,FALSE,207,24,FALSE
1653462364236692434,Luxury Double Room @ iNN at Temple St by Q Loft,753712235,Zach,FALSE,4,TRUE,Outram,Central Region,1.28441,103.84423,Room in hotel,Private room,3,1,1,1,145,1,99,29,59,89,363,0,0,,,,,,,,,,,0,0,4,FALSE,48.333333333333336,10,FALSE
1653466623759823975,Cozy Single Room @i NN at Temple St by Q Loft,753712235,Zach,FALSE,4,TRUE,Outram,Central Region,1.28208,103.84319,Room in hotel,Private room,1,1,1,1,187,1,99,24,54,84,358,0,0,,,,,,,,,,,0,0,4,FALSE,187,10,FALSE
1653467969999987762,Cozy Triple Room @ iNN at Temple St by Q Loft,753712235,Zach,FALSE,4,TRUE,Outram,Central Region,1.28236,103.84472,Room in hotel,Private room,4,1,1,2,269,1,99,19,45,73,337,0,0,,,,,,,,,,,0,0,4,FALSE,67.25,9,FALSE
1655204872752750356,Single Bed in Female Shared Room,754950767,禾觅,FALSE,5,TRUE,Novena,Central Region,1.3252599,103.8499676,Shared room in hotel,Shared room,1,1,1,1,91,1,1125,29,59,89,361,2,2,20-04-2026,15-05-2026,5,5,5,4.5,5,5,4.5,0.85,12,1092,5,TRUE,91,15,FALSE
1655550367434724140,Premier King Studio Room in Liv Residences Novena,24496358,Katherine,TRUE,53,TRUE,Novena,Central Region,1.317352422321143,103.84746148324017,Entire rental unit,Entire home/apt,3,1,1,1,254.17,6,365,20,50,80,355,0,0,,,,,,,,,,,0,0,53,FALSE,84.72333333333333,43,FALSE
1655905047814970095,Single Bed in Male Shared Room,754950767,禾觅,FALSE,5,TRUE,Novena,Central Region,1.325739047369917,103.84898021116685,Shared room in hotel,Shared room,1,1,1,1,68.8,1,1125,29,59,89,363,0,0,,,,,,,,,,,0,0,5,FALSE,68.8,16,FALSE
1658079969610064054,"Twin room,  Two single bed - Room",754950767,禾觅,FALSE,5,TRUE,Novena,Central Region,1.32468,103.8508,Room in hotel,Private room,2,1,1,1,110.4,1,1125,29,59,89,359,0,0,,,,,,,,,,,0,0,5,FALSE,55.2,13,FALSE
1658081889228152590,"Triple room, Three single bed- Room",754950767,禾觅,FALSE,5,TRUE,Novena,Central Region,1.32631,103.84919,Room in hotel,Private room,3,1,1,3,250.4,1,1125,28,58,88,359,1,1,31-05-2026,31-05-2026,5,5,5,5,5,5,5,1,6,1502,5,TRUE,83.46666666666667,20,FALSE
1658085930556712053,"Quad room, Four single bed - Room",754950767,禾觅,FALSE,5,TRUE,Novena,Central Region,1.3260293920455897,103.84911916968298,Room in hotel,Private room,4,1,1,8,388.8,1,1125,29,59,89,359,0,0,,,,,,,,,,,0,0,5,FALSE,97.2,19,FALSE
1660638949537378356,"Single Capsule in 8-Pax Female, opposite Bugis MRT",735971860,Pinky,FALSE,14,TRUE,Rochor,Central Region,1.30171,103.85438,Shared room in hostel,Shared room,1,1,1,1,54.4,1,365,28,52,74,331,0,0,,,,,,,,,,,0,0,14,FALSE,54.4,12,FALSE
1660656962283392614,"A Single Capsule in 8-Pax Male, opposite Bugis MRT",735971860,Pinky,FALSE,14,TRUE,Downtown Core,Central Region,1.30136,103.85658,Shared room in hostel,Shared room,1,1,1,1,64,1,365,27,56,78,341,1,1,20-05-2026,20-05-2026,5,5,5,5,5,5,4,0.73,6,384,14,TRUE,64,11,FALSE
1661955554868560343,Stylish 1-Bedroom Living Steps from 6th Ave MRT,12569371,Nigel,FALSE,2,TRUE,Bukit Timah,Central Region,1.32969,103.79702,Entire rental unit,Entire home/apt,2,1,1,1,190.41,7,365,0,0,0,108,0,0,,,,,,,,,,,0,0,2,FALSE,95.205,8,FALSE
1662824629633788882,Deluxe King Studio Room in Liv Residences Novena,24496358,Katherine,TRUE,53,TRUE,Novena,Central Region,1.3190199695976044,103.8468223655249,Entire rental unit,Entire home/apt,3,1,1,1,274,6,365,7,36,66,341,0,0,,,,,,,,,,,0,0,53,FALSE,91.33333333333333,39,FALSE
1663386674212732173,[City Centre] 12-Bed Private Family & Group Room,735286004,City Backpackers - Hostel & Private Rooms,TRUE,7,TRUE,Singapore River,Central Region,1.28698,103.84778,Private room in hostel,Private room,12,1,1,12,324,1,1125,19,40,66,320,2,2,22-04-2026,15-05-2026,5,5,5,5,5,5,5,0.87,12,3888,7,TRUE,27,22,FALSE
1664416292408971289,Downtown! 4-Bed Private Room for Family & Groups,735286004,City Backpackers - Hostel & Private Rooms,TRUE,7,TRUE,Singapore River,Central Region,1.2882,103.84639,Private room in hostel,Private room,4,4,1,4,266,1,1125,9,27,57,319,0,0,,,,,,,,,,,0,0,7,FALSE,66.5,16,FALSE
1664838628306144866,Co Living Standard Room - New!,730145730,Jc,FALSE,6,TRUE,Hougang,North-East Region,1.3527923437146732,103.87778723196472,Private room in rental unit,Private room,2,1,1,1,114.12,6,90,29,59,89,261,0,0,,,,,,,,,,,0,0,6,FALSE,57.06,27,FALSE
1664875494206910165,Co-Living Superior Room - New!,730145730,Jc,FALSE,6,TRUE,Serangoon,North-East Region,1.35273,103.87597,Private room in rental unit,Private room,2,1,1,1,124.01,6,90,8,38,68,159,0,0,,,,,,,,,,,0,0,6,FALSE,62.005,29,FALSE
1665651126119907704,"Triple Ensuite Room, Movie Screen, Bugis MRT",735971860,Pinky,FALSE,14,TRUE,Rochor,Central Region,1.3006027,103.8555642,Private room in hostel,Private room,3,1,1,2,199,1,365,25,55,85,360,1,1,02-06-2026,02-06-2026,4,3,5,5,3,5,4,1,6,1194,14,TRUE,66.33333333333333,12,FALSE
1665713823442366077,Deluxe Room - Co Living (Twin / Queen) - New!,730145730,Jc,FALSE,6,TRUE,Hougang,North-East Region,1.352802553,103.87769920052978,Private room in rental unit,Private room,2,1,1,1,134.02,6,90,29,59,89,180,0,0,,,,,,,,,,,0,0,6,FALSE,67.01,27,FALSE
1665727901335885126,Premium Room - Co Living - New!,730145730,Jc,FALSE,6,TRUE,Serangoon,North-East Region,1.3544077906912524,103.87742479125134,Private room in rental unit,Private room,2,1,1,1,144.83,6,90,29,59,89,270,0,0,,,,,,,,,,,0,0,6,FALSE,72.415,27,FALSE
1667024853476027945,Six Haven Home,734129760,Dora,FALSE,4,TRUE,Downtown Core,Central Region,1.2965031,103.855286,Room in hotel,Private room,6,1,2,2,312,1,1125,8,31,54,218,11,11,05-05-2026,15-06-2026,4.82,4.73,4.82,4.82,4.73,5,4.73,5.89,66,20592,4,TRUE,52,15,FALSE
1668695221577408390,Heart of City Studio Apt/WIFI-Somerset/OrchardArea,46685310,Yyin,FALSE,71,TRUE,River Valley,Central Region,1.29433,103.83785,Entire rental unit,Entire home/apt,3,1,1,1,299.24,29,365,5,35,65,326,0,0,,,,,,,,,,,0,0,71,FALSE,99.74666666666667,21,FALSE
1668695235590825899,Central Cozy 2QB Room/WIFI @ Somerset/Orchard Area,46685310,Yyin,FALSE,71,TRUE,River Valley,Central Region,1.29438,103.83923,Private room in rental unit,Private room,4,1,1,2,103.71,29,365,0,30,60,311,0,0,,,,,,,,,,,0,0,71,FALSE,25.9275,17,FALSE
1668695909757376326,City Cozy 2 Rooms Apt/WIFI @ Somerset/Orchard Area,10248444,Recr,FALSE,64,TRUE,River Valley,Central Region,1.29609,103.83836,Entire rental unit,Entire home/apt,4,2,2,2,170.53,28,365,0,8,38,291,0,0,,,,,,,,,,,0,0,64,FALSE,42.6325,21,FALSE
1668695923679632608,City Central Studio Apt/WIFI-Somerset/Orchard Area,10248444,Recr,FALSE,64,TRUE,River Valley,Central Region,1.29424,103.83864,Entire rental unit,Entire home/apt,3,1,1,1,127.24,28,365,0,9,39,299,1,1,13-06-2026,13-06-2026,5,5,4,5,5,5,5,1,56,7125,64,TRUE,42.413333333333334,21,FALSE
1668704830941271048,City Central 2QB Room/WIFI @ Somerset/Orchard Area,109333133,Pat,FALSE,73,TRUE,River Valley,Central Region,1.2942,103.83856,Private room in rental unit,Private room,4,1,1,2,341.83,29,365,0,30,60,317,0,0,,,,,,,,,,,0,0,73,FALSE,85.4575,17,FALSE
1668704868436027166,Centrally Located Studio Apt-Somerset/Orchard Area,109333133,Pat,FALSE,73,TRUE,River Valley,Central Region,1.29631,103.83843,Entire rental unit,Entire home/apt,3,1,1,1,404.38,29,365,0,12,42,304,0,0,,,,,,,,,,,0,0,73,FALSE,134.79333333333332,21,FALSE
1674330194753851649,City Cozy 2 Rooms Apt/WIFI @ Somerset/Orchard Area,46685310,Yyin,FALSE,71,TRUE,River Valley,Central Region,1.29428,103.83944,Entire rental unit,Entire home/apt,4,2,2,2,168.9,29,365,0,0,26,277,0,0,,,,,,,,,,,0,0,71,FALSE,42.225,21,FALSE
1675112657924647281,裕廊东地铁站附近超大舒适安静房间 近商场CBD,711330825,Beiting,FALSE,3,TRUE,Jurong East,West Region,1.3369679,103.7433629,Private room in rental unit,Private room,1,1,1,1,33,1,365,1,1,1,173,0,0,,,,,,,,,,,0,0,3,FALSE,33,5,FALSE
1675861355047671580,近裕廊东地铁站商场房间 舒适安静环境,711330825,Beiting,FALSE,3,TRUE,Jurong East,West Region,1.337177,103.741959,Private room in rental unit,Private room,1,1,1,1,27,1,365,19,21,21,255,4,4,24-05-2026,21-06-2026,4.25,4.5,3.75,4.5,4.75,4.5,4.25,3.24,24,648,3,TRUE,27,6,FALSE
1678808130493321930,"Twin Bunk Bed for 2 guests, next to Bugis MRT",735971860,Pinky,FALSE,14,TRUE,Downtown Core,Central Region,1.30188,103.85619,Private room in hostel,Private room,2,1,1,2,102.4,1,365,28,56,86,361,0,0,,,,,,,,,,,0,0,14,FALSE,51.2,14,FALSE
1679321633918197757,Serviced Apt Coliving Room near Botanic Gardens,732177708,Elijah,FALSE,6,TRUE,Tanglin,Central Region,1.3222639,103.8136485,Private room in rental unit,Private room,1,1,1,1,171.33,6,365,25,55,85,360,0,0,,,,,,,,,,,0,0,6,FALSE,171.33,12,FALSE
1679488887663697526,"Standard Room for 2 guests, opposite Bugis MRT",735971860,Pinky,FALSE,14,TRUE,Rochor,Central Region,1.30191,103.85445,Private room in hostel,Private room,2,1,1,1,96,1,365,20,50,78,345,0,0,,,,,,,,,,,0,0,14,FALSE,48,14,FALSE
1683346474792748210,One bedroom apartment at Havelock road,238891646,Neha,FALSE,131,TRUE,Bukit Merah,Central Region,1.2889,103.83227,Entire rental unit,Entire home/apt,4,2,1,2,433.67,6,365,28,58,88,363,0,0,,,,,,,,,,,0,0,131,FALSE,108.4175,11,FALSE
1686012342539342454,Pristine 3 Bedroom Apartment Serangoon - Mber,730145730,Jc,FALSE,6,TRUE,Hougang,North-East Region,1.3545,103.87756,Entire rental unit,Entire home/apt,6,3,3,3,365.18,14,60,11,29,59,334,0,0,,,,,,,,,,,0,0,6,FALSE,60.86333333333334,13,FALSE
1686056340197239369,玉兰,528203435,Qingxia,FALSE,4,TRUE,Choa Chu Kang,West Region,1.3871849,103.743448,Private room in rental unit,Private room,2,2,1,1,71.38,15,365,28,58,88,363,0,0,,,,,,,,,,,0,0,4,FALSE,35.69,6,FALSE
1686733206629062593,Nice cosy highflr  2br condo 3min to Redhill mrt.,24347889,Benny,FALSE,1,TRUE,Bukit Merah,Central Region,1.2908181681848865,103.81774192733252,Entire rental unit,Entire home/apt,4,2,2,2,337.2,5,43,1,1,1,85,0,0,,,,,,,,,,,0,0,1,FALSE,84.3,11,FALSE
1689710454014718953,Common room at Woodlands street 11,40006755,WiniQueen,FALSE,1,TRUE,Woodlands,North Region,1.4330349,103.7766123,Private room in rental unit,Private room,4,1,2,1,92,1,365,1,1,1,178,0,0,,,,,,,,,,,0,0,1,FALSE,23,6,FALSE
1691615421519822872,裕廊东商业区 地铁站附近温馨舒适安静房间,711330825,Beiting,FALSE,3,TRUE,Jurong East,West Region,1.33765,103.7424,Private room in rental unit,Private room,1,1,1,1,30,1,365,14,14,14,14,0,0,,,,,,,,,,,0,0,3,FALSE,30,5,FALSE
1694221504544701899,3 Bedroom apartment near MRT,238891646,Neha,FALSE,131,TRUE,Bukit Merah,Central Region,1.2909,103.831,Entire rental unit,Entire home/apt,7,3,3,4,913,6,365,28,58,88,356,0,0,,,,,,,,,,,0,0,131,FALSE,130.42857142857142,20,FALSE
1695351616783592248,Convenient Stay Near Haw Par Villa MRT (A),1439258,K2Guesthouse,FALSE,44,TRUE,Queenstown,Central Region,1.281362304,103.78668934217846,Private room in rental unit,Private room,1,1,1,1,67.5,30,37,4,4,17,292,0,0,,,,,,,,,,,0,0,44,FALSE,67.5,37,FALSE
1695366732701509754,"A Single Rom- Easy Access to NUS, MRT & City (B)",1439258,K2Guesthouse,FALSE,44,TRUE,Queenstown,Central Region,1.27969,103.78734,Private room in rental unit,Private room,1,1,1,1,64.28,30,37,28,35,35,178,0,0,,,,,,,,,,,0,0,44,FALSE,64.28,37,FALSE
1705224086935055648,City Center Hotel Connecting Room Chinatown Sg 2,2676835,Hsoloscargo Residentcubes,FALSE,203,TRUE,Singapore River,Central Region,1.2876,103.84526,Room in hotel,Private room,6,1,1,4,919,1,365,26,55,85,86,0,0,,,,,,,,,,,0,0,35,FALSE,153.16666666666666,10,FALSE
1706049774301695338,Riverside Hotel Singapore Connecting Suite 2,2676835,Hsoloscargo Residentcubes,FALSE,203,TRUE,Outram,Central Region,1.286900133460133,103.83529661198428,Room in hotel,Private room,6,1,1,4,949,1,365,26,56,86,87,0,0,,,,,,,,,,,0,0,35,FALSE,158.16666666666666,10,FALSE
1706907426644459511,Residence Suite in a Restored Heritage House,1706906098815333930,Mosaico House | Singapore,FALSE,15,TRUE,Outram,Central Region,1.280477524559698,103.8454483085983,Room in hotel,Private room,2,1,1,1,218.16,1,365,0,27,57,332,0,0,,,,,,,,,,,0,0,14,FALSE,109.08,27,FALSE
1710200387154775651,Heritage Twin Room in a Restored Heritage House,1706906098815333930,Mosaico House | Singapore,FALSE,15,TRUE,Outram,Central Region,1.2807135,103.8453893,Room in hotel,Private room,2,1,1,2,144,1,365,0,27,57,332,0,0,,,,,,,,,,,0,0,14,FALSE,72,25,FALSE
1710217322520842323,Heritage Queen Room in a Restored Heritage House,1706906098815333930,Mosaico House | Singapore,FALSE,15,TRUE,Outram,Central Region,1.28071,103.84539,Room in hotel,Private room,2,1,1,1,144,1,365,0,27,57,332,0,0,,,,,,,,,,,0,0,14,FALSE,72,25,FALSE
1710223393982141743,Heritage King Room in a Restored Heritage House,1706906098815333930,Mosaico House | Singapore,FALSE,15,TRUE,Outram,Central Region,1.2807135,103.8453893,Room in hotel,Private room,2,1,1,1,178,1,365,0,27,57,330,0,0,,,,,,,,,,,0,0,14,FALSE,89,25,FALSE
1710233116365661996,Heritage Twin Room with Bathtub in Heritage House,1706906098815333930,Mosaico House | Singapore,FALSE,15,TRUE,Outram,Central Region,1.2807135,103.8453893,Room in hotel,Private room,2,1,1,2,143.28,1,365,0,27,57,332,0,0,,,,,,,,,,,0,0,14,FALSE,71.64,26,FALSE
1710243230968471825,Heritage King Room with Bathtub in Heritage House,1706906098815333930,Mosaico House | Singapore,FALSE,15,TRUE,Outram,Central Region,1.2807135,103.8453893,Room in hotel,Private room,2,1,1,1,149.04,1,365,0,27,57,332,0,0,,,,,,,,,,,0,0,14,FALSE,74.52,26,FALSE
1710248829582712470,Merchant Twin Room in a Restored Heritage House,1706906098815333930,Mosaico House | Singapore,FALSE,15,TRUE,Outram,Central Region,1.2807135,103.8453893,Room in hotel,Private room,2,1,1,2,139.68,1,365,0,27,57,332,0,0,,,,,,,,,,,0,0,14,FALSE,69.84,25,FALSE
1710255878191691057,Merchant Queen Room in a Restored Heritage House,1706906098815333930,Mosaico House | Singapore,FALSE,15,TRUE,Outram,Central Region,1.2807135,103.8453893,Room in hotel,Private room,2,1,1,1,139.68,1,365,0,27,57,332,0,0,,,,,,,,,,,0,0,14,FALSE,69.84,25,FALSE
1710264983556360555,Merchant King Room in a Restored Heritage House,1706906098815333930,Mosaico House | Singapore,FALSE,15,TRUE,Outram,Central Region,1.2807135,103.8453893,Room in hotel,Private room,2,1,1,1,145.44,1,365,0,27,57,332,0,0,,,,,,,,,,,0,0,14,FALSE,72.72,25,FALSE
1710272846609411039,Merchant King Room with Bathtub in Heritage House,1706906098815333930,Mosaico House | Singapore,FALSE,15,TRUE,Outram,Central Region,1.2807135,103.8453893,Room in hotel,Private room,2,1,1,1,160.56,1,365,0,27,57,332,0,0,,,,,,,,,,,0,0,14,FALSE,80.28,26,FALSE
1710972939136868601,Verandah Petite Balcony Room in a Heritage House,1706906098815333930,Mosaico House | Singapore,FALSE,15,TRUE,Outram,Central Region,1.2807135,103.8453893,Room in hotel,Private room,2,1,1,1,145.44,1,365,0,27,57,332,0,0,,,,,,,,,,,0,0,14,FALSE,72.72,25,FALSE
1711010251922019609,Verandah Terrace Room in a Restored Heritage House,1706906098815333930,Mosaico House | Singapore,FALSE,15,TRUE,Outram,Central Region,1.2807135,103.8453893,Room in hotel,Private room,2,1,1,1,169.92,1,365,0,27,57,332,0,0,,,,,,,,,,,0,0,14,FALSE,84.96,25,FALSE
1711027355184000217,Verandah Junior Suite in a Restored Heritage House,1706906098815333930,Mosaico House | Singapore,FALSE,15,TRUE,Outram,Central Region,1.2807135,103.8453893,Room in hotel,Private room,2,1,1,1,182.16,1,365,0,27,57,332,0,0,,,,,,,,,,,0,0,14,FALSE,91.08,25,FALSE
1711228023592695662,Panorama Suite in a Restored Heritage House,1706906098815333930,Mosaico House | Singapore,FALSE,15,TRUE,Outram,Central Region,1.2807135,103.8453893,Room in hotel,Private room,2,1,1,1,218.16,1,365,0,27,57,332,0,0,,,,,,,,,,,0,0,14,FALSE,109.08,27,FALSE
1711612902494045555,Cosy Room Central Female only,158041907,Jj,FALSE,1,TRUE,Kallang,Central Region,1.326544963686172,103.86607948690651,Private room in rental unit,Private room,1,2,1,1,107.73,1,20,28,51,55,55,0,0,,,,,,,,,,,0,0,1,FALSE,107.73,19,FALSE
1712320668769807976,3 Bedroom aprtment near MRT,238891646,Neha,FALSE,131,TRUE,Bukit Merah,Central Region,1.2899,103.83143,Entire rental unit,Entire home/apt,6,3,3,3,934.5,6,365,28,58,88,363,0,0,,,,,,,,,,,0,0,131,FALSE,155.75,20,FALSE
1712326596739619101,2 Bedroom apartment at the Center of the city,238891646,Neha,FALSE,131,TRUE,Bukit Merah,Central Region,1.29108,103.83071,Entire rental unit,Entire home/apt,4,3,2,2,658.67,6,365,28,58,88,363,0,0,,,,,,,,,,,0,0,131,FALSE,164.6675,10,FALSE
1713625446283432986,"Loft Twin Room for 2 Guests, right at Bugis MRT",735971860,Pinky,FALSE,14,TRUE,Rochor,Central Region,1.300719,103.855504,Private room in hostel,Private room,2,1,1,2,102.4,1,365,28,58,88,363,0,0,,,,,,,,,,,0,0,14,FALSE,51.2,11,FALSE
1716722756663260064,Short Term Stay,744283203,Ajies,FALSE,2,TRUE,Jurong West,West Region,1.3483465,103.6961221,Private room in rental unit,Private room,1,1,1,1,51.67,3,30,26,56,86,361,0,0,,,,,,,,,,,0,0,1,FALSE,51.67,6,FALSE
1716744066210561744,Twin Standard Room @Covenient Farrer Hotel SG​,2676835,Hsoloscargo Residentcubes,FALSE,203,TRUE,Kallang,Central Region,1.3102778,103.8566667,Room in hotel,Private room,2,1,1,2,108.43,7,365,26,56,86,177,0,0,,,,,,,,,,,0,0,35,FALSE,54.215,7,FALSE
1716780295103411147,Double Sized bed @Covenient Farrer Hotel SG​,2676835,Hsoloscargo Residentcubes,FALSE,203,TRUE,Kallang,Central Region,1.31028,103.85667,Room in hotel,Private room,2,1,1,1,108.43,1,365,26,56,86,177,0,0,,,,,,,,,,,0,0,35,FALSE,54.215,7,FALSE
1716864183173166040,Standard Double or Twin Room @ Rochor Hotel​,2676835,Hsoloscargo Residentcubes,FALSE,203,TRUE,Rochor,Central Region,1.309179,103.8531705,Room in hotel,Private room,2,1,1,1,147.29,1,365,27,57,87,178,0,0,,,,,,,,,,,0,0,35,FALSE,73.645,10,FALSE
1716877869359547646,Triple Room 3 Beds @ Rochor Hotel SG​,2676835,Hsoloscargo Residentcubes,FALSE,203,TRUE,Rochor,Central Region,1.309179,103.8531705,Room in hotel,Private room,3,1,1,3,199.71,1,365,27,57,87,178,0,0,,,,,,,,,,,0,0,35,FALSE,66.57000000000001,10,FALSE
